spec.name.ORIG,Matched,Fuzzy,scientificName,taxonRank,family,genus,specificEpithet,Old.status,spec.name.new
16 Species Weeds,FALSE,FALSE,NA,NA,NA,NA,NA,,NA NA
Acer negundo,TRUE,FALSE,Acer negundo,species,Sapindaceae,Acer,negundo,,Acer negundo
Acer rubrum,TRUE,FALSE,Acer rubrum,species,Sapindaceae,Acer,rubrum,,Acer rubrum
Acer sp.,TRUE,FALSE,Acer,genus,Sapindaceae,Acer,sp.,,Acer sp.
Achillea millefolium(lanulosa),TRUE,FALSE,Achillea millefolium,species,Asteraceae,Achillea,millefolium,,Achillea millefolium
Achillea sp.,TRUE,FALSE,Achillea,genus,Asteraceae,Achillea,sp.,,Achillea sp.
Agastache foeniculum,TRUE,FALSE,Agastache foeniculum,species,Lamiaceae,Agastache,foeniculum,,Agastache foeniculum
Agrimonia sp.,TRUE,FALSE,Agrimonia,genus,Rosaceae,Agrimonia,sp.,,Agrimonia sp.
Agropyron repens,TRUE,FALSE,Elymus repens,species,Poaceae,Elymus,repens,Synonym,Elymus repens
Agropyron smithii,TRUE,FALSE,Elymus smithii,species,Poaceae,Elymus,smithii,Synonym,Elymus smithii
Agrostis alba,TRUE,FALSE,Poa nemoralis,species,Poaceae,Poa,nemoralis,Synonym,Poa nemoralis
Agrostis scabra,TRUE,FALSE,Agrostis scabra,species,Poaceae,Agrostis,scabra,,Agrostis scabra
Agrostis sp.,TRUE,FALSE,Agrostis,genus,Poaceae,Agrostis,sp.,,Agrostis sp.
Allium cernuum,TRUE,FALSE,Allium cernuum,species,Amaryllidaceae,Allium,cernuum,,Allium cernuum
Allium sp.,TRUE,FALSE,Allium,genus,Amaryllidaceae,Allium,sp.,,Allium sp.
Allium stellatum,TRUE,FALSE,Allium stellatum,species,Amaryllidaceae,Allium,stellatum,,Allium stellatum
Alnus incana,TRUE,FALSE,Alnus incana,species,Betulaceae,Alnus,incana,,Alnus incana
Alnus rugosa,TRUE,FALSE,Alnus incana  subsp. rugosa,subspecies,Betulaceae,Alnus,incana,Synonym,Alnus incana
Amaranthus retroflexus,TRUE,FALSE,Amaranthus retroflexus,species,Amaranthaceae,Amaranthus,retroflexus,,Amaranthus retroflexus
Ambrosia artemisiifolia elatior,TRUE,TRUE,Ambrosia artemisiifolia,species,Asteraceae,Ambrosia,artemisiifolia,,Ambrosia artemisiifolia
Ambrosia coronopifolia,TRUE,FALSE,Ambrosia psilostachya,species,Asteraceae,Ambrosia,psilostachya,Synonym,Ambrosia psilostachya
Amelanchier alnifolia,TRUE,FALSE,Amelanchier alnifolia,species,Rosaceae,Amelanchier,alnifolia,,Amelanchier alnifolia
Amelanchier arborea,TRUE,FALSE,Amelanchier arborea,species,Rosaceae,Amelanchier,arborea,,Amelanchier arborea
Amelanchier humilis,TRUE,FALSE,Amelanchier humilis,species,Rosaceae,Amelanchier,humilis,,Amelanchier humilis
Amelanchier intermedia,TRUE,FALSE,Amelanchier intermedia,species,Rosaceae,Amelanchier,intermedia,,Amelanchier intermedia
Amelanchier laevis,TRUE,FALSE,Amelanchier laevis,species,Rosaceae,Amelanchier,laevis,,Amelanchier laevis
Amelanchier sanguinea,TRUE,FALSE,Amelanchier sanguinea,species,Rosaceae,Amelanchier,sanguinea,,Amelanchier sanguinea
Amelanchier sp.,TRUE,FALSE,Amelanchier,genus,Rosaceae,Amelanchier,sp.,,Amelanchier sp.
Amorpha canescens,TRUE,FALSE,Amorpha canescens,species,Fabaceae,Amorpha,canescens,,Amorpha canescens
Amphicarpa bracteata,TRUE,FALSE,Amphicarpa bracteata,species,Fabaceae,Amphicarpa,bracteata,,Amphicarpa bracteata
Andropogon gerardi,TRUE,TRUE,Andropogon gerardii,species,Poaceae,Andropogon,gerardii,,Andropogon gerardii
Anemone cylindrica,TRUE,FALSE,Anemone cylindrica,species,Ranunculaceae,Anemone,cylindrica,,Anemone cylindrica
Anemone patens,TRUE,FALSE,Pulsatilla patens,species,Ranunculaceae,Pulsatilla,patens,Synonym,Pulsatilla patens
Anemone quinquefolia,TRUE,FALSE,Anemone quinquefolia,species,Ranunculaceae,Anemone,quinquefolia,,Anemone quinquefolia
Anemone virginiana,TRUE,FALSE,Anemone virginiana,species,Ranunculaceae,Anemone,virginiana,,Anemone virginiana
Annuals,FALSE,FALSE,NA,NA,NA,NA,NA,,NA NA
Antennaria fallax,TRUE,FALSE,Antennaria parlinii  subsp. fallax,subspecies,Asteraceae,Antennaria,parlinii,Synonym,Antennaria parlinii
Antennaria neglecta,TRUE,FALSE,Antennaria neglecta,species,Asteraceae,Antennaria,neglecta,,Antennaria neglecta
Antennaria plantaginifolia,TRUE,FALSE,Antennaria plantaginifolia,species,Asteraceae,Antennaria,plantaginifolia,,Antennaria plantaginifolia
Antennaria sp.,TRUE,FALSE,Antennaria,genus,Asteraceae,Antennaria,sp.,,Antennaria sp.
Apocynum androsaemifolium,TRUE,FALSE,Apocynum androsaemifolium,species,Apocynaceae,Apocynum,androsaemifolium,,Apocynum androsaemifolium
Apocynum cannabinum,TRUE,FALSE,Apocynum cannabinum,species,Apocynaceae,Apocynum,cannabinum,,Apocynum cannabinum
Apocynum sibiricum,TRUE,FALSE,Apocynum cannabinum,species,Apocynaceae,Apocynum,cannabinum,Synonym,Apocynum cannabinum
Apocynum sp.,TRUE,FALSE,Apocynum,genus,Apocynaceae,Apocynum,sp.,,Apocynum sp.
Aquilegia canadensis,TRUE,FALSE,Aquilegia canadensis,species,Ranunculaceae,Aquilegia,canadensis,,Aquilegia canadensis
Arabis divaricarpa,TRUE,FALSE,Boechera divaricarpa,species,Brassicaceae,Boechera,divaricarpa,Synonym,Boechera divaricarpa
Arabis glabra,TRUE,FALSE,Turritis glabra,species,Brassicaceae,Turritis,glabra,Synonym,Turritis glabra
Arabis hirsuta,TRUE,FALSE,Arabis hirsuta,species,Brassicaceae,Arabis,hirsuta,,Arabis hirsuta
Arabis sp.,TRUE,FALSE,Arabis,genus,Brassicaceae,Arabis,sp.,,Arabis sp.
Aralia nudicaulis,TRUE,FALSE,Aralia nudicaulis,species,Araliaceae,Aralia,nudicaulis,,Aralia nudicaulis
Arenaria lateriflora,TRUE,FALSE,Moehringia lateriflora,species,Caryophyllaceae,Moehringia,lateriflora,Synonym,Moehringia lateriflora
Aristida basiramea,TRUE,FALSE,Aristida basiramea,species,Poaceae,Aristida,basiramea,,Aristida basiramea
Aristida sp.,TRUE,FALSE,Aristida,genus,Poaceae,Aristida,sp.,,Aristida sp.
Aristida tuberculosa,TRUE,FALSE,Aristida tuberculosa,species,Poaceae,Aristida,tuberculosa,,Aristida tuberculosa
Aronia melanocarpa,TRUE,FALSE,Aronia melanocarpa,species,Rosaceae,Aronia,melanocarpa,,Aronia melanocarpa
Artemisia (caudata) campestris,TRUE,FALSE,Artemisia,genus,Asteraceae,Artemisia,sp.,,Artemisia sp.
Artemisia ludoviciana,TRUE,FALSE,Artemisia ludoviciana,species,Asteraceae,Artemisia,ludoviciana,,Artemisia ludoviciana
Artemisia sp.,TRUE,FALSE,Artemisia,genus,Asteraceae,Artemisia,sp.,,Artemisia sp.
Asclepias exaltata,TRUE,FALSE,Asclepias exaltata,species,Apocynaceae,Asclepias,exaltata,,Asclepias exaltata
Asclepias incarnata,TRUE,FALSE,Asclepias incarnata,species,Apocynaceae,Asclepias,incarnata,,Asclepias incarnata
Asclepias ovalifolia,TRUE,FALSE,Asclepias ovalifolia,species,Apocynaceae,Asclepias,ovalifolia,,Asclepias ovalifolia
Asclepias sp.,TRUE,FALSE,Asclepias,genus,Apocynaceae,Asclepias,sp.,,Asclepias sp.
Asclepias syriaca,TRUE,FALSE,Asclepias syriaca,species,Apocynaceae,Asclepias,syriaca,,Asclepias syriaca
Asclepias tuberosa,TRUE,FALSE,Asclepias tuberosa,species,Apocynaceae,Asclepias,tuberosa,,Asclepias tuberosa
Asclepias verticillata,TRUE,FALSE,Asclepias verticillata,species,Apocynaceae,Asclepias,verticillata,,Asclepias verticillata
Asclepias viridiflora,TRUE,FALSE,Asclepias viridiflora,species,Apocynaceae,Asclepias,viridiflora,,Asclepias viridiflora
Asparagus officinalis,TRUE,FALSE,Asparagus officinalis,species,Asparagaceae,Asparagus,officinalis,,Asparagus officinalis
Aster azureus,TRUE,FALSE,Symphyotrichum oolentangiense,species,Asteraceae,Symphyotrichum,oolentangiense,Synonym,Symphyotrichum oolentangiense
Aster ericoides,TRUE,FALSE,Symphyotrichum ericoides,species,Asteraceae,Symphyotrichum,ericoides,Synonym,Symphyotrichum ericoides
Aster junciformis,TRUE,FALSE,Symphyotrichum boreale,species,Asteraceae,Symphyotrichum,boreale,Synonym,Symphyotrichum boreale
Aster lanceolatus (var. simplex),TRUE,FALSE,Symphyotrichum lanceolatum,species,Asteraceae,Symphyotrichum,lanceolatum,Synonym,Symphyotrichum lanceolatum
Aster macrophyllus,TRUE,FALSE,Eurybia macrophylla,species,Asteraceae,Eurybia,macrophylla,Synonym,Eurybia macrophylla
Aster novae-angliae,TRUE,FALSE,Symphyotrichum novae-angliae,species,Asteraceae,Symphyotrichum,novae-angliae,Synonym,Symphyotrichum novae-angliae
Aster ptarmicoides,TRUE,FALSE,Solidago ptarmicoides,species,Asteraceae,Solidago,ptarmicoides,Synonym,Solidago ptarmicoides
Aster puniceus,TRUE,FALSE,Symphyotrichum firmum,species,Asteraceae,Symphyotrichum,firmum,Synonym,Symphyotrichum firmum
Aster simplex,TRUE,FALSE,Symphyotrichum lanceolatum,species,Asteraceae,Symphyotrichum,lanceolatum,Synonym,Symphyotrichum lanceolatum
Aster sp.,TRUE,FALSE,Aster,genus,Asteraceae,Aster,sp.,,Aster sp.
Aster umbellatus,TRUE,FALSE,Doellingeria umbellata,species,Asteraceae,Doellingeria,umbellata,Synonym,Doellingeria umbellata
Astragalus canadensis,TRUE,FALSE,Astragalus canadensis,species,Fabaceae,Astragalus,canadensis,,Astragalus canadensis
Athyrium angustum,TRUE,FALSE,Athyrium asplenioides  var. angustum,variety,Aspleniaceae,Athyrium,asplenioides,Synonym,Athyrium asplenioides
Baptisia leucantha,TRUE,FALSE,Baptisia alba  var. macrophylla,variety,Fabaceae,Baptisia,alba,Synonym,Baptisia alba
Barbarea vulgaris,TRUE,FALSE,Barbarea vulgaris,species,Brassicaceae,Barbarea,vulgaris,,Barbarea vulgaris
Bare ground,FALSE,FALSE,NA,NA,NA,NA,NA,,NA NA
Berteroa incana,TRUE,FALSE,Berteroa incana,species,Brassicaceae,Berteroa,incana,,Berteroa incana
Betula allegheniensis,TRUE,TRUE,Betula alleghaniensis,species,Betulaceae,Betula,alleghaniensis,,Betula alleghaniensis
Betula papyrifera,TRUE,FALSE,Betula papyrifera,species,Betulaceae,Betula,papyrifera,,Betula papyrifera
Betula pumila,TRUE,FALSE,Betula pumila,species,Betulaceae,Betula,pumila,,Betula pumila
Bidens cernua,TRUE,FALSE,Bidens cernua,species,Asteraceae,Bidens,cernua,,Bidens cernua
Bidens coronata,TRUE,FALSE,Bidens coronata,species,Asteraceae,Bidens,coronata,,Bidens coronata
Bidens sp.,TRUE,FALSE,Bidens,genus,Asteraceae,Bidens,sp.,,Bidens sp.
Bidens tripartita,TRUE,FALSE,Bidens tripartita,species,Asteraceae,Bidens,tripartita,,Bidens tripartita
Botrichium sp.,FALSE,FALSE,NA,NA,NA,NA,NA,,NA NA
Bouteloua curtipendula,TRUE,FALSE,Bouteloua curtipendula,species,Poaceae,Bouteloua,curtipendula,,Bouteloua curtipendula
Bouteloua gracilis,TRUE,FALSE,Bouteloua gracilis,species,Poaceae,Bouteloua,gracilis,,Bouteloua gracilis
Bouteloua hirsuta,TRUE,FALSE,Bouteloua hirsuta,species,Poaceae,Bouteloua,hirsuta,,Bouteloua hirsuta
Bouteloua sp.,TRUE,FALSE,Bouteloua,genus,Poaceae,Bouteloua,sp.,,Bouteloua sp.
Bromus ciliatus,TRUE,FALSE,Bromus ciliatus,species,Poaceae,Bromus,ciliatus,,Bromus ciliatus
Bromus inermis,TRUE,FALSE,Bromus inermis,species,Poaceae,Bromus,inermis,,Bromus inermis
Bromus kalmii,TRUE,FALSE,Bromus kalmii,species,Poaceae,Bromus,kalmii,,Bromus kalmii
Bromus sp.,TRUE,FALSE,Bromus,genus,Poaceae,Bromus,sp.,,Bromus sp.
Bromus tectorum,TRUE,FALSE,Bromus tectorum,species,Poaceae,Bromus,tectorum,,Bromus tectorum
Buchloe dactyloides,TRUE,FALSE,Buchloe dactyloides,species,,Buchloe,dactyloides,,Buchloe dactyloides
Calamagrostis canadensis,TRUE,FALSE,Calamagrostis canadensis,species,Poaceae,Calamagrostis,canadensis,,Calamagrostis canadensis
Calamagrostis inexpansa,TRUE,FALSE,Calamagrostis inexpansa,species,Poaceae,Calamagrostis,inexpansa,,Calamagrostis inexpansa
Calamagrostis sp.,TRUE,FALSE,Calamagrostis,genus,Poaceae,Calamagrostis,sp.,,Calamagrostis sp.
Calamovilfa longifolia,TRUE,FALSE,Calamovilfa longifolia,species,Poaceae,Calamovilfa,longifolia,,Calamovilfa longifolia
Calamovilfa sp.,TRUE,FALSE,Calamovilfa,genus,Poaceae,Calamovilfa,sp.,,Calamovilfa sp.
Caltha palustris,TRUE,FALSE,Caltha palustris,species,Ranunculaceae,Caltha,palustris,,Caltha palustris
Campanula aparinoides,TRUE,FALSE,Campanula aparinoides,species,Campanulaceae,Campanula,aparinoides,,Campanula aparinoides
Campanula rotundifolia,TRUE,FALSE,Campanula rotundifolia,species,Campanulaceae,Campanula,rotundifolia,,Campanula rotundifolia
Campanula sp.,TRUE,FALSE,Campanula,genus,Campanulaceae,Campanula,sp.,,Campanula sp.
Canopy cover,TRUE,TRUE,Combretum,genus,Combretaceae,Combretum,sp.,Synonym,Combretum sp.
Capsella bursa-pastoris,TRUE,FALSE,Capsella bursa-pastoris,species,Brassicaceae,Capsella,bursa-pastoris,,Capsella bursa-pastoris
Carex bebbii,TRUE,FALSE,Carex bebbii,species,Cyperaceae,Carex,bebbii,,Carex bebbii
Carex bicknelli,TRUE,TRUE,Carex bicknellii,species,Cyperaceae,Carex,bicknellii,,Carex bicknellii
Carex canescens,TRUE,FALSE,Carex canescens,species,Cyperaceae,Carex,canescens,,Carex canescens
Carex cephalantha,TRUE,FALSE,Carex echinata,species,Cyperaceae,Carex,echinata,Synonym,Carex echinata
Carex chordorrhiza,TRUE,FALSE,Carex chordorrhiza,species,Cyperaceae,Carex,chordorrhiza,,Carex chordorrhiza
Carex comosa,TRUE,FALSE,Carex comosa,species,Cyperaceae,Carex,comosa,,Carex comosa
Carex diandra,TRUE,FALSE,Carex diandra,species,Cyperaceae,Carex,diandra,,Carex diandra
Carex disperma,TRUE,FALSE,Carex disperma,species,Cyperaceae,Carex,disperma,,Carex disperma
Carex foenea,TRUE,FALSE,Carex foenea,species,Cyperaceae,Carex,foenea,,Carex foenea
Carex gracillima,TRUE,FALSE,Carex gracillima,species,Cyperaceae,Carex,gracillima,,Carex gracillima
Carex haydenii,TRUE,FALSE,Carex haydenii,species,Cyperaceae,Carex,haydenii,,Carex haydenii
Carex interior,TRUE,FALSE,Carex interior,species,Cyperaceae,Carex,interior,,Carex interior
Carex lacustris,TRUE,FALSE,Carex lacustris,species,Cyperaceae,Carex,lacustris,,Carex lacustris
Carex lanuginosa,TRUE,FALSE,Carex lasiocarpa  var. americana,variety,Cyperaceae,Carex,lasiocarpa,Synonym,Carex lasiocarpa
Carex lasiocarpa,TRUE,FALSE,Carex lasiocarpa,species,Cyperaceae,Carex,lasiocarpa,,Carex lasiocarpa
Carex muhlenbergii,TRUE,FALSE,Carex vulpinoidea,species,Cyperaceae,Carex,vulpinoidea,Synonym,Carex vulpinoidea
Carex oligosperma,TRUE,FALSE,Carex oligosperma,species,Cyperaceae,Carex,oligosperma,,Carex oligosperma
Carex pensylvanicus,TRUE,TRUE,Carex pensylvanica,species,Cyperaceae,Carex,pensylvanica,,Carex pensylvanica
Carex rostrata,TRUE,FALSE,Carex rostrata,species,Cyperaceae,Carex,rostrata,,Carex rostrata
Carex scoparia,TRUE,FALSE,Carex scoparia,species,Cyperaceae,Carex,scoparia,,Carex scoparia
Carex sp.,TRUE,FALSE,Carex,genus,Cyperaceae,Carex,sp.,,Carex sp.
Carex stricta,TRUE,FALSE,Carex stricta,species,Cyperaceae,Carex,stricta,,Carex stricta
Cassia fasciculata,TRUE,FALSE,Chamaecrista fasciculata,species,Fabaceae,Chamaecrista,fasciculata,Synonym,Chamaecrista fasciculata
Ceanothus americanus,TRUE,FALSE,Ceanothus americanus,species,Rhamnaceae,Ceanothus,americanus,,Ceanothus americanus
Celastrus scandens,TRUE,FALSE,Celastrus scandens,species,Celastraceae,Celastrus,scandens,,Celastrus scandens
Cenchrus longispinus,TRUE,FALSE,Cenchrus longispinus,species,Poaceae,Cenchrus,longispinus,,Cenchrus longispinus
Chamaedaphne calyculata,TRUE,FALSE,Chamaedaphne calyculata,species,Ericaceae,Chamaedaphne,calyculata,,Chamaedaphne calyculata
Chenopodium album,TRUE,FALSE,Chenopodium album,species,Amaranthaceae,Chenopodium,album,,Chenopodium album
Chenopodium hybridum,TRUE,FALSE,Chenopodium hybridum,species,Amaranthaceae,Chenopodium,hybridum,,Chenopodium hybridum
Chenopodium leptophyllum,TRUE,FALSE,Chenopodium leptophyllum,species,Amaranthaceae,Chenopodium,leptophyllum,,Chenopodium leptophyllum
Chenopodium sp.,TRUE,FALSE,Chenopodium,genus,Amaranthaceae,Chenopodium,sp.,,Chenopodium sp.
Chrysopsis villosa,TRUE,FALSE,Heterotheca villosa,species,Asteraceae,Heterotheca,villosa,Synonym,Heterotheca villosa
Cicuta bulbifera,TRUE,FALSE,Cicuta bulbifera,species,Apiaceae,Cicuta,bulbifera,,Cicuta bulbifera
Circaea lutetiana,TRUE,FALSE,Circaea lutetiana,species,Onagraceae,Circaea,lutetiana,,Circaea lutetiana
Circaea quadrisulcata,TRUE,FALSE,Circaea lutetiana  subsp. quadrisulcata,subspecies,Onagraceae,Circaea,lutetiana,Synonym,Circaea lutetiana
Cirsium arvense,TRUE,FALSE,Cirsium arvense,species,Asteraceae,Cirsium,arvense,,Cirsium arvense
Cirsium discolor,TRUE,FALSE,Cirsium discolor,species,Asteraceae,Cirsium,discolor,,Cirsium discolor
Cirsium sp.,TRUE,FALSE,Cirsium,genus,Asteraceae,Cirsium,sp.,,Cirsium sp.
Cladonia Lichens,TRUE,TRUE,Heptaptera,genus,Apiaceae,Heptaptera,sp.,Synonym,Heptaptera sp.
Comandra richardsiana,TRUE,FALSE,Comandra umbellata,species,Santalaceae,Comandra,umbellata,Synonym,Comandra umbellata
Comandra umbellata,TRUE,FALSE,Comandra umbellata,species,Santalaceae,Comandra,umbellata,,Comandra umbellata
Convolvulus arvensis,TRUE,FALSE,Convolvulus arvensis,species,Convolvulaceae,Convolvulus,arvensis,,Convolvulus arvensis
Conyza canadensis,TRUE,FALSE,Erigeron canadensis,species,Asteraceae,Erigeron,canadensis,Synonym,Erigeron canadensis
Coreopsis palmata,TRUE,FALSE,Coreopsis palmata,species,Asteraceae,Coreopsis,palmata,,Coreopsis palmata
Corn litter,FALSE,FALSE,NA,NA,NA,NA,NA,,NA NA
Cornus alternifolia,TRUE,FALSE,Cornus alternifolia,species,Cornaceae,Cornus,alternifolia,,Cornus alternifolia
Cornus racemosa,TRUE,FALSE,Cornus racemosa,species,Cornaceae,Cornus,racemosa,,Cornus racemosa
Cornus sp.,TRUE,FALSE,Cornus,genus,Cornaceae,Cornus,sp.,,Cornus sp.
Cornus stolonifera,TRUE,FALSE,Cornus sericea,species,Cornaceae,Cornus,sericea,Synonym,Cornus sericea
Corylus americanus,TRUE,TRUE,Corylus americana,species,Betulaceae,Corylus,americana,,Corylus americana
Cotyledons,FALSE,FALSE,NA,NA,NA,NA,NA,,NA NA
Crepis tectorum,TRUE,FALSE,Crepis tectorum,species,Asteraceae,Crepis,tectorum,,Crepis tectorum
Cryptogams,FALSE,FALSE,NA,NA,NA,NA,NA,,NA NA
Cycloloma atriplicifolium,TRUE,FALSE,Cycloloma atriplicifolium,species,Amaranthaceae,Cycloloma,atriplicifolium,,Cycloloma atriplicifolium
Cyperus filiculmis,TRUE,FALSE,Cyperus filiculmis,species,Cyperaceae,Cyperus,filiculmis,,Cyperus filiculmis
Cyperus schweinitzii,TRUE,FALSE,Cyperus schweinitzii,species,Cyperaceae,Cyperus,schweinitzii,,Cyperus schweinitzii
Cyperus sp.,TRUE,FALSE,Cyperus,genus,Cyperaceae,Cyperus,sp.,,Cyperus sp.
Cyperus strigosus,TRUE,FALSE,Cyperus strigosus,species,Cyperaceae,Cyperus,strigosus,,Cyperus strigosus
Danthonia spicata,TRUE,FALSE,Danthonia spicata,species,Poaceae,Danthonia,spicata,,Danthonia spicata
Delphinium virescens,TRUE,FALSE,Delphinium carolinianum  subsp. virescens,subspecies,Ranunculaceae,Delphinium,carolinianum,Synonym,Delphinium carolinianum
Desmodium canadense,TRUE,FALSE,Desmodium canadense,species,Fabaceae,Desmodium,canadense,,Desmodium canadense
Desmodium glutinosum,TRUE,FALSE,Hylodesmum glutinosum,species,Fabaceae,Hylodesmum,glutinosum,Synonym,Hylodesmum glutinosum
Digitaria ischaemum,TRUE,FALSE,Digitaria ischaemum,species,Poaceae,Digitaria,ischaemum,,Digitaria ischaemum
Digitaria sanguinalis,TRUE,FALSE,Digitaria sanguinalis,species,Poaceae,Digitaria,sanguinalis,,Digitaria sanguinalis
Digitaria sp.,TRUE,FALSE,Digitaria,genus,Poaceae,Digitaria,sp.,,Digitaria sp.
Disturbance,FALSE,FALSE,NA,NA,NA,NA,NA,,NA NA
Dryopteris cristata,TRUE,FALSE,Dryopteris cristata,species,Dryopteridaceae,Dryopteris,cristata,,Dryopteris cristata
Dryopteris spinulosa,TRUE,FALSE,Dryopteris carthusiana,species,Dryopteridaceae,Dryopteris,carthusiana,Synonym,Dryopteris carthusiana
Dulichium arundinaceum,TRUE,FALSE,Dulichium arundinaceum,species,Cyperaceae,Dulichium,arundinaceum,,Dulichium arundinaceum
Echinacea purpurea,TRUE,FALSE,Echinacea purpurea,species,Asteraceae,Echinacea,purpurea,,Echinacea purpurea
Eleocharis sp.,TRUE,FALSE,Eleocharis,genus,Cyperaceae,Eleocharis,sp.,,Eleocharis sp.
Elymus canadensis,TRUE,FALSE,Elymus canadensis,species,Poaceae,Elymus,canadensis,,Elymus canadensis
Elymus trachycaulus,TRUE,FALSE,Elymus trachycaulus,species,Poaceae,Elymus,trachycaulus,,Elymus trachycaulus
Epilobium angustifolium,TRUE,FALSE,Epilobium angustifolium,species,Onagraceae,Epilobium,angustifolium,,Epilobium angustifolium
Epilobium ciliatum,TRUE,FALSE,Epilobium ciliatum,species,Onagraceae,Epilobium,ciliatum,,Epilobium ciliatum
Epilobium glandulosum,TRUE,FALSE,Epilobium glandulosum,species,Onagraceae,Epilobium,glandulosum,,Epilobium glandulosum
Epilobium leptophyllum,TRUE,FALSE,Epilobium leptophyllum,species,Onagraceae,Epilobium,leptophyllum,,Epilobium leptophyllum
Epilobium sp.,TRUE,FALSE,Epilobium,genus,Onagraceae,Epilobium,sp.,,Epilobium sp.
Equisetum arvense,TRUE,FALSE,Equisetum arvense,species,Equisetaceae,Equisetum,arvense,,Equisetum arvense
Equisetum hyemale,TRUE,FALSE,Equisetum hyemale,species,Equisetaceae,Equisetum,hyemale,,Equisetum hyemale
Equisetum laevigatum,TRUE,FALSE,Equisetum laevigatum,species,Equisetaceae,Equisetum,laevigatum,,Equisetum laevigatum
Equisetum sp.,TRUE,FALSE,Equisetum,genus,Equisetaceae,Equisetum,sp.,,Equisetum sp.
Eragrostis spectabilis,TRUE,FALSE,Eragrostis spectabilis,species,Poaceae,Eragrostis,spectabilis,,Eragrostis spectabilis
Eragrostis trichodes,TRUE,FALSE,Eragrostis trichodes,species,Poaceae,Eragrostis,trichodes,,Eragrostis trichodes
Erechtites hieracifolia,TRUE,FALSE,Erechtites hieracifolia,species,Asteraceae,Erechtites,hieracifolia,,Erechtites hieracifolia
Erigeron anuus,TRUE,TRUE,Erigeron annuus,species,Asteraceae,Erigeron,annuus,,Erigeron annuus
Erigeron canadensis,TRUE,FALSE,Erigeron canadensis,species,Asteraceae,Erigeron,canadensis,,Erigeron canadensis
Erigeron sp.,TRUE,FALSE,Erigeron,genus,Asteraceae,Erigeron,sp.,,Erigeron sp.
Erigeron strigosus,TRUE,FALSE,Erigeron strigosus,species,Asteraceae,Erigeron,strigosus,,Erigeron strigosus
Eupatorium maculatum,TRUE,FALSE,Eutrochium maculatum,species,Asteraceae,Eutrochium,maculatum,Synonym,Eutrochium maculatum
Eupatorium perfoliatum,TRUE,FALSE,Eupatorium perfoliatum,species,Asteraceae,Eupatorium,perfoliatum,,Eupatorium perfoliatum
Eupatorium rugosum,TRUE,FALSE,Ageratina liebmannii,species,Asteraceae,Ageratina,liebmannii,Synonym,Ageratina liebmannii
Euphorbia (supina) maculata,TRUE,FALSE,Euphorbia,genus,Euphorbiaceae,Euphorbia,sp.,,Euphorbia sp.
Euphorbia corollata,TRUE,FALSE,Euphorbia corollata,species,Euphorbiaceae,Euphorbia,corollata,,Euphorbia corollata
Euphorbia geyeri,TRUE,FALSE,Euphorbia geyeri,species,Euphorbiaceae,Euphorbia,geyeri,,Euphorbia geyeri
Euphorbia glyptosperma,TRUE,FALSE,Euphorbia glyptosperma,species,Euphorbiaceae,Euphorbia,glyptosperma,,Euphorbia glyptosperma
Euphorbia sp.,TRUE,FALSE,Euphorbia,genus,Euphorbiaceae,Euphorbia,sp.,,Euphorbia sp.
Euthamia graminifolia,TRUE,FALSE,Euthamia graminifolia,species,Asteraceae,Euthamia,graminifolia,,Euthamia graminifolia
Festuca ovina,TRUE,FALSE,Festuca ovina,species,Poaceae,Festuca,ovina,,Festuca ovina
Festuca rubra,TRUE,FALSE,Festuca rubra,species,Poaceae,Festuca,rubra,,Festuca rubra
Festuca sp.,TRUE,FALSE,Festuca,genus,Poaceae,Festuca,sp.,,Festuca sp.
Forb seedlings,TRUE,TRUE,Fordia,genus,Fabaceae,Fordia,sp.,,Fordia sp.
Forbs,FALSE,FALSE,NA,NA,NA,NA,NA,,NA NA
Fragaria sp.,TRUE,FALSE,Fragaria,genus,Rosaceae,Fragaria,sp.,,Fragaria sp.
Fragaria vesca (americana),TRUE,FALSE,Fragaria vesca,species,Rosaceae,Fragaria,vesca,,Fragaria vesca
Fragaria virginiana,TRUE,FALSE,Fragaria virginiana,species,Rosaceae,Fragaria,virginiana,,Fragaria virginiana
Fraxinus americana,TRUE,FALSE,Fraxinus americana,species,Oleaceae,Fraxinus,americana,,Fraxinus americana
Fraxinus nigra,TRUE,FALSE,Fraxinus nigra,species,Oleaceae,Fraxinus,nigra,,Fraxinus nigra
Fraxinus pennsylvanica,TRUE,FALSE,Fraxinus pennsylvanica,species,Oleaceae,Fraxinus,pennsylvanica,,Fraxinus pennsylvanica
Fruits & seeds,TRUE,TRUE,Seemannia sylvatica,species,Gesneriaceae,Seemannia,sylvatica,Synonym,Seemannia sylvatica
Fungi,FALSE,FALSE,NA,NA,NA,NA,NA,,NA NA
Galium aparine,TRUE,FALSE,Galium aparine,species,Rubiaceae,Galium,aparine,,Galium aparine
Galium boreale,TRUE,FALSE,Galium boreale,species,Rubiaceae,Galium,boreale,,Galium boreale
Galium sp.,TRUE,FALSE,Galium,genus,Rubiaceae,Galium,sp.,,Galium sp.
Galium trifidum,TRUE,FALSE,Galium trifidum,species,Rubiaceae,Galium,trifidum,,Galium trifidum
Galium triflorum,TRUE,FALSE,Galium triflorum,species,Rubiaceae,Galium,triflorum,,Galium triflorum
Gentiana andrewsii,TRUE,FALSE,Gentiana andrewsii,species,Gentianaceae,Gentiana,andrewsii,,Gentiana andrewsii
Geranium maculatum,TRUE,FALSE,Geranium maculatum,species,Geraniaceae,Geranium,maculatum,,Geranium maculatum
Glechoma hederacea,TRUE,FALSE,Glechoma hederacea,species,Lamiaceae,Glechoma,hederacea,,Glechoma hederacea
Glyceria grandis,TRUE,FALSE,Glyceria grandis,species,Poaceae,Glyceria,grandis,,Glyceria grandis
Glyceria sp.,TRUE,FALSE,Glyceria,genus,Poaceae,Glyceria,sp.,,Glyceria sp.
Gnaphalium obtusifolium,TRUE,FALSE,Gamochaeta purpurea,species,Asteraceae,Gamochaeta,purpurea,Synonym,Gamochaeta purpurea
Gnaphalium sp.,TRUE,FALSE,Gnaphalium,genus,Asteraceae,Gnaphalium,sp.,,Gnaphalium sp.
Gnaphalium uliginosum,TRUE,FALSE,Gnaphalium uliginosum,species,Asteraceae,Gnaphalium,uliginosum,,Gnaphalium uliginosum
Grass seedlings,TRUE,TRUE,Grausa,genus,Loasaceae,Grausa,sp.,,Grausa sp.
Grasses,TRUE,TRUE,Hieracium crassescens,species,Asteraceae,Hieracium,crassescens,,Hieracium crassescens
Green matter (alive),TRUE,TRUE,Greenea,genus,Rubiaceae,Greenea,sp.,,Greenea sp.
Gymnocarpium dryopteris,TRUE,FALSE,Gymnocarpium dryopteris,species,Cystopteridaceae,Gymnocarpium,dryopteris,,Gymnocarpium dryopteris
Habenaria lacera,TRUE,FALSE,Platanthera lacera,species,Orchidaceae,Platanthera,lacera,Synonym,Platanthera lacera
Hackelia americana,TRUE,FALSE,Hackelia deflexa  var. americana,variety,Boraginaceae,Hackelia,deflexa,Synonym,Hackelia deflexa
Hedeoma hispida,TRUE,FALSE,Hedeoma hispida,species,Lamiaceae,Hedeoma,hispida,,Hedeoma hispida
Helenium autumnale,TRUE,FALSE,Helenium autumnale,species,Asteraceae,Helenium,autumnale,,Helenium autumnale
Helianthemum bicknellii,TRUE,FALSE,Crocanthemum bicknellii,species,Cistaceae,Crocanthemum,bicknellii,Synonym,Crocanthemum bicknellii
Helianthus giganteus,TRUE,FALSE,Helianthus giganteus,species,Asteraceae,Helianthus,giganteus,,Helianthus giganteus
Helianthus hirsutus,TRUE,FALSE,Helianthus hirsutus,species,Asteraceae,Helianthus,hirsutus,,Helianthus hirsutus
Helianthus laetiflorus,TRUE,FALSE,Helianthus laetiflorus,species,Asteraceae,Helianthus,laetiflorus,,Helianthus laetiflorus
Helianthus petiolaris,TRUE,FALSE,Helianthus petiolaris,species,Asteraceae,Helianthus,petiolaris,,Helianthus petiolaris
Helianthus sp.,TRUE,FALSE,Helianthus,genus,Asteraceae,Helianthus,sp.,,Helianthus sp.
Heliopsis helianthoides,TRUE,FALSE,Heliopsis helianthoides,species,Asteraceae,Heliopsis,helianthoides,,Heliopsis helianthoides
Heuchera richardsonii,TRUE,FALSE,Heuchera richardsonii,species,Saxifragaceae,Heuchera,richardsonii,,Heuchera richardsonii
Hieracium aurantiacum,TRUE,FALSE,Pilosella aurantiaca  subsp. aurantiaca,subspecies,Asteraceae,Pilosella,aurantiaca,Synonym,Pilosella aurantiaca
Hieracium kalmii,TRUE,FALSE,Hieracium umbellatum  subsp. umbellatum,subspecies,Asteraceae,Hieracium,umbellatum,Synonym,Hieracium umbellatum
Hieracium longipilum,TRUE,FALSE,Pilosella longipila,species,Asteraceae,Pilosella,longipila,Synonym,Pilosella longipila
Hieracium sp.,TRUE,FALSE,Hieracium,genus,Asteraceae,Hieracium,sp.,,Hieracium sp.
Hierochloe odorata,TRUE,FALSE,Hierochloe odorata,species,Poaceae,Hierochloe,odorata,,Hierochloe odorata
Houstonia longifolia,TRUE,FALSE,Houstonia longifolia,species,Rubiaceae,Houstonia,longifolia,,Houstonia longifolia
Hypericum majus,TRUE,FALSE,Hypericum majus,species,Hypericaceae,Hypericum,majus,,Hypericum majus
Hypoxis hirsuta,TRUE,FALSE,Hypoxis hirsuta,species,Hypoxidaceae,Hypoxis,hirsuta,,Hypoxis hirsuta
Ilex sp.,TRUE,FALSE,Ilex,genus,Aquifoliaceae,Ilex,sp.,,Ilex sp.
Ilex verticillata,TRUE,FALSE,Ilex verticillata,species,Aquifoliaceae,Ilex,verticillata,,Ilex verticillata
Impatiens capensis,TRUE,FALSE,Impatiens capensis,species,Balsaminaceae,Impatiens,capensis,,Impatiens capensis
Introduced,FALSE,FALSE,NA,NA,NA,NA,NA,,NA NA
Iris versicolor,TRUE,FALSE,Iris versicolor,species,Iridaceae,Iris,versicolor,,Iris versicolor
Juncus sp.,TRUE,FALSE,Juncus,genus,Juncaceae,Juncus,sp.,,Juncus sp.
Juncus tenuis,TRUE,FALSE,Juncus tenuis,species,Juncaceae,Juncus,tenuis,,Juncus tenuis
Juniperus communis,TRUE,FALSE,Juniperus communis,species,Cupressaceae,Juniperus,communis,,Juniperus communis
Juniperus sp.,TRUE,FALSE,Juniperus,genus,Cupressaceae,Juniperus,sp.,,Juniperus sp.
Juniperus virginiana,TRUE,FALSE,Juniperus virginiana,species,Cupressaceae,Juniperus,virginiana,,Juniperus virginiana
Koeleria cristata,TRUE,FALSE,Koeleria micrathera,species,Poaceae,Koeleria,micrathera,Synonym,Koeleria micrathera
Krigia biflora,TRUE,FALSE,Krigia biflora,species,Asteraceae,Krigia,biflora,,Krigia biflora
Lactuca biennis,TRUE,FALSE,Lactuca biennis,species,Asteraceae,Lactuca,biennis,,Lactuca biennis
Lactuca canadensis,TRUE,FALSE,Lactuca canadensis,species,Asteraceae,Lactuca,canadensis,,Lactuca canadensis
Lactuca serriola (scariola),TRUE,FALSE,Lactuca serriola,species,Asteraceae,Lactuca,serriola,,Lactuca serriola
Lactuca sp.,TRUE,FALSE,Lactuca,genus,Asteraceae,Lactuca,sp.,,Lactuca sp.
Larix laricina,TRUE,FALSE,Larix laricina,species,Pinaceae,Larix,laricina,,Larix laricina
Lathyrus ochroleucus,TRUE,FALSE,Lathyrus ochroleucus,species,Fabaceae,Lathyrus,ochroleucus,,Lathyrus ochroleucus
Lathyrus venosus,TRUE,FALSE,Lathyrus venosus,species,Fabaceae,Lathyrus,venosus,,Lathyrus venosus
Leaves,TRUE,TRUE,Leavenworthia,genus,Brassicaceae,Leavenworthia,sp.,,Leavenworthia sp.
Lechea stricta,TRUE,FALSE,Lechea stricta,species,Cistaceae,Lechea,stricta,,Lechea stricta
Leersia oryzoides,TRUE,FALSE,Leersia oryzoides,species,Poaceae,Leersia,oryzoides,,Leersia oryzoides
Lemna sp.,TRUE,FALSE,Lemna,genus,Araceae,Lemna,sp.,,Lemna sp.
Lepidium densiflorum,TRUE,FALSE,Lepidium densiflorum,species,Brassicaceae,Lepidium,densiflorum,,Lepidium densiflorum
Lepidium sp.,TRUE,FALSE,Lepidium,genus,Brassicaceae,Lepidium,sp.,,Lepidium sp.
Lepidium virginicum,TRUE,FALSE,Lepidium virginicum,species,Brassicaceae,Lepidium,virginicum,,Lepidium virginicum
Leptoloma cognatum,TRUE,TRUE,Digitaria cognata,species,Poaceae,Digitaria,cognata,Synonym,Digitaria cognata
Lespedeza capitata,TRUE,FALSE,Lespedeza capitata,species,Fabaceae,Lespedeza,capitata,,Lespedeza capitata
Liatris aspera,TRUE,FALSE,Liatris aspera,species,Asteraceae,Liatris,aspera,,Liatris aspera
Liatris ligulistylis,TRUE,FALSE,Liatris ligulistylis,species,Asteraceae,Liatris,ligulistylis,,Liatris ligulistylis
Liatris pycnostachya,TRUE,FALSE,Liatris pycnostachya,species,Asteraceae,Liatris,pycnostachya,,Liatris pycnostachya
Lichens,TRUE,TRUE,Riccia,genus,Ricciaceae,Riccia,sp.,Synonym,Riccia sp.
Liliaceae unknown,TRUE,TRUE,Liliaceae,family,Liliaceae,,,, 
Linaria vulgaris,TRUE,FALSE,Linaria vulgaris,species,Plantaginaceae,Linaria,vulgaris,,Linaria vulgaris
Lithospermum canescens,TRUE,FALSE,Lithospermum canescens,species,Boraginaceae,Lithospermum,canescens,,Lithospermum canescens
Lithospermum caroliniense,TRUE,FALSE,Lithospermum caroliniense,species,Boraginaceae,Lithospermum,caroliniense,,Lithospermum caroliniense
Lithospermum sp.,TRUE,FALSE,Lithospermum,genus,Boraginaceae,Lithospermum,sp.,,Lithospermum sp.
Lobelia siphilitica,TRUE,FALSE,Lobelia siphilitica,species,Campanulaceae,Lobelia,siphilitica,,Lobelia siphilitica
Lobelia spicata,TRUE,FALSE,Lobelia spicata,species,Campanulaceae,Lobelia,spicata,,Lobelia spicata
Lolium multiflorum,TRUE,FALSE,Lolium multiflorum,species,Poaceae,Lolium,multiflorum,,Lolium multiflorum
Lonicera dioica,TRUE,FALSE,Lonicera dioica,species,Caprifoliaceae,Lonicera,dioica,,Lonicera dioica
Lonicera tatarica,TRUE,FALSE,Lonicera tatarica,species,Caprifoliaceae,Lonicera,tatarica,,Lonicera tatarica
Ludwigia polycarpa,TRUE,FALSE,Ludwigia polycarpa,species,Onagraceae,Ludwigia,polycarpa,,Ludwigia polycarpa
Lupinus perennis,TRUE,FALSE,Lupinus perennis,species,Fabaceae,Lupinus,perennis,,Lupinus perennis
Lupinus sp.,TRUE,FALSE,Lupinus,genus,Fabaceae,Lupinus,sp.,,Lupinus sp.
Lychnis alba,TRUE,FALSE,Silene latifolia  subsp. alba,subspecies,Caryophyllaceae,Silene,latifolia,Synonym,Silene latifolia
Lycopodium complanatum,TRUE,FALSE,Lycopodium complanatum,species,Lycopodiaceae,Lycopodium,complanatum,,Lycopodium complanatum
Lycopus americana,TRUE,TRUE,Lycopus americanus,species,Lamiaceae,Lycopus,americanus,,Lycopus americanus
Lycopus sp.,TRUE,FALSE,Lycopus,genus,Lamiaceae,Lycopus,sp.,,Lycopus sp.
Lycopus uniflorus,TRUE,FALSE,Lycopus uniflorus,species,Lamiaceae,Lycopus,uniflorus,,Lycopus uniflorus
Lysimachia ciliata,TRUE,FALSE,Lysimachia ciliata,species,Primulaceae,Lysimachia,ciliata,,Lysimachia ciliata
Lysimachia thyrsiflora,TRUE,FALSE,Lysimachia thyrsiflora,species,Primulaceae,Lysimachia,thyrsiflora,,Lysimachia thyrsiflora
Maianthemum canadense,TRUE,FALSE,Maianthemum canadense,species,Asparagaceae,Maianthemum,canadense,,Maianthemum canadense
Man made object,FALSE,FALSE,NA,NA,NA,NA,NA,,NA NA
Medicago lupulina,TRUE,FALSE,Medicago lupulina,species,Fabaceae,Medicago,lupulina,,Medicago lupulina
Medicago sativa,TRUE,FALSE,Medicago sativa,species,Fabaceae,Medicago,sativa,,Medicago sativa
Medicago sp.,TRUE,FALSE,Medicago,genus,Fabaceae,Medicago,sp.,,Medicago sp.
Melilotus alba,TRUE,FALSE,Melilotus officinalis  subsp. albus,subspecies,Fabaceae,Melilotus,officinalis,Synonym,Melilotus officinalis
Melilotus officinalis,TRUE,FALSE,Melilotus officinalis,species,Fabaceae,Melilotus,officinalis,,Melilotus officinalis
Melilotus sp.,TRUE,FALSE,Melilotus,genus,Fabaceae,Melilotus,sp.,,Melilotus sp.
Mimulus ringens,TRUE,FALSE,Mimulus ringens,species,Phrymaceae,Mimulus,ringens,,Mimulus ringens
Mirabilis hirsuta,TRUE,FALSE,Mirabilis hirsuta,species,Nyctaginaceae,Mirabilis,hirsuta,,Mirabilis hirsuta
Mirabilis nyctaginea,TRUE,FALSE,Oxybaphus nyctagineus,species,Nyctaginaceae,Oxybaphus,nyctagineus,Synonym,Oxybaphus nyctagineus
Miscanthus giganteus,TRUE,FALSE,Miscanthus longiberbis,species,Poaceae,Miscanthus,longiberbis,Synonym,Miscanthus longiberbis
Miscellaneous forb,FALSE,FALSE,NA,NA,NA,NA,NA,,NA NA
Miscellaneous forb 2,FALSE,FALSE,NA,NA,NA,NA,NA,,NA NA
Miscellaneous grasses,FALSE,FALSE,NA,NA,NA,NA,NA,,NA NA
Miscellaneous grasses 2,FALSE,FALSE,NA,NA,NA,NA,NA,,NA NA
Miscellaneous herbs,FALSE,FALSE,NA,NA,NA,NA,NA,,NA NA
Miscellaneous herbs 2,FALSE,FALSE,NA,NA,NA,NA,NA,,NA NA
Miscellaneous legumes,FALSE,FALSE,NA,NA,NA,NA,NA,,NA NA
Miscellaneous litter,FALSE,FALSE,NA,NA,NA,NA,NA,,NA NA
Miscellaneous rushes,FALSE,FALSE,NA,NA,NA,NA,NA,,NA NA
Miscellaneous sedges,FALSE,FALSE,NA,NA,NA,NA,NA,,NA NA
Miscellaneous sp.,FALSE,FALSE,NA,NA,NA,NA,NA,,NA NA
Miscellaneous woody plants,FALSE,FALSE,NA,NA,NA,NA,NA,,NA NA
Mollugo verticillata,TRUE,FALSE,Mollugo verticillata,species,Molluginaceae,Mollugo,verticillata,,Mollugo verticillata
Monarda fistulosa,TRUE,FALSE,Monarda fistulosa,species,Lamiaceae,Monarda,fistulosa,,Monarda fistulosa
Monarda punctata,TRUE,FALSE,Monarda punctata,species,Lamiaceae,Monarda,punctata,,Monarda punctata
Mosses,TRUE,TRUE,Mosla dianthera,species,Lamiaceae,Mosla,dianthera,Synonym,Mosla dianthera
Mosses & lichens,TRUE,TRUE,Mosla dianthera,species,Lamiaceae,Mosla,dianthera,Synonym,Mosla dianthera
Mosses & lichens 2,TRUE,TRUE,Mosla dianthera,species,Lamiaceae,Mosla,dianthera,Synonym,Mosla dianthera
Muhlenbergia racemosa,TRUE,FALSE,Muhlenbergia racemosa,species,Poaceae,Muhlenbergia,racemosa,,Muhlenbergia racemosa
Native,TRUE,TRUE,Carex lativena,species,Cyperaceae,Carex,lativena,,Carex lativena
Nepeta cataria,TRUE,FALSE,Nepeta cataria,species,Lamiaceae,Nepeta,cataria,,Nepeta cataria
Non-vascular,FALSE,FALSE,NA,NA,NA,NA,NA,,NA NA
Oenothera biennis,TRUE,FALSE,Oenothera biennis,species,Onagraceae,Oenothera,biennis,,Oenothera biennis
Oenothera parviflora,TRUE,FALSE,Oenothera parviflora,species,Onagraceae,Oenothera,parviflora,,Oenothera parviflora
Oenothera rhombipetala,TRUE,FALSE,Oenothera rhombipetala,species,Onagraceae,Oenothera,rhombipetala,,Oenothera rhombipetala
Oenothera sp.,TRUE,FALSE,Oenothera,genus,Onagraceae,Oenothera,sp.,,Oenothera sp.
Onoclea sensibilis,TRUE,FALSE,Onoclea sensibilis,species,Onocleaceae,Onoclea,sensibilis,,Onoclea sensibilis
Osmunda cinnamomea,TRUE,FALSE,Osmundastrum cinnamomeum,species,Osmundaceae,Osmundastrum,cinnamomeum,Synonym,Osmundastrum cinnamomeum
Osmunda claytonii,TRUE,TRUE,Osmundastrum claytonianum,species,Osmundaceae,Osmundastrum,claytonianum,Synonym,Osmundastrum claytonianum
Osmunda regalis,TRUE,FALSE,Osmunda regalis,species,Osmundaceae,Osmunda,regalis,,Osmunda regalis
Oxalis sp.,TRUE,FALSE,Oxalis,genus,Oxalidaceae,Oxalis,sp.,,Oxalis sp.
Oxalis stricta,TRUE,FALSE,Oxalis stricta,species,Oxalidaceae,Oxalis,stricta,,Oxalis stricta
Oxybaphus hirsutus,TRUE,FALSE,Mirabilis hirsuta,species,Nyctaginaceae,Mirabilis,hirsuta,Synonym,Mirabilis hirsuta
Oxybaphus nyctaginea,TRUE,TRUE,Oxybaphus nyctagineus,species,Nyctaginaceae,Oxybaphus,nyctagineus,,Oxybaphus nyctagineus
Panicum capillare,TRUE,FALSE,Panicum capillare,species,Poaceae,Panicum,capillare,,Panicum capillare
Panicum lanuginosum,TRUE,FALSE,Dichanthelium lanuginosum,species,Poaceae,Dichanthelium,lanuginosum,Synonym,Dichanthelium lanuginosum
Panicum leibergi,TRUE,TRUE,Panicum leibergii,species,Poaceae,Panicum,leibergii,,Panicum leibergii
Panicum miliaceum,TRUE,FALSE,Panicum miliaceum,species,Poaceae,Panicum,miliaceum,,Panicum miliaceum
Panicum oligosanthes,TRUE,FALSE,Panicum oligosanthes,species,Poaceae,Panicum,oligosanthes,,Panicum oligosanthes
Panicum perlongum,TRUE,FALSE,Dichanthelium linearifolium,species,Poaceae,Dichanthelium,linearifolium,Synonym,Dichanthelium linearifolium
Panicum praecocious,TRUE,TRUE,Dichanthelium praecocius,species,Poaceae,Dichanthelium,praecocius,Synonym,Dichanthelium praecocius
Panicum sp.,TRUE,FALSE,Panicum,genus,Poaceae,Panicum,sp.,,Panicum sp.
Panicum virgatum,TRUE,FALSE,Panicum virgatum,species,Poaceae,Panicum,virgatum,,Panicum virgatum
Parietaria pensylvanica,TRUE,FALSE,Parietaria pensylvanica,species,Urticaceae,Parietaria,pensylvanica,,Parietaria pensylvanica
Parthenocissus inserta,TRUE,FALSE,Parthenocissus quinquefolia,species,Vitaceae,Parthenocissus,quinquefolia,Synonym,Parthenocissus quinquefolia
Parthenocissus quinquefolia,TRUE,FALSE,Parthenocissus quinquefolia,species,Vitaceae,Parthenocissus,quinquefolia,,Parthenocissus quinquefolia
Parthenocissus sp.,TRUE,FALSE,Parthenocissus,genus,Vitaceae,Parthenocissus,sp.,,Parthenocissus sp.
Parthenocissus vitacea,TRUE,FALSE,Parthenocissus vitacea,species,Vitaceae,Parthenocissus,vitacea,,Parthenocissus vitacea
Paspalum ciliatifolium,TRUE,FALSE,Paspalum setaceum,species,Poaceae,Paspalum,setaceum,Synonym,Paspalum setaceum
Pedicularis canadensis,TRUE,FALSE,Pedicularis canadensis,species,Orobanchaceae,Pedicularis,canadensis,,Pedicularis canadensis
Pedicularis sp.,TRUE,FALSE,Pedicularis,genus,Orobanchaceae,Pedicularis,sp.,,Pedicularis sp.
Penstemon digitalis,TRUE,FALSE,Penstemon digitalis,species,Plantaginaceae,Penstemon,digitalis,,Penstemon digitalis
Penstemon gracilis,TRUE,FALSE,Penstemon gracilis,species,Plantaginaceae,Penstemon,gracilis,,Penstemon gracilis
Penstemon grandiflorus,TRUE,FALSE,Penstemon grandiflorus,species,Plantaginaceae,Penstemon,grandiflorus,,Penstemon grandiflorus
Penstemon sp.,TRUE,FALSE,Penstemon,genus,Plantaginaceae,Penstemon,sp.,,Penstemon sp.
Penthorum sedoides,TRUE,FALSE,Penthorum sedoides,species,Penthoraceae,Penthorum,sedoides,,Penthorum sedoides
Perennials,FALSE,FALSE,NA,NA,NA,NA,NA,,NA NA
Permanently unassigned,FALSE,FALSE,NA,NA,NA,NA,NA,,NA NA
Petalostemum candidum,TRUE,TRUE,Dalea candida,species,Fabaceae,Dalea,candida,Synonym,Dalea candida
Petalostemum purpureum,TRUE,TRUE,Dalea purpurea,species,Fabaceae,Dalea,purpurea,Synonym,Dalea purpurea
Petalostemum sp.,TRUE,FALSE,Petalostemum,genus,,Petalostemum,sp.,,Petalostemum sp.
Petalostemum villosum,TRUE,TRUE,Dalea villosa,species,Fabaceae,Dalea,villosa,Synonym,Dalea villosa
Phalaris arundinacea,TRUE,FALSE,Phalaris arundinacea,species,Poaceae,Phalaris,arundinacea,,Phalaris arundinacea
Phleum pratense,TRUE,FALSE,Phleum pratense,species,Poaceae,Phleum,pratense,,Phleum pratense
Phlox paniculata,TRUE,FALSE,Phlox paniculata,species,Polemoniaceae,Phlox,paniculata,,Phlox paniculata
Phlox pilosa,TRUE,FALSE,Phlox pilosa,species,Polemoniaceae,Phlox,pilosa,,Phlox pilosa
Phlox sp.,TRUE,FALSE,Phlox,genus,Polemoniaceae,Phlox,sp.,,Phlox sp.
Phryma leptostachya,TRUE,FALSE,Phryma leptostachya,species,Phrymaceae,Phryma,leptostachya,,Phryma leptostachya
Physalis heterophylla,TRUE,FALSE,Physalis heterophylla,species,Solanaceae,Physalis,heterophylla,,Physalis heterophylla
Physalis sp.,TRUE,FALSE,Physalis,genus,Solanaceae,Physalis,sp.,,Physalis sp.
Physalis virginiana,TRUE,FALSE,Physalis virginiana,species,Solanaceae,Physalis,virginiana,,Physalis virginiana
Picea sp.,TRUE,FALSE,Picea,genus,Pinaceae,Picea,sp.,,Picea sp.
Pilea pumila,TRUE,FALSE,Pilea pumila,species,Urticaceae,Pilea,pumila,,Pilea pumila
Pine cones,FALSE,FALSE,NA,NA,NA,NA,NA,,NA NA
Pine needles,FALSE,FALSE,NA,NA,NA,NA,NA,,NA NA
Pinus banksiana,TRUE,FALSE,Pinus banksiana,species,Pinaceae,Pinus,banksiana,,Pinus banksiana
Pinus resinosa,TRUE,FALSE,Pinus resinosa,species,Pinaceae,Pinus,resinosa,,Pinus resinosa
Pinus sp.,TRUE,FALSE,Pinus,genus,Pinaceae,Pinus,sp.,,Pinus sp.
Pinus strobus,TRUE,FALSE,Pinus strobus,species,Pinaceae,Pinus,strobus,,Pinus strobus
Plantago (purshii) patagonica,TRUE,FALSE,Plantago,genus,Plantaginaceae,Plantago,sp.,,Plantago sp.
Plantago lanceolata,TRUE,FALSE,Plantago lanceolata,species,Plantaginaceae,Plantago,lanceolata,,Plantago lanceolata
Plantago major,TRUE,FALSE,Plantago major,species,Plantaginaceae,Plantago,major,,Plantago major
Poa compressa,TRUE,FALSE,Poa compressa,species,Poaceae,Poa,compressa,,Poa compressa
Poa palustris,TRUE,FALSE,Poa palustris,species,Poaceae,Poa,palustris,,Poa palustris
Poa pratensis,TRUE,FALSE,Poa pratensis,species,Poaceae,Poa,pratensis,,Poa pratensis
Poa sp.,TRUE,FALSE,Poa,genus,Poaceae,Poa,sp.,,Poa sp.
Polygala polygama,TRUE,FALSE,Polygala polygama,species,Polygalaceae,Polygala,polygama,,Polygala polygama
Polygala sanquinea,TRUE,TRUE,Polygala sanguinea,species,Polygalaceae,Polygala,sanguinea,,Polygala sanguinea
Polygala sp.,TRUE,FALSE,Polygala,genus,Polygalaceae,Polygala,sp.,,Polygala sp.
Polygonatum biflorum,TRUE,FALSE,Polygonatum biflorum,species,Asparagaceae,Polygonatum,biflorum,,Polygonatum biflorum
Polygonatum canaliculatum,TRUE,FALSE,Polygonatum biflorum,species,Asparagaceae,Polygonatum,biflorum,Synonym,Polygonatum biflorum
Polygonatum sp.,TRUE,FALSE,Polygonatum,genus,Asparagaceae,Polygonatum,sp.,,Polygonatum sp.
Polygonella articulata,TRUE,FALSE,Polygonella articulata,species,Polygonaceae,Polygonella,articulata,,Polygonella articulata
Polygonum amphibium,TRUE,FALSE,Persicaria amphibia,species,Polygonaceae,Persicaria,amphibia,Synonym,Persicaria amphibia
Polygonum arifolium,TRUE,FALSE,Polygonum thunbergii,species,Polygonaceae,Polygonum,thunbergii,Synonym,Polygonum thunbergii
Polygonum cilinode,TRUE,FALSE,Fallopia cilinodis,species,Polygonaceae,Fallopia,cilinodis,Synonym,Fallopia cilinodis
Polygonum convolvulus,TRUE,FALSE,Fallopia convolvulus,species,Polygonaceae,Fallopia,convolvulus,Synonym,Fallopia convolvulus
Polygonum hydropiper,TRUE,FALSE,Persicaria hydropiper,species,Polygonaceae,Persicaria,hydropiper,Synonym,Persicaria hydropiper
Polygonum lapathafolium,TRUE,TRUE,Persicaria lapathifolia,species,Polygonaceae,Persicaria,lapathifolia,Synonym,Persicaria lapathifolia
Polygonum pensylvanicum,TRUE,FALSE,Persicaria pensylvanica,species,Polygonaceae,Persicaria,pensylvanica,Synonym,Persicaria pensylvanica
Polygonum persicaria,TRUE,FALSE,Persicaria maculosa,species,Polygonaceae,Persicaria,maculosa,Synonym,Persicaria maculosa
Polygonum sagittatum,TRUE,FALSE,Persicaria sagittata,species,Polygonaceae,Persicaria,sagittata,Synonym,Persicaria sagittata
Polygonum scandens,TRUE,FALSE,Fallopia scandens,species,Polygonaceae,Fallopia,scandens,Synonym,Fallopia scandens
Polygonum sp.,TRUE,FALSE,Polygonum,genus,Polygonaceae,Polygonum,sp.,,Polygonum sp.
Polygonum tenue,TRUE,FALSE,Polygonum tenue,species,Polygonaceae,Polygonum,tenue,,Polygonum tenue
Polytricum sp.,FALSE,FALSE,NA,NA,NA,NA,NA,,NA NA
Populus balsamifera,TRUE,FALSE,Populus balsamifera,species,Salicaceae,Populus,balsamifera,,Populus balsamifera
Populus deltoides,TRUE,FALSE,Populus deltoides,species,Salicaceae,Populus,deltoides,,Populus deltoides
Populus grandidentata,TRUE,FALSE,Populus grandidentata,species,Salicaceae,Populus,grandidentata,,Populus grandidentata
Populus tremuloides,TRUE,FALSE,Populus tremuloides,species,Salicaceae,Populus,tremuloides,,Populus tremuloides
Portulaca oleracea,TRUE,FALSE,Portulaca oleracea,species,Portulacaceae,Portulaca,oleracea,,Portulaca oleracea
Potentilla argentea,TRUE,FALSE,Potentilla argentea,species,Rosaceae,Potentilla,argentea,,Potentilla argentea
Potentilla arguta,TRUE,FALSE,Potentilla arguta,species,Rosaceae,Potentilla,arguta,,Potentilla arguta
Potentilla norvegica,TRUE,FALSE,Potentilla norvegica,species,Rosaceae,Potentilla,norvegica,,Potentilla norvegica
Potentilla palustris,TRUE,FALSE,Comarum palustre,species,Rosaceae,Comarum,palustre,Synonym,Comarum palustre
Potentilla recta,TRUE,FALSE,Potentilla recta,species,Rosaceae,Potentilla,recta,,Potentilla recta
Potentilla simplex,TRUE,FALSE,Potentilla simplex,species,Rosaceae,Potentilla,simplex,,Potentilla simplex
Potentilla sp.,TRUE,FALSE,Potentilla,genus,Rosaceae,Potentilla,sp.,,Potentilla sp.
Prenanthes alba,TRUE,FALSE,Nabalus altissimus,species,Asteraceae,Nabalus,altissimus,Synonym,Nabalus altissimus
Prenanthes racemosa,TRUE,FALSE,Lactuca indica,species,Asteraceae,Lactuca,indica,Synonym,Lactuca indica
Prunella vulgaris,TRUE,FALSE,Prunella vulgaris,species,Lamiaceae,Prunella,vulgaris,,Prunella vulgaris
Prunus americana,TRUE,FALSE,Prunus americana,species,Rosaceae,Prunus,americana,,Prunus americana
Prunus pensylvanica,TRUE,FALSE,Prunus pensylvanica,species,Rosaceae,Prunus,pensylvanica,,Prunus pensylvanica
Prunus pumila,TRUE,FALSE,Prunus pumila,species,Rosaceae,Prunus,pumila,,Prunus pumila
Prunus serotina,TRUE,FALSE,Prunus serotina,species,Rosaceae,Prunus,serotina,,Prunus serotina
Prunus sp.,TRUE,FALSE,Prunus,genus,Rosaceae,Prunus,sp.,,Prunus sp.
Prunus virginiana,TRUE,FALSE,Prunus virginiana,species,Rosaceae,Prunus,virginiana,,Prunus virginiana
Pteridium aquilinum,TRUE,FALSE,Pteridium aquilinum,species,Dennstaedtiaceae,Pteridium,aquilinum,,Pteridium aquilinum
Pycnanthemum virginianum,TRUE,FALSE,Pycnanthemum virginianum,species,Lamiaceae,Pycnanthemum,virginianum,,Pycnanthemum virginianum
Pyrola rotundifolia,TRUE,FALSE,Pyrola rotundifolia,species,Ericaceae,Pyrola,rotundifolia,,Pyrola rotundifolia
Pyrola sp.,TRUE,FALSE,Pyrola,genus,Ericaceae,Pyrola,sp.,,Pyrola sp.
Pyrus malus,TRUE,FALSE,Malus domestica,species,Rosaceae,Malus,domestica,Synonym,Malus domestica
Quercus alba,TRUE,FALSE,Quercus alba,species,Fagaceae,Quercus,alba,,Quercus alba
Quercus borealis,TRUE,FALSE,Quercus petraea,species,Fagaceae,Quercus,petraea,Synonym,Quercus petraea
Quercus borealis-ellipsoidalis,TRUE,TRUE,Quercus,genus,Fagaceae,Quercus,sp.,,Quercus sp.
Quercus elipsoidalis grub,TRUE,TRUE,Quercus ellipsoidalis,species,Fagaceae,Quercus,ellipsoidalis,,Quercus ellipsoidalis
Quercus ellipsoidalis,TRUE,FALSE,Quercus ellipsoidalis,species,Fagaceae,Quercus,ellipsoidalis,,Quercus ellipsoidalis
Quercus macrocarpa,TRUE,FALSE,Quercus macrocarpa,species,Fagaceae,Quercus,macrocarpa,,Quercus macrocarpa
Quercus macrocarpa grub,TRUE,TRUE,Quercus macrocarpa  var. macrocarpa,variety,Fagaceae,Quercus,macrocarpa,Synonym,Quercus macrocarpa
Quercus sp.,TRUE,FALSE,Quercus,genus,Fagaceae,Quercus,sp.,,Quercus sp.
Ranunculus rhomboideus,TRUE,FALSE,Ranunculus rhomboideus,species,Ranunculaceae,Ranunculus,rhomboideus,,Ranunculus rhomboideus
Ratibida pinnata,TRUE,FALSE,Ratibida pinnata,species,Asteraceae,Ratibida,pinnata,,Ratibida pinnata
Real Weeds,TRUE,TRUE,Seala,genus,,Seala,sp.,,Seala sp.
Reproductive stem,FALSE,FALSE,NA,NA,NA,NA,NA,,NA NA
Rhamnus cathartica,TRUE,FALSE,Rhamnus cathartica,species,Rhamnaceae,Rhamnus,cathartica,,Rhamnus cathartica
Rhamnus frangula,TRUE,FALSE,Frangula alnus,species,Rhamnaceae,Frangula,alnus,Synonym,Frangula alnus
Rhamnus sp.,TRUE,FALSE,Rhamnus,genus,Rhamnaceae,Rhamnus,sp.,,Rhamnus sp.
Rhus glabra,TRUE,FALSE,Rhus glabra,species,Anacardiaceae,Rhus,glabra,,Rhus glabra
Rhus radicans,TRUE,FALSE,Toxicodendron radicans,species,Anacardiaceae,Toxicodendron,radicans,Synonym,Toxicodendron radicans
Rhus sp.,TRUE,FALSE,Rhus,genus,Anacardiaceae,Rhus,sp.,,Rhus sp.
Rhus typhina,TRUE,FALSE,Rhus typhina,species,Anacardiaceae,Rhus,typhina,,Rhus typhina
Ribes hirtellum,TRUE,FALSE,Ribes hirtellum,species,Grossulariaceae,Ribes,hirtellum,,Ribes hirtellum
Robinia pseudacacia,TRUE,FALSE,Robinia pseudoacacia,species,Fabaceae,Robinia,pseudoacacia,Synonym,Robinia pseudoacacia
Roots,TRUE,TRUE,Roosia,genus,Aizoaceae,Roosia,sp.,,Roosia sp.
Rosa arkansana,TRUE,FALSE,Rosa arkansana,species,Rosaceae,Rosa,arkansana,,Rosa arkansana
Rosa blanda,TRUE,FALSE,Rosa blanda,species,Rosaceae,Rosa,blanda,,Rosa blanda
Rosa carolina,TRUE,FALSE,Rosa carolina,species,Rosaceae,Rosa,carolina,,Rosa carolina
Rubus alleghaniensis,TRUE,FALSE,Rubus allegheniensis,species,Rosaceae,Rubus,allegheniensis,Synonym,Rubus allegheniensis
Rubus canadensis,TRUE,FALSE,Rubus canadensis,species,Rosaceae,Rubus,canadensis,,Rubus canadensis
Rubus flagellaris,TRUE,FALSE,Rubus flagellaris,species,Rosaceae,Rubus,flagellaris,,Rubus flagellaris
Rubus idaeus,TRUE,FALSE,Rubus idaeus,species,Rosaceae,Rubus,idaeus,,Rubus idaeus
Rubus occidentalis,TRUE,FALSE,Rubus occidentalis,species,Rosaceae,Rubus,occidentalis,,Rubus occidentalis
Rubus pubescens,TRUE,FALSE,Rubus pubescens,species,Rosaceae,Rubus,pubescens,,Rubus pubescens
Rubus sp.,TRUE,FALSE,Rubus,genus,Rosaceae,Rubus,sp.,,Rubus sp.
Rubus strigosus,TRUE,FALSE,Rubus idaeus  subsp. strigosus,subspecies,Rosaceae,Rubus,idaeus,Synonym,Rubus idaeus
Rudbeckia hirta,TRUE,FALSE,Rudbeckia hirta,species,Asteraceae,Rudbeckia,hirta,,Rudbeckia hirta
Rudbeckia serotina,TRUE,FALSE,Echinacea purpurea,species,Asteraceae,Echinacea,purpurea,Synonym,Echinacea purpurea
Rumex acetosella,TRUE,FALSE,Rumex acetosella,species,Polygonaceae,Rumex,acetosella,,Rumex acetosella
Rumex mexicanus,TRUE,FALSE,Rumex mexicanus,species,Polygonaceae,Rumex,mexicanus,,Rumex mexicanus
Rumex orbiculatus,TRUE,FALSE,Rumex britannica,species,Polygonaceae,Rumex,britannica,Synonym,Rumex britannica
Rumex sp.,TRUE,FALSE,Rumex,genus,Polygonaceae,Rumex,sp.,,Rumex sp.
Sagittaria latifolia,TRUE,FALSE,Sagittaria latifolia,species,Alismataceae,Sagittaria,latifolia,,Sagittaria latifolia
Salix bebbiana,TRUE,FALSE,Salix bebbiana,species,Salicaceae,Salix,bebbiana,,Salix bebbiana
Salix discolor,TRUE,FALSE,Salix discolor,species,Salicaceae,Salix,discolor,,Salix discolor
Salix gracilis,TRUE,FALSE,Salix petiolaris,species,Salicaceae,Salix,petiolaris,Synonym,Salix petiolaris
Salix humilis,TRUE,FALSE,Salix humilis,species,Salicaceae,Salix,humilis,,Salix humilis
Salix interior,TRUE,FALSE,Salix interior,species,Salicaceae,Salix,interior,,Salix interior
Salix pedicellaris,TRUE,FALSE,Salix pedicellaris,species,Salicaceae,Salix,pedicellaris,,Salix pedicellaris
Salix pyrifolia,TRUE,FALSE,Salix pyrifolia,species,Salicaceae,Salix,pyrifolia,,Salix pyrifolia
Salix serrisima,TRUE,TRUE,Salix serissima,species,Salicaceae,Salix,serissima,,Salix serissima
Salix sp.,TRUE,FALSE,Salix,genus,Salicaceae,Salix,sp.,,Salix sp.
Salsola kali,TRUE,FALSE,Salsola kali,species,Amaranthaceae,Salsola,kali,,Salsola kali
Saxifraga pensylvanica,TRUE,FALSE,Micranthes pensylvanica,species,Saxifragaceae,Micranthes,pensylvanica,Synonym,Micranthes pensylvanica
Schizachne purpurascens,TRUE,FALSE,Schizachne purpurascens,species,Poaceae,Schizachne,purpurascens,,Schizachne purpurascens
Schizachyrium scoparium,TRUE,FALSE,Schizachyrium scoparium,species,Poaceae,Schizachyrium,scoparium,,Schizachyrium scoparium
Scirpus cyperinus,TRUE,FALSE,Scirpus cyperinus,species,Cyperaceae,Scirpus,cyperinus,,Scirpus cyperinus
Scirpus validus,TRUE,FALSE,Eleocharis geniculata,species,Cyperaceae,Eleocharis,geniculata,Synonym,Eleocharis geniculata
Scleria triglomerata,TRUE,FALSE,Scleria triglomerata,species,Cyperaceae,Scleria,triglomerata,,Scleria triglomerata
Scutellaria galericulata,TRUE,FALSE,Scutellaria galericulata,species,Lamiaceae,Scutellaria,galericulata,,Scutellaria galericulata
Scutellaria lateriflora,TRUE,FALSE,Scutellaria lateriflora,species,Lamiaceae,Scutellaria,lateriflora,,Scutellaria lateriflora
Scutellaria parvula,TRUE,FALSE,Scutellaria parvula,species,Lamiaceae,Scutellaria,parvula,,Scutellaria parvula
Secale cereale,TRUE,FALSE,Secale cereale,species,Poaceae,Secale,cereale,,Secale cereale
Sedges,FALSE,FALSE,NA,NA,NA,NA,NA,,NA NA
Seed contaminant - forb,TRUE,TRUE,Reedia,genus,Cyperaceae,Reedia,sp.,,Reedia sp.
Seed contaminant - grass,TRUE,TRUE,Reedia,genus,Cyperaceae,Reedia,sp.,,Reedia sp.
Seedlings,FALSE,FALSE,NA,NA,NA,NA,NA,,NA NA
Senecio aureus,TRUE,FALSE,Senecio aureus,species,Asteraceae,Senecio,aureus,,Senecio aureus
Senecio pauperculus,TRUE,FALSE,Packera paupercula,species,Asteraceae,Packera,paupercula,Synonym,Packera paupercula
Senecio sp.,TRUE,FALSE,Senecio,genus,Asteraceae,Senecio,sp.,,Senecio sp.
Setaria italica,TRUE,FALSE,Setaria italica,species,Poaceae,Setaria,italica,,Setaria italica
Setaria lutescens (glauca),TRUE,FALSE,Pennisetum glaucum,species,Poaceae,Pennisetum,glaucum,Synonym,Pennisetum glaucum
Setaria sp.,TRUE,FALSE,Setaria,genus,Poaceae,Setaria,sp.,,Setaria sp.
Setaria viridis,TRUE,FALSE,Setaria viridis,species,Poaceae,Setaria,viridis,,Setaria viridis
Silene antirrhina,TRUE,FALSE,Silene antirrhina,species,Caryophyllaceae,Silene,antirrhina,,Silene antirrhina
Silene sp.,TRUE,FALSE,Silene,genus,Caryophyllaceae,Silene,sp.,,Silene sp.
Sisymbrium altissimum,TRUE,FALSE,Sisymbrium altissimum,species,Brassicaceae,Sisymbrium,altissimum,,Sisymbrium altissimum
Sisyrinchium campestre,TRUE,FALSE,Sisyrinchium campestre,species,Iridaceae,Sisyrinchium,campestre,,Sisyrinchium campestre
Smilacina racemosa,TRUE,FALSE,Maianthemum racemosum,species,Asparagaceae,Maianthemum,racemosum,Synonym,Maianthemum racemosum
Smilacina stellata,TRUE,FALSE,Maianthemum stellatum,species,Asparagaceae,Maianthemum,stellatum,Synonym,Maianthemum stellatum
Smilax herbacea,TRUE,FALSE,Smilax herbacea,species,Smilacaceae,Smilax,herbacea,,Smilax herbacea
Solanum americanum,TRUE,FALSE,Solanum americanum,species,Solanaceae,Solanum,americanum,,Solanum americanum
Solanum caroliniense,TRUE,TRUE,Solanum carolinense,species,Solanaceae,Solanum,carolinense,,Solanum carolinense
Solanum dulcamara,TRUE,FALSE,Solanum dulcamara,species,Solanaceae,Solanum,dulcamara,,Solanum dulcamara
Solanum nigrum,TRUE,FALSE,Solanum nigrum,species,Solanaceae,Solanum,nigrum,,Solanum nigrum
Solidago altissima,TRUE,FALSE,Solidago altissima,species,Asteraceae,Solidago,altissima,,Solidago altissima
Solidago canadensis,TRUE,FALSE,Solidago canadensis,species,Asteraceae,Solidago,canadensis,,Solidago canadensis
Solidago gigantea,TRUE,FALSE,Solidago gigantea,species,Asteraceae,Solidago,gigantea,,Solidago gigantea
Solidago graminifolia,TRUE,FALSE,Euthamia graminifolia,species,Asteraceae,Euthamia,graminifolia,Synonym,Euthamia graminifolia
Solidago juncea,TRUE,FALSE,Solidago juncea,species,Asteraceae,Solidago,juncea,,Solidago juncea
Solidago missouriensis,TRUE,FALSE,Solidago missouriensis,species,Asteraceae,Solidago,missouriensis,,Solidago missouriensis
Solidago nemoralis,TRUE,FALSE,Solidago nemoralis,species,Asteraceae,Solidago,nemoralis,,Solidago nemoralis
Solidago rigida,TRUE,FALSE,Solidago rigida,species,Asteraceae,Solidago,rigida,,Solidago rigida
Solidago sp.,TRUE,FALSE,Solidago,genus,Asteraceae,Solidago,sp.,,Solidago sp.
Solidago speciosa,TRUE,FALSE,Solidago speciosa,species,Asteraceae,Solidago,speciosa,,Solidago speciosa
Sonchus arvensis,TRUE,FALSE,Sonchus arvensis,species,Asteraceae,Sonchus,arvensis,,Sonchus arvensis
Sorghastrum nutans,TRUE,FALSE,Sorghastrum nutans,species,Poaceae,Sorghastrum,nutans,,Sorghastrum nutans
Spartina pectinata,TRUE,FALSE,Spartina pectinata,species,Poaceae,Spartina,pectinata,,Spartina pectinata
Sphagnum sp.,TRUE,FALSE,Sphagnum,genus,Sphagnaceae,Sphagnum,sp.,,Sphagnum sp.
Spiraea alba,TRUE,FALSE,Spiraea alba,species,Rosaceae,Spiraea,alba,,Spiraea alba
Spiraea tomentosa,TRUE,FALSE,Spiraea tomentosa,species,Rosaceae,Spiraea,tomentosa,,Spiraea tomentosa
Sporobolus cryptandrus,TRUE,FALSE,Sporobolus cryptandrus,species,Poaceae,Sporobolus,cryptandrus,,Sporobolus cryptandrus
Sporobolus heterolepis,TRUE,FALSE,Sporobolus heterolepis,species,Poaceae,Sporobolus,heterolepis,,Sporobolus heterolepis
Sporobolus sp.,TRUE,FALSE,Sporobolus,genus,Poaceae,Sporobolus,sp.,,Sporobolus sp.
Stachys palustris,TRUE,FALSE,Stachys palustris,species,Lamiaceae,Stachys,palustris,,Stachys palustris
Stachys sp.,TRUE,FALSE,Stachys,genus,Lamiaceae,Stachys,sp.,,Stachys sp.
Stachys tenuifolia,TRUE,FALSE,Stachys tenuifolia,species,Lamiaceae,Stachys,tenuifolia,,Stachys tenuifolia
Stellaria longifolia,TRUE,FALSE,Stellaria longifolia,species,Caryophyllaceae,Stellaria,longifolia,,Stellaria longifolia
Stellaria media,TRUE,FALSE,Stellaria media,species,Caryophyllaceae,Stellaria,media,,Stellaria media
Stems,FALSE,FALSE,NA,NA,NA,NA,NA,,NA NA
Stipa comata,TRUE,FALSE,Stipa comata,species,Poaceae,Stipa,comata,,Stipa comata
Stipa spartea,TRUE,FALSE,Stipa spartea,species,Poaceae,Stipa,spartea,,Stipa spartea
Stipa spicata,TRUE,FALSE,Trachypogon spicatus,species,Poaceae,Trachypogon,spicatus,Synonym,Trachypogon spicatus
Streptopus roseus,TRUE,FALSE,Streptopus lanceolatus,species,Liliaceae,Streptopus,lanceolatus,Synonym,Streptopus lanceolatus
Strophostyles leiosperma,TRUE,FALSE,Strophostyles leiosperma,species,Fabaceae,Strophostyles,leiosperma,,Strophostyles leiosperma
Symphoricarpos occidentalis,TRUE,FALSE,Symphoricarpos occidentalis,species,Caprifoliaceae,Symphoricarpos,occidentalis,,Symphoricarpos occidentalis
Taraxacum sp.,TRUE,FALSE,Taraxacum,genus,Asteraceae,Taraxacum,sp.,,Taraxacum sp.
Taraxicum officinalis,TRUE,TRUE,Taraxacum officinale,species,Asteraceae,Taraxacum,officinale,,Taraxacum officinale
Thalictrum dasycarpum,TRUE,FALSE,Thalictrum dasycarpum,species,Ranunculaceae,Thalictrum,dasycarpum,,Thalictrum dasycarpum
Thalictrum dioicum,TRUE,FALSE,Thalictrum dioicum,species,Ranunculaceae,Thalictrum,dioicum,,Thalictrum dioicum
Thelypteris palustris,TRUE,FALSE,Thelypteris palustris,species,Thelypteridaceae,Thelypteris,palustris,,Thelypteris palustris
Toothpick (t.p.),FALSE,FALSE,NA,NA,NA,NA,NA,,NA NA
Tradescantia bracteata,TRUE,FALSE,Tradescantia bracteata,species,Commelinaceae,Tradescantia,bracteata,,Tradescantia bracteata
Tradescantia occidentalis,TRUE,FALSE,Tradescantia occidentalis,species,Commelinaceae,Tradescantia,occidentalis,,Tradescantia occidentalis
Tradescantia sp.,TRUE,FALSE,Tradescantia,genus,Commelinaceae,Tradescantia,sp.,,Tradescantia sp.
Tragopogon dubius (major),TRUE,FALSE,Tragopogon dubius,species,Asteraceae,Tragopogon,dubius,,Tragopogon dubius
Triadenum fraseri,TRUE,FALSE,Hypericum fraseri,species,Hypericaceae,Hypericum,fraseri,Synonym,Hypericum fraseri
Trientalis borealis,TRUE,FALSE,Lysimachia borealis,species,Primulaceae,Lysimachia,borealis,Synonym,Lysimachia borealis
Trifolium arvense,TRUE,FALSE,Trifolium arvense,species,Fabaceae,Trifolium,arvense,,Trifolium arvense
Trifolium hybridum,TRUE,FALSE,Trifolium hybridum,species,Fabaceae,Trifolium,hybridum,,Trifolium hybridum
Trifolium pratense,TRUE,FALSE,Trifolium pratense,species,Fabaceae,Trifolium,pratense,,Trifolium pratense
Trifolium repens,TRUE,FALSE,Trifolium repens,species,Fabaceae,Trifolium,repens,,Trifolium repens
Trifolium sp.,TRUE,FALSE,Trifolium,genus,Fabaceae,Trifolium,sp.,,Trifolium sp.
Typha glauca,TRUE,FALSE,Typha angustifolia,species,Typhaceae,Typha,angustifolia,Synonym,Typha angustifolia
Typha latifolia,TRUE,FALSE,Typha latifolia,species,Typhaceae,Typha,latifolia,,Typha latifolia
Typha sp.,TRUE,FALSE,Typha,genus,Typhaceae,Typha,sp.,,Typha sp.
Ulmus americana,TRUE,FALSE,Ulmus americana,species,Ulmaceae,Ulmus,americana,,Ulmus americana
Ulmus pumila,TRUE,FALSE,Ulmus pumila,species,Ulmaceae,Ulmus,pumila,,Ulmus pumila
Ulmus sp.,TRUE,FALSE,Ulmus,genus,Ulmaceae,Ulmus,sp.,,Ulmus sp.
Unsorted biomass,FALSE,FALSE,NA,NA,NA,NA,NA,,NA NA
Urtica dioica,TRUE,FALSE,Urtica dioica,species,Urticaceae,Urtica,dioica,,Urtica dioica
Urtica gracilis,TRUE,FALSE,Urtica gracilis,species,Urticaceae,Urtica,gracilis,,Urtica gracilis
Utricularia sp.,TRUE,FALSE,Utricularia,genus,Lentibulariaceae,Utricularia,sp.,,Utricularia sp.
Uvularia sessifolia,TRUE,TRUE,Uvularia sessilifolia,species,Colchicaceae,Uvularia,sessilifolia,,Uvularia sessilifolia
Vaccinium angustifolium,TRUE,FALSE,Vaccinium angustifolium,species,Ericaceae,Vaccinium,angustifolium,,Vaccinium angustifolium
Vaccinium myrtilloides,TRUE,FALSE,Vaccinium myrtilloides,species,Ericaceae,Vaccinium,myrtilloides,,Vaccinium myrtilloides
Vaccinium sp.,TRUE,FALSE,Vaccinium,genus,Ericaceae,Vaccinium,sp.,,Vaccinium sp.
Verbascum thapsus,TRUE,FALSE,Verbascum thapsus,species,Scrophulariaceae,Verbascum,thapsus,,Verbascum thapsus
Verbena bracteata,TRUE,FALSE,Verbena bracteata,species,Verbenaceae,Verbena,bracteata,,Verbena bracteata
Verbena hastata,TRUE,FALSE,Verbena hastata,species,Verbenaceae,Verbena,hastata,,Verbena hastata
Verbena stricta,TRUE,FALSE,Verbena stricta,species,Verbenaceae,Verbena,stricta,,Verbena stricta
Vernonia fasciculata,TRUE,FALSE,Vernonia fasciculata,species,Asteraceae,Vernonia,fasciculata,,Vernonia fasciculata
Veronicastrum virginicum,TRUE,FALSE,Veronicastrum virginicum,species,Plantaginaceae,Veronicastrum,virginicum,,Veronicastrum virginicum
Viburnum lentago,TRUE,FALSE,Viburnum lentago,species,Viburnaceae,Viburnum,lentago,,Viburnum lentago
Vicia angustifolia,TRUE,FALSE,Vicia setifolia  var. setifolia,variety,Fabaceae,Vicia,setifolia,Synonym,Vicia setifolia
Vicia villosa,TRUE,FALSE,Vicia villosa,species,Fabaceae,Vicia,villosa,,Vicia villosa
Viola pallens,TRUE,FALSE,Viola macloskeyi,species,Violaceae,Viola,macloskeyi,Synonym,Viola macloskeyi
Viola palustris,TRUE,FALSE,Viola palustris,species,Violaceae,Viola,palustris,,Viola palustris
Viola pedata,TRUE,FALSE,Viola pedata,species,Violaceae,Viola,pedata,,Viola pedata
Viola pedatifida,TRUE,FALSE,Viola pedatifida,species,Violaceae,Viola,pedatifida,,Viola pedatifida
Viola sagittata,TRUE,FALSE,Viola sagittata,species,Violaceae,Viola,sagittata,,Viola sagittata
Viola Selkirkii,TRUE,TRUE,Viola selkirkii,species,Violaceae,Viola,selkirkii,,Viola selkirkii
Viola sp.,TRUE,FALSE,Viola,genus,Violaceae,Viola,sp.,,Viola sp.
Vitis riparia,TRUE,FALSE,Vitis riparia,species,Vitaceae,Vitis,riparia,,Vitis riparia
Weeds,TRUE,TRUE,Narcissus leedsii,species,Amaryllidaceae,Narcissus,leedsii,,Narcissus leedsii
Woody,FALSE,FALSE,NA,NA,NA,NA,NA,,NA NA
Woody debris,TRUE,TRUE,Woodia,genus,Apocynaceae,Woodia,sp.,,Woodia sp.
Xyris torta,TRUE,FALSE,Xyris torta,species,Xyridaceae,Xyris,torta,,Xyris torta
Zanthoxylum americanum,TRUE,FALSE,Zanthoxylum americanum,species,Rutaceae,Zanthoxylum,americanum,,Zanthoxylum americanum
Zizia aptera,TRUE,FALSE,Zizia aptera,species,Apiaceae,Zizia,aptera,,Zizia aptera
Zizia aurea,TRUE,FALSE,Zizia aurea,species,Apiaceae,Zizia,aurea,,Zizia aurea
