sciname_IN_Phylogeny,Matched,Fuzzy,scientificName,taxonRank,majorGroup,family,genus,specificEpithet,Old.status,sciname_IN_WFO
Sagittaria latifolia,TRUE,FALSE,Sagittaria latifolia,species,A,Alismataceae,Sagittaria,latifolia,,Sagittaria latifolia
Bouteloua dactyloides,TRUE,FALSE,Bouteloua dactyloides,species,A,Poaceae,Bouteloua,dactyloides,,Bouteloua dactyloides
Paspalum setaceum,TRUE,FALSE,Paspalum setaceum,species,A,Poaceae,Paspalum,setaceum,,Paspalum setaceum
Digitaria sanguinalis,TRUE,FALSE,Digitaria sanguinalis,species,A,Poaceae,Digitaria,sanguinalis,,Digitaria sanguinalis
Digitaria ischaemum,TRUE,FALSE,Digitaria ischaemum,species,A,Poaceae,Digitaria,ischaemum,,Digitaria ischaemum
Cenchrus longispinus,TRUE,FALSE,Cenchrus longispinus,species,A,Poaceae,Cenchrus,longispinus,,Cenchrus longispinus
Digitaria cognata,TRUE,FALSE,Digitaria cognata,species,A,Poaceae,Digitaria,cognata,,Digitaria cognata
Setaria viridis,TRUE,FALSE,Setaria viridis,species,A,Poaceae,Setaria,viridis,,Setaria viridis
Setaria italica,TRUE,FALSE,Setaria italica,species,A,Poaceae,Setaria,italica,,Setaria italica
Panicum miliaceum,TRUE,FALSE,Panicum miliaceum,species,A,Poaceae,Panicum,miliaceum,,Panicum miliaceum
Panicum capillare,TRUE,FALSE,Panicum capillare,species,A,Poaceae,Panicum,capillare,,Panicum capillare
Panicum virgatum,TRUE,FALSE,Panicum virgatum,species,A,Poaceae,Panicum,virgatum,,Panicum virgatum
Dichanthelium oligosanthes,TRUE,FALSE,Dichanthelium oligosanthes,species,A,Poaceae,Dichanthelium,oligosanthes,,Dichanthelium oligosanthes
Dichanthelium linearifolium,TRUE,FALSE,Dichanthelium linearifolium,species,A,Poaceae,Dichanthelium,linearifolium,,Dichanthelium linearifolium
Dichanthelium acuminatum,TRUE,FALSE,Dichanthelium acuminatum,species,A,Poaceae,Dichanthelium,acuminatum,,Dichanthelium acuminatum
Trachypogon spicatus,TRUE,FALSE,Trachypogon spicatus,species,A,Poaceae,Trachypogon,spicatus,,Trachypogon spicatus
Schizachyrium scoparium,TRUE,FALSE,Schizachyrium scoparium,species,A,Poaceae,Schizachyrium,scoparium,,Schizachyrium scoparium
Sorghastrum nutans,TRUE,FALSE,Sorghastrum nutans,species,A,Poaceae,Sorghastrum,nutans,,Sorghastrum nutans
Danthonia spicata,TRUE,FALSE,Danthonia spicata,species,A,Poaceae,Danthonia,spicata,,Danthonia spicata
Aristida tuberculosa,TRUE,FALSE,Aristida tuberculosa,species,A,Poaceae,Aristida,tuberculosa,,Aristida tuberculosa
Aristida basiramea,TRUE,FALSE,Aristida basiramea,species,A,Poaceae,Aristida,basiramea,,Aristida basiramea
Eragrostis trichodes,TRUE,FALSE,Eragrostis trichodes,species,A,Poaceae,Eragrostis,trichodes,,Eragrostis trichodes
Eragrostis spectabilis,TRUE,FALSE,Eragrostis spectabilis,species,A,Poaceae,Eragrostis,spectabilis,,Eragrostis spectabilis
Bouteloua aristidoides,TRUE,FALSE,Bouteloua aristidoides,species,A,Poaceae,Bouteloua,aristidoides,,Bouteloua aristidoides
Bouteloua curtipendula,TRUE,FALSE,Bouteloua curtipendula,species,A,Poaceae,Bouteloua,curtipendula,,Bouteloua curtipendula
Bouteloua hirsuta,TRUE,FALSE,Bouteloua hirsuta,species,A,Poaceae,Bouteloua,hirsuta,,Bouteloua hirsuta
Muhlenbergia racemosa,TRUE,FALSE,Muhlenbergia racemosa,species,A,Poaceae,Muhlenbergia,racemosa,,Muhlenbergia racemosa
Sporobolus rigidus,TRUE,FALSE,Sporobolus rigidus,species,A,Poaceae,Sporobolus,rigidus,,Sporobolus rigidus
Sporobolus heterolepis,TRUE,FALSE,Sporobolus heterolepis,species,A,Poaceae,Sporobolus,heterolepis,,Sporobolus heterolepis
Sporobolus cryptandrus,TRUE,FALSE,Sporobolus cryptandrus,species,A,Poaceae,Sporobolus,cryptandrus,,Sporobolus cryptandrus
Dysphania atriplicifolia,TRUE,TRUE,Dysphania,genus,A,Amaranthaceae,Dysphania,sp.,,Dysphania sp.
Glyceria grandis,TRUE,FALSE,Glyceria grandis,species,A,Poaceae,Glyceria,grandis,,Glyceria grandis
Schizachne purpurascens,TRUE,FALSE,Schizachne purpurascens,species,A,Poaceae,Schizachne,purpurascens,,Schizachne purpurascens
Bromus inermis,TRUE,FALSE,Bromus inermis,species,A,Poaceae,Bromus,inermis,,Bromus inermis
Bromus ciliatus,TRUE,FALSE,Bromus ciliatus,species,A,Poaceae,Bromus,ciliatus,,Bromus ciliatus
Bromus kalmii,TRUE,FALSE,Bromus kalmii,species,A,Poaceae,Bromus,kalmii,,Bromus kalmii
Bromus tectorum,TRUE,FALSE,Bromus tectorum,species,A,Poaceae,Bromus,tectorum,,Bromus tectorum
Lysimachia borealis,TRUE,FALSE,Lysimachia borealis,species,A,Primulaceae,Lysimachia,borealis,,Lysimachia borealis
Secale cereale,TRUE,FALSE,Secale cereale,species,A,Poaceae,Secale,cereale,,Secale cereale
Secale vavilovii,TRUE,FALSE,Secale vavilovii,species,A,Poaceae,Secale,vavilovii,,Secale vavilovii
Elymus repens,TRUE,FALSE,Elymus repens,species,A,Poaceae,Elymus,repens,,Elymus repens
Elymus canadensis,TRUE,FALSE,Elymus canadensis,species,A,Poaceae,Elymus,canadensis,,Elymus canadensis
Andropogon gerardi,TRUE,TRUE,Andropogon gerardii,species,A,Poaceae,Andropogon,gerardii,,Andropogon gerardii
Lolium multiflorum,TRUE,FALSE,Lolium multiflorum,species,A,Poaceae,Lolium,multiflorum,,Lolium multiflorum
Poa pratensis,TRUE,FALSE,Poa pratensis,species,A,Poaceae,Poa,pratensis,,Poa pratensis
Poa compressa,TRUE,FALSE,Poa compressa,species,A,Poaceae,Poa,compressa,,Poa compressa
Poa nemoralis,TRUE,FALSE,Poa nemoralis,species,A,Poaceae,Poa,nemoralis,,Poa nemoralis
Poa palustris,TRUE,FALSE,Poa palustris,species,A,Poaceae,Poa,palustris,,Poa palustris
Calamagrostis stricta,TRUE,FALSE,Calamagrostis stricta,species,A,Poaceae,Calamagrostis,stricta,,Calamagrostis stricta
Koeleria pyramidata,TRUE,FALSE,Koeleria pyramidata,species,A,Poaceae,Koeleria,pyramidata,,Koeleria pyramidata
Hesperostipa spartea,TRUE,FALSE,Stipa spartea,species,A,Poaceae,Stipa,spartea,Synonym,Stipa spartea
Hesperostipa comata,TRUE,FALSE,Stipa comata,species,A,Poaceae,Stipa,comata,Synonym,Stipa comata
Festuca guestphalica,TRUE,FALSE,Festuca ovina,species,A,Poaceae,Festuca,ovina,Synonym,Festuca ovina
Festuca guestfalica,TRUE,FALSE,Festuca guestfalica,species,A,Poaceae,Festuca,guestfalica,,Festuca guestfalica
Festuca ovina,TRUE,FALSE,Festuca ovina,species,A,Poaceae,Festuca,ovina,,Festuca ovina
Festuca rubra,TRUE,FALSE,Festuca rubra,species,A,Poaceae,Festuca,rubra,,Festuca rubra
Phleum pratense,TRUE,FALSE,Phleum pratense,species,A,Poaceae,Phleum,pratense,,Phleum pratense
Calamagrostis canadensis,TRUE,FALSE,Calamagrostis canadensis,species,A,Poaceae,Calamagrostis,canadensis,,Calamagrostis canadensis
Agrostis scabra,TRUE,FALSE,Agrostis scabra,species,A,Poaceae,Agrostis,scabra,,Agrostis scabra
Phalaris arundinacea,TRUE,FALSE,Phalaris arundinacea,species,A,Poaceae,Phalaris,arundinacea,,Phalaris arundinacea
Leersia oryzoides,TRUE,FALSE,Leersia oryzoides,species,A,Poaceae,Leersia,oryzoides,,Leersia oryzoides
Chamaenerion angustifolium,TRUE,FALSE,Epilobium angustifolium,species,A,Onagraceae,Epilobium,angustifolium,Synonym,Epilobium angustifolium
Cenchrus americanus,TRUE,FALSE,Cenchrus americanus,species,A,Poaceae,Cenchrus,americanus,,Cenchrus americanus
Frangula alnus,TRUE,FALSE,Frangula alnus,species,A,Rhamnaceae,Frangula,alnus,,Frangula alnus
Pilosella aurantiaca,TRUE,FALSE,Pilosella aurantiaca,species,A,Asteraceae,Pilosella,aurantiaca,,Pilosella aurantiaca
Typha latifolia,TRUE,FALSE,Typha latifolia,species,A,Typhaceae,Typha,latifolia,,Typha latifolia
Typha angustifolia,TRUE,FALSE,Typha angustifolia,species,A,Typhaceae,Typha,angustifolia,,Typha angustifolia
Anthoxanthum nitens,TRUE,FALSE,Anthoxanthum nitens,species,A,Poaceae,Anthoxanthum,nitens,,Anthoxanthum nitens
Juncus tenuis,TRUE,FALSE,Juncus tenuis,species,A,Juncaceae,Juncus,tenuis,,Juncus tenuis
Scleria triglomerata,TRUE,FALSE,Scleria triglomerata,species,A,Cyperaceae,Scleria,triglomerata,,Scleria triglomerata
Eleocharis geniculata,TRUE,FALSE,Eleocharis geniculata,species,A,Cyperaceae,Eleocharis,geniculata,,Eleocharis geniculata
Cyperus schweinitzii,TRUE,FALSE,Cyperus schweinitzii,species,A,Cyperaceae,Cyperus,schweinitzii,,Cyperus schweinitzii
Cyperus strigosus,TRUE,FALSE,Cyperus strigosus,species,A,Cyperaceae,Cyperus,strigosus,,Cyperus strigosus
Cyperus filiculmis,TRUE,FALSE,Cyperus filiculmis,species,A,Cyperaceae,Cyperus,filiculmis,,Cyperus filiculmis
Dulichium arundinaceum,TRUE,FALSE,Dulichium arundinaceum,species,A,Cyperaceae,Dulichium,arundinaceum,,Dulichium arundinaceum
Scirpus cyperinus,TRUE,FALSE,Scirpus cyperinus,species,A,Cyperaceae,Scirpus,cyperinus,,Scirpus cyperinus
Carex scoparia,TRUE,FALSE,Carex scoparia,species,A,Cyperaceae,Carex,scoparia,,Carex scoparia
Carex pensylvanica,TRUE,FALSE,Carex pensylvanica,species,A,Cyperaceae,Carex,pensylvanica,,Carex pensylvanica
Carex gracillima,TRUE,FALSE,Carex gracillima,species,A,Cyperaceae,Carex,gracillima,,Carex gracillima
Carex lasiocarpa,TRUE,FALSE,Carex lasiocarpa,species,A,Cyperaceae,Carex,lasiocarpa,,Carex lasiocarpa
Carex comosa,TRUE,FALSE,Carex comosa,species,A,Cyperaceae,Carex,comosa,,Carex comosa
Carex lacustris,TRUE,FALSE,Carex lacustris,species,A,Cyperaceae,Carex,lacustris,,Carex lacustris
Carex rostrata,TRUE,FALSE,Carex rostrata,species,A,Cyperaceae,Carex,rostrata,,Carex rostrata
Carex oligosperma,TRUE,FALSE,Carex oligosperma,species,A,Cyperaceae,Carex,oligosperma,,Carex oligosperma
Carex haydenii,TRUE,FALSE,Carex haydenii,species,A,Cyperaceae,Carex,haydenii,,Carex haydenii
Carex stricta,TRUE,FALSE,Carex stricta,species,A,Cyperaceae,Carex,stricta,,Carex stricta
Carex chordorrhiza,TRUE,FALSE,Carex chordorrhiza,species,A,Cyperaceae,Carex,chordorrhiza,,Carex chordorrhiza
Carex canescens,TRUE,FALSE,Carex canescens,species,A,Cyperaceae,Carex,canescens,,Carex canescens
Carex vulpinoidea,TRUE,FALSE,Carex vulpinoidea,species,A,Cyperaceae,Carex,vulpinoidea,,Carex vulpinoidea
Carex bebbii,TRUE,FALSE,Carex bebbii,species,A,Cyperaceae,Carex,bebbii,,Carex bebbii
Carex bicknellii,TRUE,FALSE,Carex bicknellii,species,A,Cyperaceae,Carex,bicknellii,,Carex bicknellii
Carex foenea,TRUE,FALSE,Carex foenea,species,A,Cyperaceae,Carex,foenea,,Carex foenea
Carex diandra,TRUE,FALSE,Carex diandra,species,A,Cyperaceae,Carex,diandra,,Carex diandra
Carex echinata,TRUE,FALSE,Carex echinata,species,A,Cyperaceae,Carex,echinata,,Carex echinata
Carex interior,TRUE,FALSE,Carex interior,species,A,Cyperaceae,Carex,interior,,Carex interior
Carex disperma,TRUE,FALSE,Carex disperma,species,A,Cyperaceae,Carex,disperma,,Carex disperma
Tradescantia bracteata,TRUE,FALSE,Tradescantia bracteata,species,A,Commelinaceae,Tradescantia,bracteata,,Tradescantia bracteata
Tradescantia occidentalis,TRUE,FALSE,Tradescantia occidentalis,species,A,Commelinaceae,Tradescantia,occidentalis,,Tradescantia occidentalis
Hypoxis hirsuta,TRUE,FALSE,Hypoxis hirsuta,species,A,Hypoxidaceae,Hypoxis,hirsuta,,Hypoxis hirsuta
Iris versicolor,TRUE,FALSE,Iris versicolor,species,A,Iridaceae,Iris,versicolor,,Iris versicolor
Allium cernuum,TRUE,FALSE,Allium cernuum,species,A,Amaryllidaceae,Allium,cernuum,,Allium cernuum
Allium stellatum,TRUE,FALSE,Allium stellatum,species,A,Amaryllidaceae,Allium,stellatum,,Allium stellatum
Sisyrinchium campestre,TRUE,FALSE,Sisyrinchium campestre,species,A,Iridaceae,Sisyrinchium,campestre,,Sisyrinchium campestre
Asparagus officinalis,TRUE,FALSE,Asparagus officinalis,species,A,Asparagaceae,Asparagus,officinalis,,Asparagus officinalis
Polygonatum biflorum,TRUE,FALSE,Polygonatum biflorum,species,A,Asparagaceae,Polygonatum,biflorum,,Polygonatum biflorum
Maianthemum stellatum,TRUE,FALSE,Maianthemum stellatum,species,A,Asparagaceae,Maianthemum,stellatum,,Maianthemum stellatum
Maianthemum canadense,TRUE,FALSE,Maianthemum canadense,species,A,Asparagaceae,Maianthemum,canadense,,Maianthemum canadense
Platanthera lacera,TRUE,FALSE,Platanthera lacera,species,A,Orchidaceae,Platanthera,lacera,,Platanthera lacera
Uvularia sessilifolia,TRUE,FALSE,Uvularia sessilifolia,species,A,Colchicaceae,Uvularia,sessilifolia,,Uvularia sessilifolia
Streptopus lanceolatus,TRUE,FALSE,Streptopus lanceolatus,species,A,Liliaceae,Streptopus,lanceolatus,,Streptopus lanceolatus
Smilax herbacea,TRUE,FALSE,Smilax herbacea,species,A,Smilacaceae,Smilax,herbacea,,Smilax herbacea
Parthenocissus inserta,TRUE,FALSE,Parthenocissus quinquefolia,species,A,Vitaceae,Parthenocissus,quinquefolia,Synonym,Parthenocissus quinquefolia
Vitis vulpina,TRUE,FALSE,Vitis vulpina,species,A,Vitaceae,Vitis,vulpina,,Vitis vulpina
Vitis riparia,TRUE,FALSE,Vitis riparia,species,A,Vitaceae,Vitis,riparia,,Vitis riparia
Parthenocissus quinquefolia,TRUE,FALSE,Parthenocissus quinquefolia,species,A,Vitaceae,Parthenocissus,quinquefolia,,Parthenocissus quinquefolia
Micranthes pensylvanica,TRUE,FALSE,Micranthes pensylvanica,species,A,Saxifragaceae,Micranthes,pensylvanica,,Micranthes pensylvanica
Heuchera richardsonii,TRUE,FALSE,Heuchera richardsonii,species,A,Saxifragaceae,Heuchera,richardsonii,,Heuchera richardsonii
Ribes hirtellum,TRUE,FALSE,Ribes hirtellum,species,A,Grossulariaceae,Ribes,hirtellum,,Ribes hirtellum
Penthorum sedoides,TRUE,FALSE,Penthorum sedoides,species,A,Penthoraceae,Penthorum,sedoides,,Penthorum sedoides
Rosa carolina,TRUE,FALSE,Rosa carolina,species,A,Rosaceae,Rosa,carolina,,Rosa carolina
Rosa arkansana,TRUE,FALSE,Rosa arkansana,species,A,Rosaceae,Rosa,arkansana,,Rosa arkansana
Rosa blanda,TRUE,FALSE,Rosa blanda,species,A,Rosaceae,Rosa,blanda,,Rosa blanda
Potentilla simplex,TRUE,FALSE,Potentilla simplex,species,A,Rosaceae,Potentilla,simplex,,Potentilla simplex
Potentilla norvegica,TRUE,FALSE,Potentilla norvegica,species,A,Rosaceae,Potentilla,norvegica,,Potentilla norvegica
Potentilla recta,TRUE,FALSE,Potentilla recta,species,A,Rosaceae,Potentilla,recta,,Potentilla recta
Potentilla argentea,TRUE,FALSE,Potentilla argentea,species,A,Rosaceae,Potentilla,argentea,,Potentilla argentea
Comarum palustre,TRUE,FALSE,Comarum palustre,species,A,Rosaceae,Comarum,palustre,,Comarum palustre
Drymocallis arguta,TRUE,FALSE,Drymocallis arguta,species,A,Rosaceae,Drymocallis,arguta,,Drymocallis arguta
Fragaria vesca,TRUE,FALSE,Fragaria vesca,species,A,Rosaceae,Fragaria,vesca,,Fragaria vesca
Fragaria virginiana,TRUE,FALSE,Fragaria virginiana,species,A,Rosaceae,Fragaria,virginiana,,Fragaria virginiana
Rubus idaeus,TRUE,FALSE,Rubus idaeus,species,A,Rosaceae,Rubus,idaeus,,Rubus idaeus
Rubus pubescens,TRUE,FALSE,Rubus pubescens,species,A,Rosaceae,Rubus,pubescens,,Rubus pubescens
Rubus occidentalis,TRUE,FALSE,Rubus occidentalis,species,A,Rosaceae,Rubus,occidentalis,,Rubus occidentalis
Rubus flagellaris,TRUE,FALSE,Rubus flagellaris,species,A,Rosaceae,Rubus,flagellaris,,Rubus flagellaris
Rubus canadensis,TRUE,FALSE,Rubus canadensis,species,A,Rosaceae,Rubus,canadensis,,Rubus canadensis
Rubus allegheniensis,TRUE,FALSE,Rubus allegheniensis,species,A,Rosaceae,Rubus,allegheniensis,,Rubus allegheniensis
Prunus americana,TRUE,FALSE,Prunus americana,species,A,Rosaceae,Prunus,americana,,Prunus americana
Prunus pensylvanica,TRUE,FALSE,Prunus pensylvanica,species,A,Rosaceae,Prunus,pensylvanica,,Prunus pensylvanica
Prunus pumila,TRUE,FALSE,Prunus pumila,species,A,Rosaceae,Prunus,pumila,,Prunus pumila
Prunus virginiana,TRUE,FALSE,Prunus virginiana,species,A,Rosaceae,Prunus,virginiana,,Prunus virginiana
Prunus serotina,TRUE,FALSE,Prunus serotina,species,A,Rosaceae,Prunus,serotina,,Prunus serotina
Amelanchier laevis,TRUE,FALSE,Amelanchier laevis,species,A,Rosaceae,Amelanchier,laevis,,Amelanchier laevis
Amelanchier alnifolia,TRUE,FALSE,Amelanchier alnifolia,species,A,Rosaceae,Amelanchier,alnifolia,,Amelanchier alnifolia
Amelanchier sanguinea,TRUE,FALSE,Amelanchier sanguinea,species,A,Rosaceae,Amelanchier,sanguinea,,Amelanchier sanguinea
Amelanchier interior,TRUE,FALSE,Amelanchier interior,species,A,Rosaceae,Amelanchier,interior,,Amelanchier interior
Malus domestica,TRUE,FALSE,Malus domestica,species,A,Rosaceae,Malus,domestica,,Malus domestica
Amelanchier arborea,TRUE,FALSE,Amelanchier arborea,species,A,Rosaceae,Amelanchier,arborea,,Amelanchier arborea
Aronia melanocarpa,TRUE,FALSE,Aronia melanocarpa,species,A,Rosaceae,Aronia,melanocarpa,,Aronia melanocarpa
Spiraea tomentosa,TRUE,FALSE,Spiraea tomentosa,species,A,Rosaceae,Spiraea,tomentosa,,Spiraea tomentosa
Spiraea alba,TRUE,FALSE,Spiraea alba,species,A,Rosaceae,Spiraea,alba,,Spiraea alba
Elymus smithii,TRUE,FALSE,Elymus smithii,species,A,Poaceae,Elymus,smithii,,Elymus smithii
Parogonum ciliinode,TRUE,TRUE,Acacia subtessarogona,species,A,Fabaceae,Acacia,subtessarogona,Synonym,Acacia subtessarogona
Ceanothus americanus,TRUE,FALSE,Ceanothus americanus,species,A,Rhamnaceae,Ceanothus,americanus,,Ceanothus americanus
Parietaria pensylvanica,TRUE,FALSE,Parietaria pensylvanica,species,A,Urticaceae,Parietaria,pensylvanica,,Parietaria pensylvanica
Pilea pumila,TRUE,FALSE,Pilea pumila,species,A,Urticaceae,Pilea,pumila,,Pilea pumila
Urtica dioica,TRUE,FALSE,Urtica dioica,species,A,Urticaceae,Urtica,dioica,,Urtica dioica
Ulmus pumila,TRUE,FALSE,Ulmus pumila,species,A,Ulmaceae,Ulmus,pumila,,Ulmus pumila
Ulmus americana,TRUE,FALSE,Ulmus americana,species,A,Ulmaceae,Ulmus,americana,,Ulmus americana
Alnus incana,TRUE,FALSE,Alnus incana,species,A,Betulaceae,Alnus,incana,,Alnus incana
Corylus americana,TRUE,FALSE,Corylus americana,species,A,Betulaceae,Corylus,americana,,Corylus americana
Betula papyrifera,TRUE,FALSE,Betula papyrifera,species,A,Betulaceae,Betula,papyrifera,,Betula papyrifera
Betula pumila,TRUE,FALSE,Betula pumila,species,A,Betulaceae,Betula,pumila,,Betula pumila
Betula alleghaniensis,TRUE,FALSE,Betula alleghaniensis,species,A,Betulaceae,Betula,alleghaniensis,,Betula alleghaniensis
Quercus alba,TRUE,FALSE,Quercus alba,species,A,Fagaceae,Quercus,alba,,Quercus alba
Quercus macrocarpa,TRUE,FALSE,Quercus macrocarpa,species,A,Fagaceae,Quercus,macrocarpa,,Quercus macrocarpa
Quercus petraea,TRUE,FALSE,Quercus petraea,species,A,Fagaceae,Quercus,petraea,,Quercus petraea
Quercus ellipsoidalis,TRUE,FALSE,Quercus ellipsoidalis,species,A,Fagaceae,Quercus,ellipsoidalis,,Quercus ellipsoidalis
Chamaecrista fasciculata,TRUE,FALSE,Chamaecrista fasciculata,species,A,Fabaceae,Chamaecrista,fasciculata,,Chamaecrista fasciculata
Hylodesmum glutinosum,TRUE,FALSE,Hylodesmum glutinosum,species,A,Fabaceae,Hylodesmum,glutinosum,,Hylodesmum glutinosum
Lespedeza capitata,TRUE,FALSE,Lespedeza capitata,species,A,Fabaceae,Lespedeza,capitata,,Lespedeza capitata
Desmodium canadense,TRUE,FALSE,Desmodium canadense,species,A,Fabaceae,Desmodium,canadense,,Desmodium canadense
Strophostyles leiosperma,TRUE,FALSE,Strophostyles leiosperma,species,A,Fabaceae,Strophostyles,leiosperma,,Strophostyles leiosperma
Amphicarpaea bracteata,TRUE,FALSE,Amphicarpaea bracteata,species,A,Fabaceae,Amphicarpaea,bracteata,,Amphicarpaea bracteata
Amorpha canescens,TRUE,FALSE,Amorpha canescens,species,A,Fabaceae,Amorpha,canescens,,Amorpha canescens
Dalea candida,TRUE,FALSE,Dalea candida,species,A,Fabaceae,Dalea,candida,,Dalea candida
Dalea purpurea,TRUE,FALSE,Dalea purpurea,species,A,Fabaceae,Dalea,purpurea,,Dalea purpurea
Dalea villosa,TRUE,FALSE,Dalea villosa,species,A,Fabaceae,Dalea,villosa,,Dalea villosa
Baptisia alba,TRUE,FALSE,Baptisia alba,species,A,Fabaceae,Baptisia,alba,,Baptisia alba
Lupinus perennis,TRUE,FALSE,Lupinus perennis,species,A,Fabaceae,Lupinus,perennis,,Lupinus perennis
Robinia pseudoacacia,TRUE,FALSE,Robinia pseudoacacia,species,A,Fabaceae,Robinia,pseudoacacia,,Robinia pseudoacacia
Astragalus canadensis,TRUE,FALSE,Astragalus canadensis,species,A,Fabaceae,Astragalus,canadensis,,Astragalus canadensis
Melilotus officinalis,TRUE,FALSE,Melilotus officinalis,species,A,Fabaceae,Melilotus,officinalis,,Melilotus officinalis
Melilotus albus,TRUE,FALSE,Melilotus albus,species,A,Fabaceae,Melilotus,albus,,Melilotus albus
Medicago sativa,TRUE,FALSE,Medicago sativa,species,A,Fabaceae,Medicago,sativa,,Medicago sativa
Medicago lupulina,TRUE,FALSE,Medicago lupulina,species,A,Fabaceae,Medicago,lupulina,,Medicago lupulina
Vicia villosa,TRUE,FALSE,Vicia villosa,species,A,Fabaceae,Vicia,villosa,,Vicia villosa
Vicia sativa,TRUE,FALSE,Vicia sativa,species,A,Fabaceae,Vicia,sativa,,Vicia sativa
Lathyrus venosus,TRUE,FALSE,Lathyrus venosus,species,A,Fabaceae,Lathyrus,venosus,,Lathyrus venosus
Lathyrus ochroleucus,TRUE,FALSE,Lathyrus ochroleucus,species,A,Fabaceae,Lathyrus,ochroleucus,,Lathyrus ochroleucus
Trifolium pratense,TRUE,FALSE,Trifolium pratense,species,A,Fabaceae,Trifolium,pratense,,Trifolium pratense
Trifolium arvense,TRUE,FALSE,Trifolium arvense,species,A,Fabaceae,Trifolium,arvense,,Trifolium arvense
Trifolium hybridum,TRUE,FALSE,Trifolium hybridum,species,A,Fabaceae,Trifolium,hybridum,,Trifolium hybridum
Trifolium repens,TRUE,FALSE,Trifolium repens,species,A,Fabaceae,Trifolium,repens,,Trifolium repens
Polygala polygama,TRUE,FALSE,Polygala polygama,species,A,Polygalaceae,Polygala,polygama,,Polygala polygama
Polygala sanguinea,TRUE,FALSE,Polygala sanguinea,species,A,Polygalaceae,Polygala,sanguinea,,Polygala sanguinea
Celastrus scandens,TRUE,FALSE,Celastrus scandens,species,A,Celastraceae,Celastrus,scandens,,Celastrus scandens
Oxalis stricta,TRUE,FALSE,Oxalis stricta,species,A,Oxalidaceae,Oxalis,stricta,,Oxalis stricta
Euphorbia geyeri,TRUE,FALSE,Euphorbia geyeri,species,A,Euphorbiaceae,Euphorbia,geyeri,,Euphorbia geyeri
Euphorbia glyptosperma,TRUE,FALSE,Euphorbia glyptosperma,species,A,Euphorbiaceae,Euphorbia,glyptosperma,,Euphorbia glyptosperma
Euphorbia maculata,TRUE,FALSE,Euphorbia maculata,species,A,Euphorbiaceae,Euphorbia,maculata,,Euphorbia maculata
Euphorbia corollata,TRUE,FALSE,Euphorbia corollata,species,A,Euphorbiaceae,Euphorbia,corollata,,Euphorbia corollata
Populus grandidentata,TRUE,FALSE,Populus grandidentata,species,A,Salicaceae,Populus,grandidentata,,Populus grandidentata
Populus tremuloides,TRUE,FALSE,Populus tremuloides,species,A,Salicaceae,Populus,tremuloides,,Populus tremuloides
Populus deltoides,TRUE,FALSE,Populus deltoides,species,A,Salicaceae,Populus,deltoides,,Populus deltoides
Salix pyrifolia,TRUE,FALSE,Salix pyrifolia,species,A,Salicaceae,Salix,pyrifolia,,Salix pyrifolia
Salix bebbiana,TRUE,FALSE,Salix bebbiana,species,A,Salicaceae,Salix,bebbiana,,Salix bebbiana
Salix pedicellaris,TRUE,FALSE,Salix pedicellaris,species,A,Salicaceae,Salix,pedicellaris,,Salix pedicellaris
Salix discolor,TRUE,FALSE,Salix discolor,species,A,Salicaceae,Salix,discolor,,Salix discolor
Salix humilis,TRUE,FALSE,Salix humilis,species,A,Salicaceae,Salix,humilis,,Salix humilis
Salix serissima,TRUE,FALSE,Salix serissima,species,A,Salicaceae,Salix,serissima,,Salix serissima
Salix petiolaris,TRUE,FALSE,Salix petiolaris,species,A,Salicaceae,Salix,petiolaris,,Salix petiolaris
Salix interior,TRUE,FALSE,Salix interior,species,A,Salicaceae,Salix,interior,,Salix interior
Populus balsamifera,TRUE,FALSE,Populus balsamifera,species,A,Salicaceae,Populus,balsamifera,,Populus balsamifera
Viola selkirkii,TRUE,FALSE,Viola selkirkii,species,A,Violaceae,Viola,selkirkii,,Viola selkirkii
Viola pedata,TRUE,FALSE,Viola pedata,species,A,Violaceae,Viola,pedata,,Viola pedata
Viola sagittata,TRUE,FALSE,Viola sagittata,species,A,Violaceae,Viola,sagittata,,Viola sagittata
Viola pedatifida,TRUE,FALSE,Viola pedatifida,species,A,Violaceae,Viola,pedatifida,,Viola pedatifida
Viola macloskeyi,TRUE,FALSE,Viola macloskeyi,species,A,Violaceae,Viola,macloskeyi,,Viola macloskeyi
Viola palustris,TRUE,FALSE,Viola palustris,species,A,Violaceae,Viola,palustris,,Viola palustris
Geranium maculatum,TRUE,FALSE,Geranium maculatum,species,A,Geraniaceae,Geranium,maculatum,,Geranium maculatum
Circaea lutetiana,TRUE,FALSE,Circaea lutetiana,species,A,Onagraceae,Circaea,lutetiana,,Circaea lutetiana
Oenothera parviflora,TRUE,FALSE,Oenothera parviflora,species,A,Onagraceae,Oenothera,parviflora,,Oenothera parviflora
Oenothera biennis,TRUE,FALSE,Oenothera biennis,species,A,Onagraceae,Oenothera,biennis,,Oenothera biennis
Oenothera rhombipetala,TRUE,FALSE,Oenothera rhombipetala,species,A,Onagraceae,Oenothera,rhombipetala,,Oenothera rhombipetala
Epilobium leptophyllum,TRUE,FALSE,Epilobium leptophyllum,species,A,Onagraceae,Epilobium,leptophyllum,,Epilobium leptophyllum
Epilobium ciliatum,TRUE,FALSE,Epilobium ciliatum,species,A,Onagraceae,Epilobium,ciliatum,,Epilobium ciliatum
Ludwigia polycarpa,TRUE,FALSE,Ludwigia polycarpa,species,A,Onagraceae,Ludwigia,polycarpa,,Ludwigia polycarpa
Zanthoxylum americanum,TRUE,FALSE,Zanthoxylum americanum,species,A,Rutaceae,Zanthoxylum,americanum,,Zanthoxylum americanum
Acer rubrum,TRUE,FALSE,Acer rubrum,species,A,Sapindaceae,Acer,rubrum,,Acer rubrum
Acer negundo,TRUE,FALSE,Acer negundo,species,A,Sapindaceae,Acer,negundo,,Acer negundo
Toxicodendron radicans,TRUE,FALSE,Toxicodendron radicans,species,A,Anacardiaceae,Toxicodendron,radicans,,Toxicodendron radicans
Rhus glabra,TRUE,FALSE,Rhus glabra,species,A,Anacardiaceae,Rhus,glabra,,Rhus glabra
Rhus typhina,TRUE,FALSE,Rhus typhina,species,A,Anacardiaceae,Rhus,typhina,,Rhus typhina
Lechea stricta,TRUE,FALSE,Lechea stricta,species,A,Cistaceae,Lechea,stricta,,Lechea stricta
Crocanthemum bicknellii,TRUE,FALSE,Crocanthemum bicknellii,species,A,Cistaceae,Crocanthemum,bicknellii,,Crocanthemum bicknellii
Sisymbrium altissimum,TRUE,FALSE,Sisymbrium altissimum,species,A,Brassicaceae,Sisymbrium,altissimum,,Sisymbrium altissimum
Barbarea vulgaris,TRUE,FALSE,Barbarea vulgaris,species,A,Brassicaceae,Barbarea,vulgaris,,Barbarea vulgaris
Boechera divaricarpa,TRUE,FALSE,Boechera divaricarpa,species,A,Brassicaceae,Boechera,divaricarpa,,Boechera divaricarpa
Lepidium virginicum,TRUE,FALSE,Lepidium virginicum,species,A,Brassicaceae,Lepidium,virginicum,,Lepidium virginicum
Lepidium densiflorum,TRUE,FALSE,Lepidium densiflorum,species,A,Brassicaceae,Lepidium,densiflorum,,Lepidium densiflorum
Capsella bursa-pastoris,TRUE,FALSE,Capsella bursa-pastoris,species,A,Brassicaceae,Capsella,bursa-pastoris,,Capsella bursa-pastoris
Arabis hirsuta,TRUE,FALSE,Arabis hirsuta,species,A,Brassicaceae,Arabis,hirsuta,,Arabis hirsuta
Turritis glabra,TRUE,FALSE,Turritis glabra,species,A,Brassicaceae,Turritis,glabra,,Turritis glabra
Berteroa incana,TRUE,FALSE,Berteroa incana,species,A,Brassicaceae,Berteroa,incana,,Berteroa incana
Comandra umbellata,TRUE,FALSE,Comandra umbellata,species,A,Santalaceae,Comandra,umbellata,,Comandra umbellata
Hypericum majus,TRUE,FALSE,Hypericum majus,species,A,Hypericaceae,Hypericum,majus,,Hypericum majus
Triadenum fraseri,TRUE,FALSE,Hypericum fraseri,species,A,Hypericaceae,Hypericum,fraseri,Synonym,Hypericum fraseri
Salsola kali,TRUE,FALSE,Salsola kali,species,A,Amaranthaceae,Salsola,kali,,Salsola kali
Maianthemum racemosum,TRUE,FALSE,Maianthemum racemosum,species,A,Asparagaceae,Maianthemum,racemosum,,Maianthemum racemosum
Amaranthus retroflexus,TRUE,FALSE,Amaranthus retroflexus,species,A,Amaranthaceae,Amaranthus,retroflexus,,Amaranthus retroflexus
Palustricodon aparinoides,TRUE,FALSE,Palustricodon aparinoides,species,,,Palustricodon,aparinoides,,Palustricodon aparinoides
Chenopodiastrum hybridum,TRUE,FALSE,Chenopodiastrum hybridum,species,A,Amaranthaceae,Chenopodiastrum,hybridum,,Chenopodiastrum hybridum
Sporobolus michauxianus,TRUE,FALSE,Sporobolus michauxianus,species,A,Poaceae,Sporobolus,michauxianus,,Sporobolus michauxianus
Chenopodium leptophyllum,TRUE,FALSE,Chenopodium leptophyllum,species,A,Amaranthaceae,Chenopodium,leptophyllum,,Chenopodium leptophyllum
Chenopodium album,TRUE,FALSE,Chenopodium album,species,A,Amaranthaceae,Chenopodium,album,,Chenopodium album
Mirabilis albida,TRUE,FALSE,Mirabilis albida,species,A,Nyctaginaceae,Mirabilis,albida,,Mirabilis albida
Mirabilis nyctaginea,TRUE,FALSE,Oxybaphus nyctagineus,species,A,Nyctaginaceae,Oxybaphus,nyctagineus,Synonym,Oxybaphus nyctagineus
Portulaca oleracea,TRUE,FALSE,Portulaca oleracea,species,A,Portulacaceae,Portulaca,oleracea,,Portulaca oleracea
Mollugo verticillata,TRUE,FALSE,Mollugo verticillata,species,A,Molluginaceae,Mollugo,verticillata,,Mollugo verticillata
Silene latifolia,TRUE,FALSE,Silene latifolia,species,A,Caryophyllaceae,Silene,latifolia,,Silene latifolia
Moehringia lateriflora,TRUE,FALSE,Moehringia lateriflora,species,A,Caryophyllaceae,Moehringia,lateriflora,,Moehringia lateriflora
Silene antirrhina,TRUE,FALSE,Silene antirrhina,species,A,Caryophyllaceae,Silene,antirrhina,,Silene antirrhina
Stellaria longifolia,TRUE,FALSE,Stellaria longifolia,species,A,Caryophyllaceae,Stellaria,longifolia,,Stellaria longifolia
Stellaria media,TRUE,FALSE,Stellaria media,species,A,Caryophyllaceae,Stellaria,media,,Stellaria media
Cornus sericea,TRUE,FALSE,Cornus sericea,species,A,Cornaceae,Cornus,sericea,,Cornus sericea
Cornus racemosa,TRUE,FALSE,Cornus racemosa,species,A,Cornaceae,Cornus,racemosa,,Cornus racemosa
Cornus alternifolia,TRUE,FALSE,Cornus alternifolia,species,A,Cornaceae,Cornus,alternifolia,,Cornus alternifolia
Pyrola rotundifolia,TRUE,FALSE,Pyrola rotundifolia,species,A,Ericaceae,Pyrola,rotundifolia,,Pyrola rotundifolia
Chamaedaphne calyculata,TRUE,FALSE,Chamaedaphne calyculata,species,A,Ericaceae,Chamaedaphne,calyculata,,Chamaedaphne calyculata
Vaccinium angustifolium,TRUE,FALSE,Vaccinium angustifolium,species,A,Ericaceae,Vaccinium,angustifolium,,Vaccinium angustifolium
Vaccinium myrtilloides,TRUE,FALSE,Vaccinium myrtilloides,species,A,Ericaceae,Vaccinium,myrtilloides,,Vaccinium myrtilloides
Impatiens capensis,TRUE,FALSE,Impatiens capensis,species,A,Balsaminaceae,Impatiens,capensis,,Impatiens capensis
Phlox pilosa,TRUE,FALSE,Phlox pilosa,species,A,Polemoniaceae,Phlox,pilosa,,Phlox pilosa
Phlox paniculata,TRUE,FALSE,Phlox paniculata,species,A,Polemoniaceae,Phlox,paniculata,,Phlox paniculata
Lysimachia ciliata,TRUE,FALSE,Lysimachia ciliata,species,A,Primulaceae,Lysimachia,ciliata,,Lysimachia ciliata
Lysimachia thyrsiflora,TRUE,FALSE,Lysimachia thyrsiflora,species,A,Primulaceae,Lysimachia,thyrsiflora,,Lysimachia thyrsiflora
Elymus violaceus,TRUE,FALSE,Elymus violaceus,species,A,Poaceae,Elymus,violaceus,,Elymus violaceus
Ilex verticillata,TRUE,FALSE,Ilex verticillata,species,A,Aquifoliaceae,Ilex,verticillata,,Ilex verticillata
Polygonum tenue,TRUE,FALSE,Polygonum tenue,species,A,Polygonaceae,Polygonum,tenue,,Polygonum tenue
Polygonella articulata,TRUE,FALSE,Polygonella articulata,species,A,Polygonaceae,Polygonella,articulata,,Polygonella articulata
Fallopia convolvulus,TRUE,FALSE,Fallopia convolvulus,species,A,Polygonaceae,Fallopia,convolvulus,,Fallopia convolvulus
Fallopia scandens,TRUE,FALSE,Fallopia scandens,species,A,Polygonaceae,Fallopia,scandens,,Fallopia scandens
Persicaria thunbergii,TRUE,FALSE,Polygonum thunbergii,species,A,Polygonaceae,Polygonum,thunbergii,Synonym,Polygonum thunbergii
Persicaria sagittata,TRUE,FALSE,Persicaria sagittata,species,A,Polygonaceae,Persicaria,sagittata,,Persicaria sagittata
Persicaria amphibia,TRUE,FALSE,Persicaria amphibia,species,A,Polygonaceae,Persicaria,amphibia,,Persicaria amphibia
Persicaria lapathifolia,TRUE,FALSE,Persicaria lapathifolia,species,A,Polygonaceae,Persicaria,lapathifolia,,Persicaria lapathifolia
Persicaria pensylvanica,TRUE,FALSE,Persicaria pensylvanica,species,A,Polygonaceae,Persicaria,pensylvanica,,Persicaria pensylvanica
Persicaria maculosa,TRUE,FALSE,Persicaria maculosa,species,A,Polygonaceae,Persicaria,maculosa,,Persicaria maculosa
Persicaria hydropiper,TRUE,FALSE,Persicaria hydropiper,species,A,Polygonaceae,Persicaria,hydropiper,,Persicaria hydropiper
Rumex acetosella,TRUE,FALSE,Rumex acetosella,species,A,Polygonaceae,Rumex,acetosella,,Rumex acetosella
Rumex britannica,TRUE,FALSE,Rumex britannica,species,A,Polygonaceae,Rumex,britannica,,Rumex britannica
Rhamnus cathartica,TRUE,FALSE,Rhamnus cathartica,species,A,Rhamnaceae,Rhamnus,cathartica,,Rhamnus cathartica
Gentiana andrewsii,TRUE,FALSE,Gentiana andrewsii,species,A,Gentianaceae,Gentiana,andrewsii,,Gentiana andrewsii
Houstonia longifolia,TRUE,FALSE,Houstonia longifolia,species,A,Rubiaceae,Houstonia,longifolia,,Houstonia longifolia
Galium obtusum,TRUE,FALSE,Galium obtusum,species,A,Rubiaceae,Galium,obtusum,,Galium obtusum
Galium boreale,TRUE,FALSE,Galium boreale,species,A,Rubiaceae,Galium,boreale,,Galium boreale
Galium concinnum,TRUE,FALSE,Galium concinnum,species,A,Rubiaceae,Galium,concinnum,,Galium concinnum
Galium aparine,TRUE,FALSE,Galium aparine,species,A,Rubiaceae,Galium,aparine,,Galium aparine
Galium triflorum,TRUE,FALSE,Galium triflorum,species,A,Rubiaceae,Galium,triflorum,,Galium triflorum
Galium trifidum,TRUE,FALSE,Galium trifidum,species,A,Rubiaceae,Galium,trifidum,,Galium trifidum
Apocynum androsaemifolium,TRUE,FALSE,Apocynum androsaemifolium,species,A,Apocynaceae,Apocynum,androsaemifolium,,Apocynum androsaemifolium
Apocynum cannabinum,TRUE,FALSE,Apocynum cannabinum,species,A,Apocynaceae,Apocynum,cannabinum,,Apocynum cannabinum
Asclepias verticillata,TRUE,FALSE,Asclepias verticillata,species,A,Apocynaceae,Asclepias,verticillata,,Asclepias verticillata
Asclepias viridiflora,TRUE,FALSE,Asclepias viridiflora,species,A,Apocynaceae,Asclepias,viridiflora,,Asclepias viridiflora
Asclepias ovalifolia,TRUE,FALSE,Asclepias ovalifolia,species,A,Apocynaceae,Asclepias,ovalifolia,,Asclepias ovalifolia
Asclepias syriaca,TRUE,FALSE,Asclepias syriaca,species,A,Apocynaceae,Asclepias,syriaca,,Asclepias syriaca
Asclepias tuberosa,TRUE,FALSE,Asclepias tuberosa,species,A,Apocynaceae,Asclepias,tuberosa,,Asclepias tuberosa
Asclepias exaltata,TRUE,FALSE,Asclepias exaltata,species,A,Apocynaceae,Asclepias,exaltata,,Asclepias exaltata
Asclepias incarnata,TRUE,FALSE,Asclepias incarnata,species,A,Apocynaceae,Asclepias,incarnata,,Asclepias incarnata
Convolvulus arvensis,TRUE,FALSE,Convolvulus arvensis,species,A,Convolvulaceae,Convolvulus,arvensis,,Convolvulus arvensis
Physalis virginiana,TRUE,FALSE,Physalis virginiana,species,A,Solanaceae,Physalis,virginiana,,Physalis virginiana
Physalis heterophylla,TRUE,FALSE,Physalis heterophylla,species,A,Solanaceae,Physalis,heterophylla,,Physalis heterophylla
Physalis pubescens,TRUE,FALSE,Physalis pubescens,species,A,Solanaceae,Physalis,pubescens,,Physalis pubescens
Solanum carolinense,TRUE,FALSE,Solanum carolinense,species,A,Solanaceae,Solanum,carolinense,,Solanum carolinense
Solanum dulcamara,TRUE,FALSE,Solanum dulcamara,species,A,Solanaceae,Solanum,dulcamara,,Solanum dulcamara
Solanum americanum,TRUE,FALSE,Solanum americanum,species,A,Solanaceae,Solanum,americanum,,Solanum americanum
Solanum nigrum,TRUE,FALSE,Solanum nigrum,species,A,Solanaceae,Solanum,nigrum,,Solanum nigrum
Fraxinus nigra,TRUE,FALSE,Fraxinus nigra,species,A,Oleaceae,Fraxinus,nigra,,Fraxinus nigra
Fraxinus americana,TRUE,FALSE,Fraxinus americana,species,A,Oleaceae,Fraxinus,americana,,Fraxinus americana
Fraxinus pennsylvanica,TRUE,FALSE,Fraxinus pennsylvanica,species,A,Oleaceae,Fraxinus,pennsylvanica,,Fraxinus pennsylvanica
Penstemon digitalis,TRUE,FALSE,Penstemon digitalis,species,A,Plantaginaceae,Penstemon,digitalis,,Penstemon digitalis
Penstemon gracilis,TRUE,FALSE,Penstemon gracilis,species,A,Plantaginaceae,Penstemon,gracilis,,Penstemon gracilis
Plantago major,TRUE,FALSE,Plantago major,species,A,Plantaginaceae,Plantago,major,,Plantago major
Plantago lanceolata,TRUE,FALSE,Plantago lanceolata,species,A,Plantaginaceae,Plantago,lanceolata,,Plantago lanceolata
Plantago patagonica,TRUE,FALSE,Plantago patagonica,species,A,Plantaginaceae,Plantago,patagonica,,Plantago patagonica
Veronicastrum virginicum,TRUE,FALSE,Veronicastrum virginicum,species,A,Plantaginaceae,Veronicastrum,virginicum,,Veronicastrum virginicum
Linaria vulgaris,TRUE,FALSE,Linaria vulgaris,species,A,Plantaginaceae,Linaria,vulgaris,,Linaria vulgaris
Verbena hastata,TRUE,FALSE,Verbena hastata,species,A,Verbenaceae,Verbena,hastata,,Verbena hastata
Verbena stricta,TRUE,FALSE,Verbena stricta,species,A,Verbenaceae,Verbena,stricta,,Verbena stricta
Verbena bracteata,TRUE,FALSE,Verbena bracteata,species,A,Verbenaceae,Verbena,bracteata,,Verbena bracteata
Mosla dianthera,TRUE,FALSE,Mosla dianthera,species,A,Lamiaceae,Mosla,dianthera,,Mosla dianthera
Lycopus americanus,TRUE,FALSE,Lycopus americanus,species,A,Lamiaceae,Lycopus,americanus,,Lycopus americanus
Lycopus uniflorus,TRUE,FALSE,Lycopus uniflorus,species,A,Lamiaceae,Lycopus,uniflorus,,Lycopus uniflorus
Prunella vulgaris,TRUE,FALSE,Prunella vulgaris,species,A,Lamiaceae,Prunella,vulgaris,,Prunella vulgaris
Pycnanthemum virginianum,TRUE,FALSE,Pycnanthemum virginianum,species,A,Lamiaceae,Pycnanthemum,virginianum,,Pycnanthemum virginianum
Hedeoma hispida,TRUE,FALSE,Hedeoma hispida,species,A,Lamiaceae,Hedeoma,hispida,,Hedeoma hispida
Monarda punctata,TRUE,FALSE,Monarda punctata,species,A,Lamiaceae,Monarda,punctata,,Monarda punctata
Monarda fistulosa,TRUE,FALSE,Monarda fistulosa,species,A,Lamiaceae,Monarda,fistulosa,,Monarda fistulosa
Agastache foeniculum,TRUE,FALSE,Agastache foeniculum,species,A,Lamiaceae,Agastache,foeniculum,,Agastache foeniculum
Nepeta cataria,TRUE,FALSE,Nepeta cataria,species,A,Lamiaceae,Nepeta,cataria,,Nepeta cataria
Glechoma hederacea,TRUE,FALSE,Glechoma hederacea,species,A,Lamiaceae,Glechoma,hederacea,,Glechoma hederacea
Scutellaria lateriflora,TRUE,FALSE,Scutellaria lateriflora,species,A,Lamiaceae,Scutellaria,lateriflora,,Scutellaria lateriflora
Scutellaria parvula,TRUE,FALSE,Scutellaria parvula,species,A,Lamiaceae,Scutellaria,parvula,,Scutellaria parvula
Scutellaria galericulata,TRUE,FALSE,Scutellaria galericulata,species,A,Lamiaceae,Scutellaria,galericulata,,Scutellaria galericulata
Stachys palustris,TRUE,FALSE,Stachys palustris,species,A,Lamiaceae,Stachys,palustris,,Stachys palustris
Stachys tenuifolia,TRUE,FALSE,Stachys tenuifolia,species,A,Lamiaceae,Stachys,tenuifolia,,Stachys tenuifolia
Seemannia sylvatica,TRUE,FALSE,Seemannia sylvatica,species,A,Gesneriaceae,Seemannia,sylvatica,,Seemannia sylvatica
Mimulus ringens,TRUE,FALSE,Mimulus ringens,species,A,Phrymaceae,Mimulus,ringens,,Mimulus ringens
Phryma leptostachya,TRUE,FALSE,Phryma leptostachya,species,A,Phrymaceae,Phryma,leptostachya,,Phryma leptostachya
Pedicularis canadensis,TRUE,FALSE,Pedicularis canadensis,species,A,Orobanchaceae,Pedicularis,canadensis,,Pedicularis canadensis
Verbascum thapsus,TRUE,FALSE,Verbascum thapsus,species,A,Scrophulariaceae,Verbascum,thapsus,,Verbascum thapsus
Lithospermum carolinense,TRUE,TRUE,Lithospermum caroliniense,species,A,Boraginaceae,Lithospermum,caroliniense,,Lithospermum caroliniense
Lithospermum canescens,TRUE,FALSE,Lithospermum canescens,species,A,Boraginaceae,Lithospermum,canescens,,Lithospermum canescens
Lithospermum caroliniense,TRUE,FALSE,Lithospermum caroliniense,species,A,Boraginaceae,Lithospermum,caroliniense,,Lithospermum caroliniense
Hackelia virginiana,TRUE,FALSE,Hackelia virginiana,species,A,Boraginaceae,Hackelia,virginiana,,Hackelia virginiana
Hackelia deflexa,TRUE,FALSE,Hackelia deflexa,species,A,Boraginaceae,Hackelia,deflexa,,Hackelia deflexa
Cicuta bulbifera,TRUE,FALSE,Cicuta bulbifera,species,A,Apiaceae,Cicuta,bulbifera,,Cicuta bulbifera
Zizia aptera,TRUE,FALSE,Zizia aptera,species,A,Apiaceae,Zizia,aptera,,Zizia aptera
Zizia aurea,TRUE,FALSE,Zizia aurea,species,A,Apiaceae,Zizia,aurea,,Zizia aurea
Aralia nudicaulis,TRUE,FALSE,Aralia nudicaulis,species,A,Araliaceae,Aralia,nudicaulis,,Aralia nudicaulis
Viburnum lentago,TRUE,FALSE,Viburnum lentago,species,A,Viburnaceae,Viburnum,lentago,,Viburnum lentago
Lonicera dioica,TRUE,FALSE,Lonicera dioica,species,A,Caprifoliaceae,Lonicera,dioica,,Lonicera dioica
Lonicera morrowii,TRUE,FALSE,Lonicera morrowii,species,A,Caprifoliaceae,Lonicera,morrowii,,Lonicera morrowii
Lonicera tatarica,TRUE,FALSE,Lonicera tatarica,species,A,Caprifoliaceae,Lonicera,tatarica,,Lonicera tatarica
Symphoricarpos occidentalis,TRUE,FALSE,Symphoricarpos occidentalis,species,A,Caprifoliaceae,Symphoricarpos,occidentalis,,Symphoricarpos occidentalis
Lobelia spicata,TRUE,FALSE,Lobelia spicata,species,A,Campanulaceae,Lobelia,spicata,,Lobelia spicata
Lobelia siphilitica,TRUE,FALSE,Lobelia siphilitica,species,A,Campanulaceae,Lobelia,siphilitica,,Lobelia siphilitica
Campanula rotundifolia,TRUE,FALSE,Campanula rotundifolia,species,A,Campanulaceae,Campanula,rotundifolia,,Campanula rotundifolia
Bidens tripartita,TRUE,FALSE,Bidens tripartita,species,A,Asteraceae,Bidens,tripartita,,Bidens tripartita
Bidens trichosperma,TRUE,FALSE,Bidens trichosperma,species,A,Asteraceae,Bidens,trichosperma,,Bidens trichosperma
Bidens cernua,TRUE,FALSE,Bidens cernua,species,A,Asteraceae,Bidens,cernua,,Bidens cernua
Bidens coronata,TRUE,FALSE,Bidens coronata,species,A,Asteraceae,Bidens,coronata,,Bidens coronata
Coreopsis palmata,TRUE,FALSE,Coreopsis palmata,species,A,Asteraceae,Coreopsis,palmata,,Coreopsis palmata
Helenium autumnale,TRUE,FALSE,Helenium autumnale,species,A,Asteraceae,Helenium,autumnale,,Helenium autumnale
Eutrochium maculatum,TRUE,FALSE,Eutrochium maculatum,species,A,Asteraceae,Eutrochium,maculatum,,Eutrochium maculatum
Eupatorium perfoliatum,TRUE,FALSE,Eupatorium perfoliatum,species,A,Asteraceae,Eupatorium,perfoliatum,,Eupatorium perfoliatum
Liatris ligulistylis,TRUE,FALSE,Liatris ligulistylis,species,A,Asteraceae,Liatris,ligulistylis,,Liatris ligulistylis
Liatris pycnostachya,TRUE,FALSE,Liatris pycnostachya,species,A,Asteraceae,Liatris,pycnostachya,,Liatris pycnostachya
Liatris aspera,TRUE,FALSE,Liatris aspera,species,A,Asteraceae,Liatris,aspera,,Liatris aspera
Ratibida pinnata,TRUE,FALSE,Ratibida pinnata,species,A,Asteraceae,Ratibida,pinnata,,Ratibida pinnata
Rudbeckia hirta,TRUE,FALSE,Rudbeckia hirta,species,A,Asteraceae,Rudbeckia,hirta,,Rudbeckia hirta
Echinacea purpurea,TRUE,FALSE,Echinacea purpurea,species,A,Asteraceae,Echinacea,purpurea,,Echinacea purpurea
Heliopsis helianthoides,TRUE,FALSE,Heliopsis helianthoides,species,A,Asteraceae,Heliopsis,helianthoides,,Heliopsis helianthoides
Ambrosia artemisiifolia,TRUE,FALSE,Ambrosia artemisiifolia,species,A,Asteraceae,Ambrosia,artemisiifolia,,Ambrosia artemisiifolia
Ambrosia psilostachya,TRUE,FALSE,Ambrosia psilostachya,species,A,Asteraceae,Ambrosia,psilostachya,,Ambrosia psilostachya
Helianthus hirsutus,TRUE,FALSE,Helianthus hirsutus,species,A,Asteraceae,Helianthus,hirsutus,,Helianthus hirsutus
Helianthus petiolaris,TRUE,FALSE,Helianthus petiolaris,species,A,Asteraceae,Helianthus,petiolaris,,Helianthus petiolaris
Helianthus giganteus,TRUE,FALSE,Helianthus giganteus,species,A,Asteraceae,Helianthus,giganteus,,Helianthus giganteus
Erechtites hieraciifolius,TRUE,FALSE,Erechtites hieraciifolius,species,A,Asteraceae,Erechtites,hieraciifolius,,Erechtites hieraciifolius
Packera aurea,TRUE,FALSE,Packera aurea,species,A,Asteraceae,Packera,aurea,,Packera aurea
Packera paupercula,TRUE,FALSE,Packera paupercula,species,A,Asteraceae,Packera,paupercula,,Packera paupercula
Heterotheca villosa,TRUE,FALSE,Heterotheca villosa,species,A,Asteraceae,Heterotheca,villosa,,Heterotheca villosa
Symphyotrichum boreale,TRUE,FALSE,Symphyotrichum boreale,species,A,Asteraceae,Symphyotrichum,boreale,,Symphyotrichum boreale
Erigeron philadelphicus,TRUE,FALSE,Erigeron philadelphicus,species,A,Asteraceae,Erigeron,philadelphicus,,Erigeron philadelphicus
Erigeron strigosus,TRUE,FALSE,Erigeron strigosus,species,A,Asteraceae,Erigeron,strigosus,,Erigeron strigosus
Erigeron annuus,TRUE,FALSE,Erigeron annuus,species,A,Asteraceae,Erigeron,annuus,,Erigeron annuus
Erigeron canadensis,TRUE,FALSE,Erigeron canadensis,species,A,Asteraceae,Erigeron,canadensis,,Erigeron canadensis
Symphyotrichum oolentangiense,TRUE,FALSE,Symphyotrichum oolentangiense,species,A,Asteraceae,Symphyotrichum,oolentangiense,,Symphyotrichum oolentangiense
Symphyotrichum puniceum,TRUE,FALSE,Symphyotrichum puniceum,species,A,Asteraceae,Symphyotrichum,puniceum,,Symphyotrichum puniceum
Symphyotrichum ericoides,TRUE,FALSE,Symphyotrichum ericoides,species,A,Asteraceae,Symphyotrichum,ericoides,,Symphyotrichum ericoides
Symphyotrichum lanceolatum,TRUE,FALSE,Symphyotrichum lanceolatum,species,A,Asteraceae,Symphyotrichum,lanceolatum,,Symphyotrichum lanceolatum
Symphyotrichum novae-angliae,TRUE,FALSE,Symphyotrichum novae-angliae,species,A,Asteraceae,Symphyotrichum,novae-angliae,,Symphyotrichum novae-angliae
Solidago rigida,TRUE,FALSE,Solidago rigida,species,A,Asteraceae,Solidago,rigida,,Solidago rigida
Solidago canadensis,TRUE,FALSE,Solidago canadensis,species,A,Asteraceae,Solidago,canadensis,,Solidago canadensis
Solidago nemoralis,TRUE,FALSE,Solidago nemoralis,species,A,Asteraceae,Solidago,nemoralis,,Solidago nemoralis
Solidago missouriensis,TRUE,FALSE,Solidago missouriensis,species,A,Asteraceae,Solidago,missouriensis,,Solidago missouriensis
Solidago juncea,TRUE,FALSE,Solidago juncea,species,A,Asteraceae,Solidago,juncea,,Solidago juncea
Solidago gigantea,TRUE,FALSE,Solidago gigantea,species,A,Asteraceae,Solidago,gigantea,,Solidago gigantea
Solidago altissima,TRUE,FALSE,Solidago altissima,species,A,Asteraceae,Solidago,altissima,,Solidago altissima
Solidago speciosa,TRUE,FALSE,Solidago speciosa,species,A,Asteraceae,Solidago,speciosa,,Solidago speciosa
Solidago ptarmicoides,TRUE,FALSE,Solidago ptarmicoides,species,A,Asteraceae,Solidago,ptarmicoides,,Solidago ptarmicoides
Eurybia macrophylla,TRUE,FALSE,Eurybia macrophylla,species,A,Asteraceae,Eurybia,macrophylla,,Eurybia macrophylla
Euthamia graminifolia,TRUE,FALSE,Euthamia graminifolia,species,A,Asteraceae,Euthamia,graminifolia,,Euthamia graminifolia
Doellingeria umbellata,TRUE,FALSE,Doellingeria umbellata,species,A,Asteraceae,Doellingeria,umbellata,,Doellingeria umbellata
Achillea millefolium,TRUE,FALSE,Achillea millefolium,species,A,Asteraceae,Achillea,millefolium,,Achillea millefolium
Artemisia ludoviciana,TRUE,FALSE,Artemisia ludoviciana,species,A,Asteraceae,Artemisia,ludoviciana,,Artemisia ludoviciana
Artemisia campestris,TRUE,FALSE,Artemisia campestris,species,A,Asteraceae,Artemisia,campestris,,Artemisia campestris
Gnaphalium uliginosum,TRUE,FALSE,Gnaphalium uliginosum,species,A,Asteraceae,Gnaphalium,uliginosum,,Gnaphalium uliginosum
Antennaria plantaginifolia,TRUE,FALSE,Antennaria plantaginifolia,species,A,Asteraceae,Antennaria,plantaginifolia,,Antennaria plantaginifolia
Antennaria parlinii,TRUE,FALSE,Antennaria parlinii,species,A,Asteraceae,Antennaria,parlinii,,Antennaria parlinii
Antennaria neglecta,TRUE,FALSE,Antennaria neglecta,species,A,Asteraceae,Antennaria,neglecta,,Antennaria neglecta
Gamochaeta purpurea,TRUE,FALSE,Gamochaeta purpurea,species,A,Asteraceae,Gamochaeta,purpurea,,Gamochaeta purpurea
Cirsium altissimum,TRUE,FALSE,Cirsium altissimum,species,A,Asteraceae,Cirsium,altissimum,,Cirsium altissimum
Cirsium arvense,TRUE,FALSE,Cirsium arvense,species,A,Asteraceae,Cirsium,arvense,,Cirsium arvense
Cirsium discolor,TRUE,FALSE,Cirsium discolor,species,A,Asteraceae,Cirsium,discolor,,Cirsium discolor
Tragopogon dubius,TRUE,FALSE,Tragopogon dubius,species,A,Asteraceae,Tragopogon,dubius,,Tragopogon dubius
Hieracium longipilum,TRUE,FALSE,Pilosella longipila,species,A,Asteraceae,Pilosella,longipila,Synonym,Pilosella longipila
Hieracium umbellatum,TRUE,FALSE,Hieracium umbellatum,species,A,Asteraceae,Hieracium,umbellatum,,Hieracium umbellatum
Lactuca serriola,TRUE,FALSE,Lactuca serriola,species,A,Asteraceae,Lactuca,serriola,,Lactuca serriola
Lactuca canadensis,TRUE,FALSE,Lactuca canadensis,species,A,Asteraceae,Lactuca,canadensis,,Lactuca canadensis
Lactuca biennis,TRUE,FALSE,Lactuca biennis,species,A,Asteraceae,Lactuca,biennis,,Lactuca biennis
Taraxacum officinale,TRUE,FALSE,Taraxacum officinale,species,A,Asteraceae,Taraxacum,officinale,,Taraxacum officinale
Nabalus racemosus,TRUE,FALSE,Nabalus racemosus,species,A,Asteraceae,Nabalus,racemosus,,Nabalus racemosus
Nabalus albus,TRUE,FALSE,Nabalus albus,species,A,Asteraceae,Nabalus,albus,,Nabalus albus
Crepis tectorum,TRUE,FALSE,Crepis tectorum,species,A,Asteraceae,Crepis,tectorum,,Crepis tectorum
Sonchus arvensis,TRUE,FALSE,Sonchus arvensis,species,A,Asteraceae,Sonchus,arvensis,,Sonchus arvensis
Krigia biflora,TRUE,FALSE,Krigia biflora,species,A,Asteraceae,Krigia,biflora,,Krigia biflora
Vernonia fasciculata,TRUE,FALSE,Vernonia fasciculata,species,A,Asteraceae,Vernonia,fasciculata,,Vernonia fasciculata
Caltha palustris,TRUE,FALSE,Caltha palustris,species,A,Ranunculaceae,Caltha,palustris,,Caltha palustris
Delphinium carolinianum,TRUE,FALSE,Delphinium carolinianum,species,A,Ranunculaceae,Delphinium,carolinianum,,Delphinium carolinianum
Aquilegia canadensis,TRUE,FALSE,Aquilegia canadensis,species,A,Ranunculaceae,Aquilegia,canadensis,,Aquilegia canadensis
Thalictrum dioicum,TRUE,FALSE,Thalictrum dioicum,species,A,Ranunculaceae,Thalictrum,dioicum,,Thalictrum dioicum
Thalictrum dasycarpum,TRUE,FALSE,Thalictrum dasycarpum,species,A,Ranunculaceae,Thalictrum,dasycarpum,,Thalictrum dasycarpum
Anemone quinquefolia,TRUE,FALSE,Anemone quinquefolia,species,A,Ranunculaceae,Anemone,quinquefolia,,Anemone quinquefolia
Anemone virginiana,TRUE,FALSE,Anemone virginiana,species,A,Ranunculaceae,Anemone,virginiana,,Anemone virginiana
Anemone cylindrica,TRUE,FALSE,Anemone cylindrica,species,A,Ranunculaceae,Anemone,cylindrica,,Anemone cylindrica
Larix laricina,TRUE,FALSE,Larix laricina,species,G,Pinaceae,Larix,laricina,,Larix laricina
Pinus strobus,TRUE,FALSE,Pinus strobus,species,G,Pinaceae,Pinus,strobus,,Pinus strobus
Pinus resinosa,TRUE,FALSE,Pinus resinosa,species,G,Pinaceae,Pinus,resinosa,,Pinus resinosa
Pinus banksiana,TRUE,FALSE,Pinus banksiana,species,G,Pinaceae,Pinus,banksiana,,Pinus banksiana
Juniperus virginiana,TRUE,FALSE,Juniperus virginiana,species,G,Cupressaceae,Juniperus,virginiana,,Juniperus virginiana
Juniperus communis,TRUE,FALSE,Juniperus communis,species,G,Cupressaceae,Juniperus,communis,,Juniperus communis
Ginkgo biloba,TRUE,FALSE,Ginkgo biloba,species,G,Ginkgoaceae,Ginkgo,biloba,,Ginkgo biloba
