kingdom,phylum,majorGroup,class,order,family_PHY,family_WFO,genus_PHY,genus_WFO,specificEpithet,sciname_IN_WFO,sciname_IN_Phylogeny,tipLabel,IN_Phylogeny
Plantae,Tracheophyta,G,Ginkgoopsida,Ginkgoales,Ginkgoaceae,Ginkgoaceae,Ginkgo,Ginkgo,biloba,Ginkgo biloba,Ginkgo biloba,Ginkgo_biloba,1
Plantae,Tracheophyta,A,Magnoliopsida,Asterales,Asteraceae,Asteraceae,Achillea,Achillea,millefolium,Achillea millefolium,Achillea millefolium,Achillea_millefolium,1
Plantae,Tracheophyta,A,Magnoliopsida,Fabales,Fabaceae,Fabaceae,Amphicarpaea,Amphicarpaea,bracteata,Amphicarpaea bracteata,Amphicarpaea bracteata,Amphicarpaea_bracteata,1
Plantae,Tracheophyta,A,Magnoliopsida,Gentianales,Apocynaceae,Apocynaceae,Apocynum,Apocynum,androsaemifolium,Apocynum androsaemifolium,Apocynum androsaemifolium,Apocynum_androsaemifolium,1
Plantae,Tracheophyta,A,Magnoliopsida,Gentianales,Apocynaceae,Apocynaceae,Apocynum,Apocynum,cannabinum,Apocynum cannabinum,Apocynum cannabinum,Apocynum_cannabinum,1
Plantae,Tracheophyta,A,Magnoliopsida,Asterales,Asteraceae,Asteraceae,Artemisia,Artemisia,ludoviciana,Artemisia ludoviciana,Artemisia ludoviciana,Artemisia_ludoviciana,1
Plantae,Tracheophyta,A,Magnoliopsida,Gentianales,Apocynaceae,Apocynaceae,Asclepias,Asclepias,syriaca,Asclepias syriaca,Asclepias syriaca,Asclepias_syriaca,1
Plantae,Tracheophyta,A,Magnoliopsida,Gentianales,Apocynaceae,Apocynaceae,Asclepias,Asclepias,verticillata,Asclepias verticillata,Asclepias verticillata,Asclepias_verticillata,1
Plantae,Tracheophyta,A,Liliopsida,Asparagales,Asparagaceae,Asparagaceae,Asparagus,Asparagus,officinalis,Asparagus officinalis,Asparagus officinalis,Asparagus_officinalis,1
Plantae,Tracheophyta,A,Liliopsida,Poales,Poaceae,Poaceae,Bromus,Bromus,inermis,Bromus inermis,Bromus inermis,Bromus_inermis,1
Plantae,Tracheophyta,A,Liliopsida,Poales,Poaceae,Poaceae,Bromus,Bromus,tectorum,Bromus tectorum,Bromus tectorum,Bromus_tectorum,1
Plantae,Tracheophyta,A,Liliopsida,Poales,Poaceae,Poaceae,Calamagrostis,Calamagrostis,canadensis,Calamagrostis canadensis,Calamagrostis canadensis,Calamagrostis_canadensis,1
Plantae,Tracheophyta,A,Magnoliopsida,Ranunculales,Ranunculaceae,Ranunculaceae,Caltha,Caltha,palustris,Caltha palustris,Caltha palustris,Caltha_palustris,1
Plantae,Tracheophyta,A,Magnoliopsida,Asterales,Campanulaceae,Campanulaceae,Campanula,Campanula,rotundifolia,Campanula rotundifolia,Campanula rotundifolia,Campanula_rotundifolia,1
Plantae,Tracheophyta,A,Magnoliopsida,Celastrales,Celastraceae,Celastraceae,Celastrus,Celastrus,scandens,Celastrus scandens,Celastrus scandens,Celastrus_scandens,1
Plantae,Tracheophyta,A,Magnoliopsida,Santalales,Comandraceae,Santalaceae,Comandra,Comandra,umbellata,Comandra umbellata,Comandra umbellata,Comandra_umbellata,1
Plantae,Tracheophyta,A,Magnoliopsida,Solanales,Convolvulaceae,Convolvulaceae,Convolvulus,Convolvulus,arvensis,Convolvulus arvensis,Convolvulus arvensis,Convolvulus_arvensis,1
Plantae,Tracheophyta,A,Magnoliopsida,Asterales,Asteraceae,Asteraceae,Erigeron,Erigeron,canadensis,Erigeron canadensis,Erigeron canadensis,Erigeron_canadensis,1
Plantae,Tracheophyta,A,Magnoliopsida,Cornales,Cornaceae,Cornaceae,Cornus,Cornus,alternifolia,Cornus alternifolia,Cornus alternifolia,Cornus_alternifolia,1
Plantae,Tracheophyta,A,Magnoliopsida,Cornales,Cornaceae,Cornaceae,Cornus,Cornus,racemosa,Cornus racemosa,Cornus racemosa,Cornus_racemosa,1
Plantae,Tracheophyta,A,Magnoliopsida,Cornales,Cornaceae,Cornaceae,Cornus,Cornus,sericea,Cornus sericea,Cornus sericea,Cornus_sericea,1
Plantae,Tracheophyta,A,Liliopsida,Poales,Poaceae,Poaceae,Danthonia,Danthonia,spicata,Danthonia spicata,Danthonia spicata,Danthonia_spicata,1
Plantae,Tracheophyta,A,Liliopsida,Poales,Poaceae,Poaceae,Elymus,Elymus,violaceus,Elymus violaceus,Elymus violaceus,Elymus_violaceus,1
Plantae,Tracheophyta,A,Liliopsida,Poales,Poaceae,Poaceae,Festuca,Festuca,rubra,Festuca rubra,Festuca rubra,Festuca_rubra,1
Plantae,Tracheophyta,A,Magnoliopsida,Gentianales,Rubiaceae,Rubiaceae,Galium,Galium,aparine,Galium aparine,Galium aparine,Galium_aparine,1
Plantae,Tracheophyta,A,Magnoliopsida,Gentianales,Gentianaceae,Gentianaceae,Gentiana,Gentiana,andrewsii,Gentiana andrewsii,Gentiana andrewsii,Gentiana_andrewsii,1
Plantae,Tracheophyta,A,Magnoliopsida,Asterales,Asteraceae,Asteraceae,Heliopsis,Heliopsis,helianthoides,Heliopsis helianthoides,Heliopsis helianthoides,Heliopsis_helianthoides,1
Plantae,Tracheophyta,A,Magnoliopsida,Ericales,Balsaminaceae,Balsaminaceae,Impatiens,Impatiens,capensis,Impatiens capensis,Impatiens capensis,Impatiens_capensis,1
Plantae,Tracheophyta,G,Pinopsida,Pinales,Cupressaceae,Cupressaceae,Juniperus,Juniperus,communis,Juniperus communis,Juniperus communis,Juniperus_communis,1
Plantae,Tracheophyta,A,Magnoliopsida,Asterales,Asteraceae,Asteraceae,Lactuca,Lactuca,serriola,Lactuca serriola,Lactuca serriola,Lactuca_serriola,1
Plantae,Tracheophyta,G,Pinopsida,Pinales,Pinaceae,Pinaceae,Larix,Larix,laricina,Larix laricina,Larix laricina,Larix_laricina,1
Plantae,Tracheophyta,A,Liliopsida,Poales,Poaceae,Poaceae,Leersia,Leersia,oryzoides,Leersia oryzoides,Leersia oryzoides,Leersia_oryzoides,1
Plantae,Tracheophyta,A,Magnoliopsida,Fabales,Fabaceae,Fabaceae,Medicago,Medicago,sativa,Medicago sativa,Medicago sativa,Medicago_sativa,1
Plantae,Tracheophyta,A,Magnoliopsida,Caryophyllales,Molluginaceae,Molluginaceae,Mollugo,Mollugo,verticillata,Mollugo verticillata,Mollugo verticillata,Mollugo_verticillata,1
Plantae,Tracheophyta,A,Magnoliopsida,Lamiales,Lamiaceae,Lamiaceae,Monarda,Monarda,fistulosa,Monarda fistulosa,Monarda fistulosa,Monarda_fistulosa,1
Plantae,Tracheophyta,A,Magnoliopsida,Lamiales,Lamiaceae,Lamiaceae,Nepeta,Nepeta,cataria,Nepeta cataria,Nepeta cataria,Nepeta_cataria,1
Plantae,Tracheophyta,A,Magnoliopsida,Oxalidales,Oxalidaceae,Oxalidaceae,Oxalis,Oxalis,stricta,Oxalis stricta,Oxalis stricta,Oxalis_stricta,1
Plantae,Tracheophyta,A,Magnoliopsida,Lamiales,Plantaginaceae,Plantaginaceae,Penstemon,Penstemon,gracilis,Penstemon gracilis,Penstemon gracilis,Penstemon_gracilis,1
Plantae,Tracheophyta,A,Magnoliopsida,Saxifragales,Penthoraceae,Penthoraceae,Penthorum,Penthorum,sedoides,Penthorum sedoides,Penthorum sedoides,Penthorum_sedoides,1
Plantae,Tracheophyta,A,Liliopsida,Poales,Poaceae,Poaceae,Phleum,Phleum,pratense,Phleum pratense,Phleum pratense,Phleum_pratense,1
Plantae,Tracheophyta,A,Magnoliopsida,Lamiales,Phrymaceae,Phrymaceae,Phryma,Phryma,leptostachya,Phryma leptostachya,Phryma leptostachya,Phryma_leptostachya,1
Plantae,Tracheophyta,A,Magnoliopsida,Solanales,Solanaceae,Solanaceae,Physalis,Physalis,pubescens,Physalis pubescens,Physalis pubescens,Physalis_pubescens,1
Plantae,Tracheophyta,A,Magnoliopsida,Solanales,Solanaceae,Solanaceae,Physalis,Physalis,virginiana,Physalis virginiana,Physalis virginiana,Physalis_virginiana,1
Plantae,Tracheophyta,A,Magnoliopsida,Lamiales,Plantaginaceae,Plantaginaceae,Plantago,Plantago,lanceolata,Plantago lanceolata,Plantago lanceolata,Plantago_lanceolata,1
Plantae,Tracheophyta,A,Magnoliopsida,Caryophyllales,Polygonaceae,Polygonaceae,Persicaria,Persicaria,amphibia,Persicaria amphibia,Persicaria amphibia,Persicaria_amphibia,1
Plantae,Tracheophyta,A,Magnoliopsida,Caryophyllales,Polygonaceae,Polygonaceae,Persicaria,Polygonum,thunbergii,Polygonum thunbergii,Persicaria thunbergii,Persicaria_thunbergii,1
Plantae,Tracheophyta,A,Magnoliopsida,Caryophyllales,Polygonaceae,Polygonaceae,Persicaria,Persicaria,hydropiper,Persicaria hydropiper,Persicaria hydropiper,Persicaria_hydropiper,1
Plantae,Tracheophyta,A,Magnoliopsida,Caryophyllales,Polygonaceae,Polygonaceae,Persicaria,Persicaria,maculosa,Persicaria maculosa,Persicaria maculosa,Persicaria_maculosa,1
Plantae,Tracheophyta,A,Magnoliopsida,Malpighiales,Salicaceae,Salicaceae,Populus,Populus,tremuloides,Populus tremuloides,Populus tremuloides,Populus_tremuloides,1
Plantae,Tracheophyta,A,Magnoliopsida,Caryophyllales,Portulacaceae,Portulacaceae,Portulaca,Portulaca,oleracea,Portulaca oleracea,Portulaca oleracea,Portulaca_oleracea,1
Plantae,Tracheophyta,A,Magnoliopsida,Rosales,Rosaceae,Rosaceae,Malus,Malus,domestica,Malus domestica,Malus domestica,Malus_domestica,1
Plantae,Tracheophyta,A,Magnoliopsida,Rosales,Rhamnaceae,Rhamnaceae,Rhamnus,Rhamnus,cathartica,Rhamnus cathartica,Rhamnus cathartica,Rhamnus_cathartica,1
Plantae,Tracheophyta,A,Magnoliopsida,Sapindales,Anacardiaceae,Anacardiaceae,Rhus,Rhus,typhina,Rhus typhina,Rhus typhina,Rhus_typhina,1
Plantae,Tracheophyta,A,Magnoliopsida,Asterales,Asteraceae,Asteraceae,Rudbeckia,Rudbeckia,hirta,Rudbeckia hirta,Rudbeckia hirta,Rudbeckia_hirta,1
Plantae,Tracheophyta,A,Liliopsida,Alismatales,Alismataceae,Alismataceae,Sagittaria,Sagittaria,latifolia,Sagittaria latifolia,Sagittaria latifolia,Sagittaria_latifolia,1
Plantae,Tracheophyta,A,Liliopsida,Poales,Poaceae,Poaceae,Cenchrus,Cenchrus,americanus,Cenchrus americanus,Cenchrus americanus,Cenchrus_americanus,1
Plantae,Tracheophyta,A,Magnoliopsida,Caryophyllales,Caryophyllaceae,Caryophyllaceae,Silene,Silene,antirrhina,Silene antirrhina,Silene antirrhina,Silene_antirrhina,1
Plantae,Tracheophyta,A,Liliopsida,Asparagales,Asparagaceae,Asparagaceae,Maianthemum,Maianthemum,racemosum,Maianthemum racemosum,Maianthemum racemosum,Maianthemum_racemosum,1
Plantae,Tracheophyta,A,Liliopsida,Asparagales,Asparagaceae,Asparagaceae,Maianthemum,Maianthemum,stellatum,Maianthemum stellatum,Maianthemum stellatum,Maianthemum_stellatum,1
Plantae,Tracheophyta,A,Magnoliopsida,Solanales,Solanaceae,Solanaceae,Solanum,Solanum,carolinense,Solanum carolinense,Solanum carolinense,Solanum_carolinense,1
Plantae,Tracheophyta,A,Magnoliopsida,Solanales,Solanaceae,Solanaceae,Solanum,Solanum,nigrum,Solanum nigrum,Solanum nigrum,Solanum_nigrum,1
Plantae,Tracheophyta,A,Magnoliopsida,Asterales,Asteraceae,Asteraceae,Solidago,Solidago,canadensis,Solidago canadensis,Solidago canadensis,Solidago_canadensis,1
Plantae,Tracheophyta,A,Magnoliopsida,Asterales,Asteraceae,Asteraceae,Solidago,Solidago,missouriensis,Solidago missouriensis,Solidago missouriensis,Solidago_missouriensis,1
Plantae,Tracheophyta,A,Magnoliopsida,Caryophyllales,Caryophyllaceae,Caryophyllaceae,Stellaria,Stellaria,media,Stellaria media,Stellaria media,Stellaria_media,1
Plantae,Tracheophyta,A,Magnoliopsida,Dipsacales,Caprifoliaceae,Caprifoliaceae,Symphoricarpos,Symphoricarpos,occidentalis,Symphoricarpos occidentalis,Symphoricarpos occidentalis,Symphoricarpos_occidentalis,1
Plantae,Tracheophyta,A,Liliopsida,Poales,Typhaceae,Typhaceae,Typha,Typha,angustifolia,Typha angustifolia,Typha angustifolia,Typha_angustifolia,1
Plantae,Tracheophyta,A,Liliopsida,Poales,Typhaceae,Typhaceae,Typha,Typha,latifolia,Typha latifolia,Typha latifolia,Typha_latifolia,1
Plantae,Tracheophyta,A,Magnoliopsida,Rosales,Urticaceae,Urticaceae,Urtica,Urtica,dioica,Urtica dioica,Urtica dioica,Urtica_dioica,1
Plantae,Tracheophyta,A,Liliopsida,Liliales,Colchicaceae,Colchicaceae,Uvularia,Uvularia,sessilifolia,Uvularia sessilifolia,Uvularia sessilifolia,Uvularia_sessilifolia,1
Plantae,Tracheophyta,A,Magnoliopsida,Lamiales,Scrophulariaceae,Scrophulariaceae,Verbascum,Verbascum,thapsus,Verbascum thapsus,Verbascum thapsus,Verbascum_thapsus,1
Plantae,Tracheophyta,A,Magnoliopsida,Lamiales,Verbenaceae,Verbenaceae,Verbena,Verbena,bracteata,Verbena bracteata,Verbena bracteata,Verbena_bracteata,1
Plantae,Tracheophyta,A,Magnoliopsida,Lamiales,Verbenaceae,Verbenaceae,Verbena,Verbena,hastata,Verbena hastata,Verbena hastata,Verbena_hastata,1
Plantae,Tracheophyta,A,Magnoliopsida,Apiales,Apiaceae,Apiaceae,Zizia,Zizia,aurea,Zizia aurea,Zizia aurea,Zizia_aurea,1
Plantae,Tracheophyta,A,Magnoliopsida,Malpighiales,Euphorbiaceae,Euphorbiaceae,Euphorbia,Euphorbia,maculata,Euphorbia maculata,Euphorbia maculata,Euphorbia_maculata,1
Plantae,Tracheophyta,A,Magnoliopsida,Solanales,Solanaceae,Solanaceae,Physalis,Physalis,heterophylla,Physalis heterophylla,Physalis heterophylla,Physalis_heterophylla,1
Plantae,Tracheophyta,A,Magnoliopsida,Lamiales,Plantaginaceae,Plantaginaceae,Plantago,Plantago,patagonica,Plantago patagonica,Plantago patagonica,Plantago_patagonica,1
Plantae,Tracheophyta,A,Magnoliopsida,Asterales,Asteraceae,Asteraceae,Taraxacum,Taraxacum,officinale,Taraxacum officinale,Taraxacum officinale,Taraxacum_officinale,1
Plantae,Tracheophyta,A,Magnoliopsida,Asterales,Asteraceae,Asteraceae,Tragopogon,Tragopogon,dubius,Tragopogon dubius,Tragopogon dubius,Tragopogon_dubius,1
Plantae,Tracheophyta,A,Magnoliopsida,Vitales,Vitaceae,Vitaceae,Vitis,Vitis,riparia,Vitis riparia,Vitis riparia,Vitis_riparia,1
Plantae,Tracheophyta,A,Magnoliopsida,Sapindales,Sapindaceae,Sapindaceae,Acer,Acer,negundo,Acer negundo,Acer negundo,Acer_negundo,1
Plantae,Tracheophyta,A,Magnoliopsida,Sapindales,Sapindaceae,Sapindaceae,Acer,Acer,rubrum,Acer rubrum,Acer rubrum,Acer_rubrum,1
Plantae,Tracheophyta,A,Magnoliopsida,Lamiales,Lamiaceae,Lamiaceae,Agastache,Agastache,foeniculum,Agastache foeniculum,Agastache foeniculum,Agastache_foeniculum,1
Plantae,Tracheophyta,A,Liliopsida,Poales,Poaceae,Poaceae,Elymus,Elymus,repens,Elymus repens,Elymus repens,Elymus_repens,1
Plantae,Tracheophyta,A,Liliopsida,Poales,Poaceae,Poaceae,Elymus,Elymus,smithii,Elymus smithii,Elymus smithii,Elymus_smithii,1
Plantae,Tracheophyta,A,Liliopsida,Poales,Poaceae,Poaceae,Poa,Poa,nemoralis,Poa nemoralis,Poa nemoralis,Poa_nemoralis,1
Plantae,Tracheophyta,A,Liliopsida,Poales,Poaceae,Poaceae,Agrostis,Agrostis,scabra,Agrostis scabra,Agrostis scabra,Agrostis_scabra,1
Plantae,Tracheophyta,A,Liliopsida,Asparagales,Amaryllidaceae,Amaryllidaceae,Allium,Allium,cernuum,Allium cernuum,Allium cernuum,Allium_cernuum,1
Plantae,Tracheophyta,A,Liliopsida,Asparagales,Amaryllidaceae,Amaryllidaceae,Allium,Allium,stellatum,Allium stellatum,Allium stellatum,Allium_stellatum,1
Plantae,Tracheophyta,A,Magnoliopsida,Fagales,Betulaceae,Betulaceae,Alnus,Alnus,incana,Alnus incana,Alnus incana,Alnus_incana,1
Plantae,Tracheophyta,A,Magnoliopsida,Caryophyllales,Amaranthaceae,Amaranthaceae,Amaranthus,Amaranthus,retroflexus,Amaranthus retroflexus,Amaranthus retroflexus,Amaranthus_retroflexus,1
Plantae,Tracheophyta,A,Magnoliopsida,Asterales,Asteraceae,Asteraceae,Ambrosia,Ambrosia,artemisiifolia,Ambrosia artemisiifolia,Ambrosia artemisiifolia,Ambrosia_artemisiifolia,1
Plantae,Tracheophyta,A,Magnoliopsida,Asterales,Asteraceae,Asteraceae,Ambrosia,Ambrosia,psilostachya,Ambrosia psilostachya,Ambrosia psilostachya,Ambrosia_psilostachya,1
Plantae,Tracheophyta,A,Magnoliopsida,Rosales,Rosaceae,Rosaceae,Amelanchier,Amelanchier,alnifolia,Amelanchier alnifolia,Amelanchier alnifolia,Amelanchier_alnifolia,1
Plantae,Tracheophyta,A,Magnoliopsida,Rosales,Rosaceae,Rosaceae,Amelanchier,Amelanchier,arborea,Amelanchier arborea,Amelanchier arborea,Amelanchier_arborea,1
Plantae,Tracheophyta,A,Magnoliopsida,Rosales,Rosaceae,Rosaceae,Amelanchier,Amelanchier,laevis,Amelanchier laevis,Amelanchier laevis,Amelanchier_laevis,1
Plantae,Tracheophyta,A,Magnoliopsida,Rosales,Rosaceae,Rosaceae,Amelanchier,Amelanchier,sanguinea,Amelanchier sanguinea,Amelanchier sanguinea,Amelanchier_sanguinea,1
Plantae,Tracheophyta,A,Magnoliopsida,Fabales,Fabaceae,Fabaceae,Amorpha,Amorpha,canescens,Amorpha canescens,Amorpha canescens,Amorpha_canescens,1
Plantae,Tracheophyta,A,Liliopsida,Poales,Poaceae,Poaceae,Andropogon,Andropogon,gerardii,Andropogon gerardii,Andropogon gerardi,Andropogon_gerardi,1
Plantae,Tracheophyta,A,Magnoliopsida,Ranunculales,Ranunculaceae,Ranunculaceae,Anemone,Anemone,cylindrica,Anemone cylindrica,Anemone cylindrica,Anemone_cylindrica,1
Plantae,Tracheophyta,A,Magnoliopsida,Ranunculales,Ranunculaceae,Ranunculaceae,Anemone,Anemone,quinquefolia,Anemone quinquefolia,Anemone quinquefolia,Anemone_quinquefolia,1
Plantae,Tracheophyta,A,Magnoliopsida,Ranunculales,Ranunculaceae,Ranunculaceae,Anemone,Anemone,virginiana,Anemone virginiana,Anemone virginiana,Anemone_virginiana,1
Plantae,Tracheophyta,A,Magnoliopsida,Asterales,Asteraceae,Asteraceae,Antennaria,Antennaria,parlinii,Antennaria parlinii,Antennaria parlinii,Antennaria_parlinii,1
Plantae,Tracheophyta,A,Magnoliopsida,Asterales,Asteraceae,Asteraceae,Antennaria,Antennaria,neglecta,Antennaria neglecta,Antennaria neglecta,Antennaria_neglecta,1
Plantae,Tracheophyta,A,Magnoliopsida,Asterales,Asteraceae,Asteraceae,Antennaria,Antennaria,plantaginifolia,Antennaria plantaginifolia,Antennaria plantaginifolia,Antennaria_plantaginifolia,1
Plantae,Tracheophyta,A,Magnoliopsida,Ranunculales,Ranunculaceae,Ranunculaceae,Aquilegia,Aquilegia,canadensis,Aquilegia canadensis,Aquilegia canadensis,Aquilegia_canadensis,1
Plantae,Tracheophyta,A,Magnoliopsida,Brassicales,Brassicaceae,Brassicaceae,Turritis,Turritis,glabra,Turritis glabra,Turritis glabra,Turritis_glabra,1
Plantae,Tracheophyta,A,Magnoliopsida,Brassicales,Brassicaceae,Brassicaceae,Arabis,Arabis,hirsuta,Arabis hirsuta,Arabis hirsuta,Arabis_hirsuta,1
Plantae,Tracheophyta,A,Magnoliopsida,Apiales,Araliaceae,Araliaceae,Aralia,Aralia,nudicaulis,Aralia nudicaulis,Aralia nudicaulis,Aralia_nudicaulis,1
Plantae,Tracheophyta,A,Magnoliopsida,Caryophyllales,Caryophyllaceae,Caryophyllaceae,Moehringia,Moehringia,lateriflora,Moehringia lateriflora,Moehringia lateriflora,Moehringia_lateriflora,1
Plantae,Tracheophyta,A,Magnoliopsida,Rosales,Rosaceae,Rosaceae,Aronia,Aronia,melanocarpa,Aronia melanocarpa,Aronia melanocarpa,Aronia_melanocarpa,1
Plantae,Tracheophyta,A,Magnoliopsida,Gentianales,Apocynaceae,Apocynaceae,Asclepias,Asclepias,exaltata,Asclepias exaltata,Asclepias exaltata,Asclepias_exaltata,1
Plantae,Tracheophyta,A,Magnoliopsida,Gentianales,Apocynaceae,Apocynaceae,Asclepias,Asclepias,incarnata,Asclepias incarnata,Asclepias incarnata,Asclepias_incarnata,1
Plantae,Tracheophyta,A,Magnoliopsida,Gentianales,Apocynaceae,Apocynaceae,Asclepias,Asclepias,ovalifolia,Asclepias ovalifolia,Asclepias ovalifolia,Asclepias_ovalifolia,1
Plantae,Tracheophyta,A,Magnoliopsida,Gentianales,Apocynaceae,Apocynaceae,Asclepias,Asclepias,tuberosa,Asclepias tuberosa,Asclepias tuberosa,Asclepias_tuberosa,1
Plantae,Tracheophyta,A,Magnoliopsida,Gentianales,Apocynaceae,Apocynaceae,Asclepias,Asclepias,viridiflora,Asclepias viridiflora,Asclepias viridiflora,Asclepias_viridiflora,1
Plantae,Tracheophyta,A,Magnoliopsida,Asterales,Asteraceae,Asteraceae,Symphyotrichum,Symphyotrichum,oolentangiense,Symphyotrichum oolentangiense,Symphyotrichum oolentangiense,Symphyotrichum_oolentangiense,1
Plantae,Tracheophyta,A,Magnoliopsida,Asterales,Asteraceae,Asteraceae,Symphyotrichum,Symphyotrichum,ericoides,Symphyotrichum ericoides,Symphyotrichum ericoides,Symphyotrichum_ericoides,1
Plantae,Tracheophyta,A,Magnoliopsida,Asterales,Asteraceae,Asteraceae,Symphyotrichum,Symphyotrichum,boreale,Symphyotrichum boreale,Symphyotrichum boreale,Symphyotrichum_boreale,1
Plantae,Tracheophyta,A,Magnoliopsida,Asterales,Asteraceae,Asteraceae,Symphyotrichum,Symphyotrichum,lanceolatum,Symphyotrichum lanceolatum,Symphyotrichum lanceolatum,Symphyotrichum_lanceolatum,1
Plantae,Tracheophyta,A,Magnoliopsida,Asterales,Asteraceae,Asteraceae,Eurybia,Eurybia,macrophylla,Eurybia macrophylla,Eurybia macrophylla,Eurybia_macrophylla,1
Plantae,Tracheophyta,A,Magnoliopsida,Asterales,Asteraceae,Asteraceae,Symphyotrichum,Symphyotrichum,novae-angliae,Symphyotrichum novae-angliae,Symphyotrichum novae-angliae,Symphyotrichum_novae-angliae,1
Plantae,Tracheophyta,A,Magnoliopsida,Asterales,Asteraceae,Asteraceae,Solidago,Solidago,ptarmicoides,Solidago ptarmicoides,Solidago ptarmicoides,Solidago_ptarmicoides,1
Plantae,Tracheophyta,A,Magnoliopsida,Asterales,Asteraceae,Asteraceae,Symphyotrichum,Symphyotrichum,puniceum,Symphyotrichum puniceum,Symphyotrichum puniceum,Symphyotrichum_puniceum,1
Plantae,Tracheophyta,A,Magnoliopsida,Asterales,Asteraceae,Asteraceae,Doellingeria,Doellingeria,umbellata,Doellingeria umbellata,Doellingeria umbellata,Doellingeria_umbellata,1
Plantae,Tracheophyta,A,Magnoliopsida,Fabales,Fabaceae,Fabaceae,Astragalus,Astragalus,canadensis,Astragalus canadensis,Astragalus canadensis,Astragalus_canadensis,1
Plantae,Tracheophyta,A,Magnoliopsida,Fabales,Fabaceae,Fabaceae,Baptisia,Baptisia,alba,Baptisia alba,Baptisia alba,Baptisia_alba,1
Plantae,Tracheophyta,A,Magnoliopsida,Brassicales,Brassicaceae,Brassicaceae,Barbarea,Barbarea,vulgaris,Barbarea vulgaris,Barbarea vulgaris,Barbarea_vulgaris,1
Plantae,Tracheophyta,A,Magnoliopsida,Brassicales,Brassicaceae,Brassicaceae,Berteroa,Berteroa,incana,Berteroa incana,Berteroa incana,Berteroa_incana,1
Plantae,Tracheophyta,A,Magnoliopsida,Fagales,Betulaceae,Betulaceae,Betula,Betula,alleghaniensis,Betula alleghaniensis,Betula alleghaniensis,Betula_alleghaniensis,1
Plantae,Tracheophyta,A,Magnoliopsida,Fagales,Betulaceae,Betulaceae,Betula,Betula,papyrifera,Betula papyrifera,Betula papyrifera,Betula_papyrifera,1
Plantae,Tracheophyta,A,Magnoliopsida,Fagales,Betulaceae,Betulaceae,Betula,Betula,pumila,Betula pumila,Betula pumila,Betula_pumila,1
Plantae,Tracheophyta,A,Magnoliopsida,Asterales,Asteraceae,Asteraceae,Bidens,Bidens,cernua,Bidens cernua,Bidens cernua,Bidens_cernua,1
Plantae,Tracheophyta,A,Magnoliopsida,Asterales,Asteraceae,Asteraceae,Bidens,Bidens,coronata,Bidens coronata,Bidens coronata,Bidens_coronata,1
Plantae,Tracheophyta,A,Magnoliopsida,Asterales,Asteraceae,Asteraceae,Bidens,Bidens,tripartita,Bidens tripartita,Bidens tripartita,Bidens_tripartita,1
Plantae,Tracheophyta,A,Liliopsida,Poales,Poaceae,Poaceae,Bouteloua,Bouteloua,curtipendula,Bouteloua curtipendula,Bouteloua curtipendula,Bouteloua_curtipendula,1
Plantae,Tracheophyta,A,Liliopsida,Poales,Poaceae,Poaceae,Bouteloua,Bouteloua,aristidoides,Bouteloua aristidoides,Bouteloua aristidoides,Bouteloua_aristidoides,1
Plantae,Tracheophyta,A,Liliopsida,Poales,Poaceae,Poaceae,Bromus,Bromus,ciliatus,Bromus ciliatus,Bromus ciliatus,Bromus_ciliatus,1
Plantae,Tracheophyta,A,Liliopsida,Poales,Poaceae,Poaceae,Bromus,Bromus,kalmii,Bromus kalmii,Bromus kalmii,Bromus_kalmii,1
Plantae,Tracheophyta,A,Liliopsida,Poales,Poaceae,Poaceae,Bouteloua,Bouteloua,dactyloides,Bouteloua dactyloides,Bouteloua dactyloides,Bouteloua_dactyloides,1
Plantae,Tracheophyta,A,Liliopsida,Poales,Poaceae,Poaceae,Calamagrostis,Calamagrostis,stricta,Calamagrostis stricta,Calamagrostis stricta,Calamagrostis_stricta,1
Plantae,Tracheophyta,A,Magnoliopsida,Asterales,Campanulaceae,Campanulaceae,Palustricodon,Palustricodon,aparinoides,Palustricodon aparinoides,Palustricodon aparinoides,Palustricodon_aparinoides,1
Plantae,Tracheophyta,A,Magnoliopsida,Brassicales,Brassicaceae,Brassicaceae,Capsella,Capsella,bursa-pastoris,Capsella bursa-pastoris,Capsella bursa-pastoris,Capsella_bursa-pastoris,1
Plantae,Tracheophyta,A,Liliopsida,Poales,Cyperaceae,Cyperaceae,Carex,Carex,bebbii,Carex bebbii,Carex bebbii,Carex_bebbii,1
Plantae,Tracheophyta,A,Liliopsida,Poales,Cyperaceae,Cyperaceae,Carex,Carex,bicknellii,Carex bicknellii,Carex bicknellii,Carex_bicknellii,1
Plantae,Tracheophyta,A,Liliopsida,Poales,Cyperaceae,Cyperaceae,Carex,Carex,canescens,Carex canescens,Carex canescens,Carex_canescens,1
Plantae,Tracheophyta,A,Liliopsida,Poales,Cyperaceae,Cyperaceae,Carex,Carex,echinata,Carex echinata,Carex echinata,Carex_echinata,1
Plantae,Tracheophyta,A,Liliopsida,Poales,Cyperaceae,Cyperaceae,Carex,Carex,chordorrhiza,Carex chordorrhiza,Carex chordorrhiza,Carex_chordorrhiza,1
Plantae,Tracheophyta,A,Liliopsida,Poales,Cyperaceae,Cyperaceae,Carex,Carex,comosa,Carex comosa,Carex comosa,Carex_comosa,1
Plantae,Tracheophyta,A,Liliopsida,Poales,Cyperaceae,Cyperaceae,Carex,Carex,diandra,Carex diandra,Carex diandra,Carex_diandra,1
Plantae,Tracheophyta,A,Liliopsida,Poales,Cyperaceae,Cyperaceae,Carex,Carex,disperma,Carex disperma,Carex disperma,Carex_disperma,1
Plantae,Tracheophyta,A,Liliopsida,Poales,Cyperaceae,Cyperaceae,Carex,Carex,foenea,Carex foenea,Carex foenea,Carex_foenea,1
Plantae,Tracheophyta,A,Liliopsida,Poales,Cyperaceae,Cyperaceae,Carex,Carex,gracillima,Carex gracillima,Carex gracillima,Carex_gracillima,1
Plantae,Tracheophyta,A,Liliopsida,Poales,Cyperaceae,Cyperaceae,Carex,Carex,haydenii,Carex haydenii,Carex haydenii,Carex_haydenii,1
Plantae,Tracheophyta,A,Liliopsida,Poales,Cyperaceae,Cyperaceae,Carex,Carex,interior,Carex interior,Carex interior,Carex_interior,1
Plantae,Tracheophyta,A,Liliopsida,Poales,Cyperaceae,Cyperaceae,Carex,Carex,lacustris,Carex lacustris,Carex lacustris,Carex_lacustris,1
Plantae,Tracheophyta,A,Liliopsida,Poales,Cyperaceae,Cyperaceae,Carex,Carex,lasiocarpa,Carex lasiocarpa,Carex lasiocarpa,Carex_lasiocarpa,1
Plantae,Tracheophyta,A,Liliopsida,Poales,Cyperaceae,Cyperaceae,Carex,Carex,vulpinoidea,Carex vulpinoidea,Carex vulpinoidea,Carex_vulpinoidea,1
Plantae,Tracheophyta,A,Liliopsida,Poales,Cyperaceae,Cyperaceae,Carex,Carex,oligosperma,Carex oligosperma,Carex oligosperma,Carex_oligosperma,1
Plantae,Tracheophyta,A,Liliopsida,Poales,Cyperaceae,Cyperaceae,Carex,Carex,pensylvanica,Carex pensylvanica,Carex pensylvanica,Carex_pensylvanica,1
Plantae,Tracheophyta,A,Liliopsida,Poales,Cyperaceae,Cyperaceae,Carex,Carex,rostrata,Carex rostrata,Carex rostrata,Carex_rostrata,1
Plantae,Tracheophyta,A,Liliopsida,Poales,Cyperaceae,Cyperaceae,Carex,Carex,scoparia,Carex scoparia,Carex scoparia,Carex_scoparia,1
Plantae,Tracheophyta,A,Liliopsida,Poales,Cyperaceae,Cyperaceae,Carex,Carex,stricta,Carex stricta,Carex stricta,Carex_stricta,1
Plantae,Tracheophyta,A,Magnoliopsida,Fabales,Fabaceae,Fabaceae,Chamaecrista,Chamaecrista,fasciculata,Chamaecrista fasciculata,Chamaecrista fasciculata,Chamaecrista_fasciculata,1
Plantae,Tracheophyta,A,Magnoliopsida,Rosales,Rhamnaceae,Rhamnaceae,Ceanothus,Ceanothus,americanus,Ceanothus americanus,Ceanothus americanus,Ceanothus_americanus,1
Plantae,Tracheophyta,A,Liliopsida,Poales,Poaceae,Poaceae,Cenchrus,Cenchrus,longispinus,Cenchrus longispinus,Cenchrus longispinus,Cenchrus_longispinus,1
Plantae,Tracheophyta,A,Magnoliopsida,Ericales,Ericaceae,Ericaceae,Chamaedaphne,Chamaedaphne,calyculata,Chamaedaphne calyculata,Chamaedaphne calyculata,Chamaedaphne_calyculata,1
Plantae,Tracheophyta,A,Magnoliopsida,Caryophyllales,Amaranthaceae,Amaranthaceae,Chenopodium,Chenopodium,album,Chenopodium album,Chenopodium album,Chenopodium_album,1
Plantae,Tracheophyta,A,Magnoliopsida,Caryophyllales,Amaranthaceae,Amaranthaceae,Chenopodiastrum,Chenopodiastrum,hybridum,Chenopodiastrum hybridum,Chenopodiastrum hybridum,Chenopodiastrum_hybridum,1
Plantae,Tracheophyta,A,Magnoliopsida,Caryophyllales,Amaranthaceae,Amaranthaceae,Chenopodium,Chenopodium,leptophyllum,Chenopodium leptophyllum,Chenopodium leptophyllum,Chenopodium_leptophyllum,1
Plantae,Tracheophyta,A,Magnoliopsida,Asterales,Asteraceae,Asteraceae,Heterotheca,Heterotheca,villosa,Heterotheca villosa,Heterotheca villosa,Heterotheca_villosa,1
Plantae,Tracheophyta,A,Magnoliopsida,Apiales,Apiaceae,Apiaceae,Cicuta,Cicuta,bulbifera,Cicuta bulbifera,Cicuta bulbifera,Cicuta_bulbifera,1
Plantae,Tracheophyta,A,Magnoliopsida,Myrtales,Onagraceae,Onagraceae,Circaea,Circaea,lutetiana,Circaea lutetiana,Circaea lutetiana,Circaea_lutetiana,1
Plantae,Tracheophyta,A,Magnoliopsida,Asterales,Asteraceae,Asteraceae,Cirsium,Cirsium,arvense,Cirsium arvense,Cirsium arvense,Cirsium_arvense,1
Plantae,Tracheophyta,A,Magnoliopsida,Asterales,Asteraceae,Asteraceae,Cirsium,Cirsium,discolor,Cirsium discolor,Cirsium discolor,Cirsium_discolor,1
Plantae,Tracheophyta,A,Magnoliopsida,Asterales,Asteraceae,Asteraceae,Coreopsis,Coreopsis,palmata,Coreopsis palmata,Coreopsis palmata,Coreopsis_palmata,1
Plantae,Tracheophyta,A,Magnoliopsida,Fagales,Betulaceae,Betulaceae,Corylus,Corylus,americana,Corylus americana,Corylus americana,Corylus_americana,1
Plantae,Tracheophyta,A,Magnoliopsida,Asterales,Asteraceae,Asteraceae,Crepis,Crepis,tectorum,Crepis tectorum,Crepis tectorum,Crepis_tectorum,1
Plantae,Tracheophyta,A,Magnoliopsida,Caryophyllales,Amaranthaceae,Amaranthaceae,Dysphania,Dysphania,sp.,Dysphania sp.,Dysphania atriplicifolia,Dysphania_atriplicifolia,1
Plantae,Tracheophyta,A,Liliopsida,Poales,Cyperaceae,Cyperaceae,Cyperus,Cyperus,filiculmis,Cyperus filiculmis,Cyperus filiculmis,Cyperus_filiculmis,1
Plantae,Tracheophyta,A,Liliopsida,Poales,Cyperaceae,Cyperaceae,Cyperus,Cyperus,schweinitzii,Cyperus schweinitzii,Cyperus schweinitzii,Cyperus_schweinitzii,1
Plantae,Tracheophyta,A,Liliopsida,Poales,Cyperaceae,Cyperaceae,Cyperus,Cyperus,strigosus,Cyperus strigosus,Cyperus strigosus,Cyperus_strigosus,1
Plantae,Tracheophyta,A,Magnoliopsida,Ranunculales,Ranunculaceae,Ranunculaceae,Delphinium,Delphinium,carolinianum,Delphinium carolinianum,Delphinium carolinianum,Delphinium_carolinianum,1
Plantae,Tracheophyta,A,Magnoliopsida,Fabales,Fabaceae,Fabaceae,Desmodium,Desmodium,canadense,Desmodium canadense,Desmodium canadense,Desmodium_canadense,1
Plantae,Tracheophyta,A,Magnoliopsida,Fabales,Fabaceae,Fabaceae,Hylodesmum,Hylodesmum,glutinosum,Hylodesmum glutinosum,Hylodesmum glutinosum,Hylodesmum_glutinosum,1
Plantae,Tracheophyta,A,Liliopsida,Poales,Poaceae,Poaceae,Digitaria,Digitaria,ischaemum,Digitaria ischaemum,Digitaria ischaemum,Digitaria_ischaemum,1
Plantae,Tracheophyta,A,Liliopsida,Poales,Poaceae,Poaceae,Digitaria,Digitaria,sanguinalis,Digitaria sanguinalis,Digitaria sanguinalis,Digitaria_sanguinalis,1
Plantae,Tracheophyta,A,Liliopsida,Poales,Cyperaceae,Cyperaceae,Dulichium,Dulichium,arundinaceum,Dulichium arundinaceum,Dulichium arundinaceum,Dulichium_arundinaceum,1
Plantae,Tracheophyta,A,Liliopsida,Poales,Poaceae,Poaceae,Elymus,Elymus,canadensis,Elymus canadensis,Elymus canadensis,Elymus_canadensis,1
Plantae,Tracheophyta,A,Magnoliopsida,Myrtales,Onagraceae,Onagraceae,Chamaenerion,Epilobium,angustifolium,Epilobium angustifolium,Chamaenerion angustifolium,Chamaenerion_angustifolium,1
Plantae,Tracheophyta,A,Magnoliopsida,Myrtales,Onagraceae,Onagraceae,Epilobium,Epilobium,ciliatum,Epilobium ciliatum,Epilobium ciliatum,Epilobium_ciliatum,1
Plantae,Tracheophyta,A,Magnoliopsida,Myrtales,Onagraceae,Onagraceae,Epilobium,Epilobium,leptophyllum,Epilobium leptophyllum,Epilobium leptophyllum,Epilobium_leptophyllum,1
Plantae,Tracheophyta,A,Liliopsida,Poales,Poaceae,Poaceae,Eragrostis,Eragrostis,spectabilis,Eragrostis spectabilis,Eragrostis spectabilis,Eragrostis_spectabilis,1
Plantae,Tracheophyta,A,Magnoliopsida,Asterales,Asteraceae,Asteraceae,Erechtites,Erechtites,hieraciifolius,Erechtites hieraciifolius,Erechtites hieraciifolius,Erechtites_hieraciifolius,1
Plantae,Tracheophyta,A,Magnoliopsida,Asterales,Asteraceae,Asteraceae,Erigeron,Erigeron,annuus,Erigeron annuus,Erigeron annuus,Erigeron_annuus,1
Plantae,Tracheophyta,A,Magnoliopsida,Asterales,Asteraceae,Asteraceae,Erigeron,Erigeron,strigosus,Erigeron strigosus,Erigeron strigosus,Erigeron_strigosus,1
Plantae,Tracheophyta,A,Magnoliopsida,Asterales,Asteraceae,Asteraceae,Eutrochium,Eutrochium,maculatum,Eutrochium maculatum,Eutrochium maculatum,Eutrochium_maculatum,1
Plantae,Tracheophyta,A,Magnoliopsida,Asterales,Asteraceae,Asteraceae,Eupatorium,Eupatorium,perfoliatum,Eupatorium perfoliatum,Eupatorium perfoliatum,Eupatorium_perfoliatum,1
Plantae,Tracheophyta,A,Magnoliopsida,Malpighiales,Euphorbiaceae,Euphorbiaceae,Euphorbia,Euphorbia,corollata,Euphorbia corollata,Euphorbia corollata,Euphorbia_corollata,1
Plantae,Tracheophyta,A,Magnoliopsida,Malpighiales,Euphorbiaceae,Euphorbiaceae,Euphorbia,Euphorbia,geyeri,Euphorbia geyeri,Euphorbia geyeri,Euphorbia_geyeri,1
Plantae,Tracheophyta,A,Magnoliopsida,Malpighiales,Euphorbiaceae,Euphorbiaceae,Euphorbia,Euphorbia,glyptosperma,Euphorbia glyptosperma,Euphorbia glyptosperma,Euphorbia_glyptosperma,1
Plantae,Tracheophyta,A,Magnoliopsida,Asterales,Asteraceae,Asteraceae,Euthamia,Euthamia,graminifolia,Euthamia graminifolia,Euthamia graminifolia,Euthamia_graminifolia,1
Plantae,Tracheophyta,A,Liliopsida,Poales,Poaceae,Poaceae,Festuca,Festuca,ovina,Festuca ovina,Festuca ovina,Festuca_ovina,1
Plantae,Tracheophyta,A,Liliopsida,Poales,Poaceae,Poaceae,Festuca,Festuca,guestfalica,Festuca guestfalica,Festuca guestfalica,Festuca_guestfalica,1
Plantae,Tracheophyta,A,Magnoliopsida,Rosales,Rosaceae,Rosaceae,Fragaria,Fragaria,vesca,Fragaria vesca,Fragaria vesca,Fragaria_vesca,1
Plantae,Tracheophyta,A,Magnoliopsida,Rosales,Rosaceae,Rosaceae,Fragaria,Fragaria,virginiana,Fragaria virginiana,Fragaria virginiana,Fragaria_virginiana,1
Plantae,Tracheophyta,A,Magnoliopsida,Lamiales,Oleaceae,Oleaceae,Fraxinus,Fraxinus,americana,Fraxinus americana,Fraxinus americana,Fraxinus_americana,1
Plantae,Tracheophyta,A,Magnoliopsida,Lamiales,Oleaceae,Oleaceae,Fraxinus,Fraxinus,nigra,Fraxinus nigra,Fraxinus nigra,Fraxinus_nigra,1
Plantae,Tracheophyta,A,Magnoliopsida,Lamiales,Oleaceae,Oleaceae,Fraxinus,Fraxinus,pennsylvanica,Fraxinus pennsylvanica,Fraxinus pennsylvanica,Fraxinus_pennsylvanica,1
Plantae,Tracheophyta,A,Magnoliopsida,Lamiales,Gesneriaceae,Gesneriaceae,Seemannia,Seemannia,sylvatica,Seemannia sylvatica,Seemannia sylvatica,Seemannia_sylvatica,1
Plantae,Tracheophyta,A,Magnoliopsida,Gentianales,Rubiaceae,Rubiaceae,Galium,Galium,boreale,Galium boreale,Galium boreale,Galium_boreale,1
Plantae,Tracheophyta,A,Magnoliopsida,Gentianales,Rubiaceae,Rubiaceae,Galium,Galium,trifidum,Galium trifidum,Galium trifidum,Galium_trifidum,1
Plantae,Tracheophyta,A,Magnoliopsida,Gentianales,Rubiaceae,Rubiaceae,Galium,Galium,triflorum,Galium triflorum,Galium triflorum,Galium_triflorum,1
Plantae,Tracheophyta,A,Magnoliopsida,Geraniales,Geraniaceae,Geraniaceae,Geranium,Geranium,maculatum,Geranium maculatum,Geranium maculatum,Geranium_maculatum,1
Plantae,Tracheophyta,A,Magnoliopsida,Lamiales,Lamiaceae,Lamiaceae,Glechoma,Glechoma,hederacea,Glechoma hederacea,Glechoma hederacea,Glechoma_hederacea,1
Plantae,Tracheophyta,A,Liliopsida,Poales,Poaceae,Poaceae,Glyceria,Glyceria,grandis,Glyceria grandis,Glyceria grandis,Glyceria_grandis,1
Plantae,Tracheophyta,A,Magnoliopsida,Asterales,Asteraceae,Asteraceae,Gamochaeta,Gamochaeta,purpurea,Gamochaeta purpurea,Gamochaeta purpurea,Gamochaeta_purpurea,1
Plantae,Tracheophyta,A,Magnoliopsida,Asterales,Asteraceae,Asteraceae,Gnaphalium,Gnaphalium,uliginosum,Gnaphalium uliginosum,Gnaphalium uliginosum,Gnaphalium_uliginosum,1
Plantae,Tracheophyta,A,Magnoliopsida,Asterales,Asteraceae,Asteraceae,Helenium,Helenium,autumnale,Helenium autumnale,Helenium autumnale,Helenium_autumnale,1
Plantae,Tracheophyta,A,Magnoliopsida,Asterales,Asteraceae,Asteraceae,Helianthus,Helianthus,hirsutus,Helianthus hirsutus,Helianthus hirsutus,Helianthus_hirsutus,1
Plantae,Tracheophyta,A,Magnoliopsida,Saxifragales,Saxifragaceae,Saxifragaceae,Heuchera,Heuchera,richardsonii,Heuchera richardsonii,Heuchera richardsonii,Heuchera_richardsonii,1
Plantae,Tracheophyta,A,Magnoliopsida,Asterales,Asteraceae,Asteraceae,Pilosella,Pilosella,aurantiaca,Pilosella aurantiaca,Pilosella aurantiaca,Pilosella_aurantiaca,1
Plantae,Tracheophyta,A,Magnoliopsida,Asterales,Asteraceae,Asteraceae,Hieracium,Hieracium,umbellatum,Hieracium umbellatum,Hieracium umbellatum,Hieracium_umbellatum,1
Plantae,Tracheophyta,A,Magnoliopsida,Asterales,Asteraceae,Asteraceae,Hieracium,Pilosella,longipila,Pilosella longipila,Hieracium longipilum,Hieracium_longipilum,1
Plantae,Tracheophyta,A,Liliopsida,Poales,Poaceae,Poaceae,Anthoxanthum,Anthoxanthum,nitens,Anthoxanthum nitens,Anthoxanthum nitens,Anthoxanthum_nitens,1
Plantae,Tracheophyta,A,Magnoliopsida,Gentianales,Rubiaceae,Rubiaceae,Houstonia,Houstonia,longifolia,Houstonia longifolia,Houstonia longifolia,Houstonia_longifolia,1
Plantae,Tracheophyta,A,Liliopsida,Asparagales,Hypoxidaceae,Hypoxidaceae,Hypoxis,Hypoxis,hirsuta,Hypoxis hirsuta,Hypoxis hirsuta,Hypoxis_hirsuta,1
Plantae,Tracheophyta,A,Magnoliopsida,Aquifoliales,Aquifoliaceae,Aquifoliaceae,Ilex,Ilex,verticillata,Ilex verticillata,Ilex verticillata,Ilex_verticillata,1
Plantae,Tracheophyta,A,Liliopsida,Asparagales,Iridaceae,Iridaceae,Iris,Iris,versicolor,Iris versicolor,Iris versicolor,Iris_versicolor,1
Plantae,Tracheophyta,A,Liliopsida,Poales,Juncaceae,Juncaceae,Juncus,Juncus,tenuis,Juncus tenuis,Juncus tenuis,Juncus_tenuis,1
Plantae,Tracheophyta,G,Pinopsida,Pinales,Cupressaceae,Cupressaceae,Juniperus,Juniperus,virginiana,Juniperus virginiana,Juniperus virginiana,Juniperus_virginiana,1
Plantae,Tracheophyta,A,Magnoliopsida,Asterales,Asteraceae,Asteraceae,Krigia,Krigia,biflora,Krigia biflora,Krigia biflora,Krigia_biflora,1
Plantae,Tracheophyta,A,Magnoliopsida,Asterales,Asteraceae,Asteraceae,Lactuca,Lactuca,biennis,Lactuca biennis,Lactuca biennis,Lactuca_biennis,1
Plantae,Tracheophyta,A,Magnoliopsida,Asterales,Asteraceae,Asteraceae,Lactuca,Lactuca,canadensis,Lactuca canadensis,Lactuca canadensis,Lactuca_canadensis,1
Plantae,Tracheophyta,A,Magnoliopsida,Fabales,Fabaceae,Fabaceae,Lathyrus,Lathyrus,ochroleucus,Lathyrus ochroleucus,Lathyrus ochroleucus,Lathyrus_ochroleucus,1
Plantae,Tracheophyta,A,Magnoliopsida,Fabales,Fabaceae,Fabaceae,Lathyrus,Lathyrus,venosus,Lathyrus venosus,Lathyrus venosus,Lathyrus_venosus,1
Plantae,Tracheophyta,A,Magnoliopsida,Brassicales,Brassicaceae,Brassicaceae,Lepidium,Lepidium,densiflorum,Lepidium densiflorum,Lepidium densiflorum,Lepidium_densiflorum,1
Plantae,Tracheophyta,A,Magnoliopsida,Brassicales,Brassicaceae,Brassicaceae,Lepidium,Lepidium,virginicum,Lepidium virginicum,Lepidium virginicum,Lepidium_virginicum,1
Plantae,Tracheophyta,A,Liliopsida,Poales,Poaceae,Poaceae,Digitaria,Digitaria,cognata,Digitaria cognata,Digitaria cognata,Digitaria_cognata,1
Plantae,Tracheophyta,A,Magnoliopsida,Fabales,Fabaceae,Fabaceae,Lespedeza,Lespedeza,capitata,Lespedeza capitata,Lespedeza capitata,Lespedeza_capitata,1
Plantae,Tracheophyta,A,Magnoliopsida,Asterales,Asteraceae,Asteraceae,Liatris,Liatris,aspera,Liatris aspera,Liatris aspera,Liatris_aspera,1
Plantae,Tracheophyta,A,Magnoliopsida,Asterales,Asteraceae,Asteraceae,Liatris,Liatris,ligulistylis,Liatris ligulistylis,Liatris ligulistylis,Liatris_ligulistylis,1
Plantae,Tracheophyta,A,Magnoliopsida,Asterales,Asteraceae,Asteraceae,Liatris,Liatris,pycnostachya,Liatris pycnostachya,Liatris pycnostachya,Liatris_pycnostachya,1
Plantae,Tracheophyta,A,Magnoliopsida,Lamiales,Plantaginaceae,Plantaginaceae,Linaria,Linaria,vulgaris,Linaria vulgaris,Linaria vulgaris,Linaria_vulgaris,1
Plantae,Tracheophyta,A,Magnoliopsida,Boraginales,Boraginaceae,Boraginaceae,Lithospermum,Lithospermum,canescens,Lithospermum canescens,Lithospermum canescens,Lithospermum_canescens,1
Plantae,Tracheophyta,A,Magnoliopsida,Boraginales,Boraginaceae,Boraginaceae,Lithospermum,Lithospermum,caroliniense,Lithospermum caroliniense,Lithospermum carolinense,Lithospermum_carolinense,1
Plantae,Tracheophyta,A,Magnoliopsida,Asterales,Campanulaceae,Campanulaceae,Lobelia,Lobelia,siphilitica,Lobelia siphilitica,Lobelia siphilitica,Lobelia_siphilitica,1
Plantae,Tracheophyta,A,Liliopsida,Poales,Poaceae,Poaceae,Lolium,Lolium,multiflorum,Lolium multiflorum,Lolium multiflorum,Lolium_multiflorum,1
Plantae,Tracheophyta,A,Magnoliopsida,Dipsacales,Caprifoliaceae,Caprifoliaceae,Lonicera,Lonicera,dioica,Lonicera dioica,Lonicera dioica,Lonicera_dioica,1
Plantae,Tracheophyta,A,Magnoliopsida,Dipsacales,Caprifoliaceae,Caprifoliaceae,Lonicera,Lonicera,tatarica,Lonicera tatarica,Lonicera tatarica,Lonicera_tatarica,1
Plantae,Tracheophyta,A,Magnoliopsida,Dipsacales,Caprifoliaceae,Caprifoliaceae,Lonicera,Lonicera,morrowii,Lonicera morrowii,Lonicera morrowii,Lonicera_morrowii,1
Plantae,Tracheophyta,A,Magnoliopsida,Myrtales,Onagraceae,Onagraceae,Ludwigia,Ludwigia,polycarpa,Ludwigia polycarpa,Ludwigia polycarpa,Ludwigia_polycarpa,1
Plantae,Tracheophyta,A,Magnoliopsida,Fabales,Fabaceae,Fabaceae,Lupinus,Lupinus,perennis,Lupinus perennis,Lupinus perennis,Lupinus_perennis,1
Plantae,Tracheophyta,A,Magnoliopsida,Caryophyllales,Caryophyllaceae,Caryophyllaceae,Silene,Silene,latifolia,Silene latifolia,Silene latifolia,Silene_latifolia,1
Plantae,Tracheophyta,A,Magnoliopsida,Lamiales,Lamiaceae,Lamiaceae,Lycopus,Lycopus,americanus,Lycopus americanus,Lycopus americanus,Lycopus_americanus,1
Plantae,Tracheophyta,A,Magnoliopsida,Lamiales,Lamiaceae,Lamiaceae,Lycopus,Lycopus,uniflorus,Lycopus uniflorus,Lycopus uniflorus,Lycopus_uniflorus,1
Plantae,Tracheophyta,A,Magnoliopsida,Ericales,Primulaceae,Primulaceae,Lysimachia,Lysimachia,ciliata,Lysimachia ciliata,Lysimachia ciliata,Lysimachia_ciliata,1
Plantae,Tracheophyta,A,Magnoliopsida,Ericales,Primulaceae,Primulaceae,Lysimachia,Lysimachia,thyrsiflora,Lysimachia thyrsiflora,Lysimachia thyrsiflora,Lysimachia_thyrsiflora,1
Plantae,Tracheophyta,A,Liliopsida,Asparagales,Asparagaceae,Asparagaceae,Maianthemum,Maianthemum,canadense,Maianthemum canadense,Maianthemum canadense,Maianthemum_canadense,1
Plantae,Tracheophyta,A,Magnoliopsida,Fabales,Fabaceae,Fabaceae,Medicago,Medicago,lupulina,Medicago lupulina,Medicago lupulina,Medicago_lupulina,1
Plantae,Tracheophyta,A,Magnoliopsida,Fabales,Fabaceae,Fabaceae,Melilotus,Melilotus,officinalis,Melilotus officinalis,Melilotus officinalis,Melilotus_officinalis,1
Plantae,Tracheophyta,A,Magnoliopsida,Lamiales,Phrymaceae,Phrymaceae,Mimulus,Mimulus,ringens,Mimulus ringens,Mimulus ringens,Mimulus_ringens,1
Plantae,Tracheophyta,A,Magnoliopsida,Caryophyllales,Nyctaginaceae,Nyctaginaceae,Mirabilis,Mirabilis,albida,Mirabilis albida,Mirabilis albida,Mirabilis_albida,1
Plantae,Tracheophyta,A,Magnoliopsida,Caryophyllales,Nyctaginaceae,Nyctaginaceae,Mirabilis,Oxybaphus,nyctagineus,Oxybaphus nyctagineus,Mirabilis nyctaginea,Mirabilis_nyctaginea,1
Plantae,Tracheophyta,A,Magnoliopsida,Lamiales,Lamiaceae,Lamiaceae,Monarda,Monarda,punctata,Monarda punctata,Monarda punctata,Monarda_punctata,1
Plantae,Tracheophyta,A,Magnoliopsida,Lamiales,Lamiaceae,Lamiaceae,Mosla,Mosla,dianthera,Mosla dianthera,Mosla dianthera,Mosla_dianthera,1
Plantae,Tracheophyta,A,Liliopsida,Poales,Poaceae,Poaceae,Muhlenbergia,Muhlenbergia,racemosa,Muhlenbergia racemosa,Muhlenbergia racemosa,Muhlenbergia_racemosa,1
Plantae,Tracheophyta,A,Magnoliopsida,Myrtales,Onagraceae,Onagraceae,Oenothera,Oenothera,biennis,Oenothera biennis,Oenothera biennis,Oenothera_biennis,1
Plantae,Tracheophyta,A,Magnoliopsida,Myrtales,Onagraceae,Onagraceae,Oenothera,Oenothera,parviflora,Oenothera parviflora,Oenothera parviflora,Oenothera_parviflora,1
Plantae,Tracheophyta,A,Liliopsida,Poales,Poaceae,Poaceae,Panicum,Panicum,capillare,Panicum capillare,Panicum capillare,Panicum_capillare,1
Plantae,Tracheophyta,A,Liliopsida,Poales,Poaceae,Poaceae,Dichanthelium,Dichanthelium,acuminatum,Dichanthelium acuminatum,Dichanthelium acuminatum,Dichanthelium_acuminatum,1
Plantae,Tracheophyta,A,Liliopsida,Poales,Poaceae,Poaceae,Panicum,Panicum,miliaceum,Panicum miliaceum,Panicum miliaceum,Panicum_miliaceum,1
Plantae,Tracheophyta,A,Liliopsida,Poales,Poaceae,Poaceae,Dichanthelium,Dichanthelium,oligosanthes,Dichanthelium oligosanthes,Dichanthelium oligosanthes,Dichanthelium_oligosanthes,1
Plantae,Tracheophyta,A,Liliopsida,Poales,Poaceae,Poaceae,Panicum,Panicum,virgatum,Panicum virgatum,Panicum virgatum,Panicum_virgatum,1
Plantae,Tracheophyta,A,Magnoliopsida,Rosales,Urticaceae,Urticaceae,Parietaria,Parietaria,pensylvanica,Parietaria pensylvanica,Parietaria pensylvanica,Parietaria_pensylvanica,1
Plantae,Tracheophyta,A,Magnoliopsida,Vitales,Vitaceae,Vitaceae,Parthenocissus,Parthenocissus,quinquefolia,Parthenocissus quinquefolia,Parthenocissus inserta,Parthenocissus_inserta,1
Plantae,Tracheophyta,A,Magnoliopsida,Vitales,Vitaceae,Vitaceae,Parthenocissus,Parthenocissus,quinquefolia,Parthenocissus quinquefolia,Parthenocissus quinquefolia,Parthenocissus_quinquefolia,1
Plantae,Tracheophyta,A,Liliopsida,Poales,Poaceae,Poaceae,Paspalum,Paspalum,setaceum,Paspalum setaceum,Paspalum setaceum,Paspalum_setaceum,1
Plantae,Tracheophyta,A,Magnoliopsida,Lamiales,Orobanchaceae,Orobanchaceae,Pedicularis,Pedicularis,canadensis,Pedicularis canadensis,Pedicularis canadensis,Pedicularis_canadensis,1
Plantae,Tracheophyta,A,Magnoliopsida,Lamiales,Plantaginaceae,Plantaginaceae,Penstemon,Penstemon,digitalis,Penstemon digitalis,Penstemon digitalis,Penstemon_digitalis,1
Plantae,Tracheophyta,A,Magnoliopsida,Fabales,Fabaceae,Fabaceae,Dalea,Dalea,purpurea,Dalea purpurea,Dalea purpurea,Dalea_purpurea,1
Plantae,Tracheophyta,A,Liliopsida,Poales,Poaceae,Poaceae,Phalaris,Phalaris,arundinacea,Phalaris arundinacea,Phalaris arundinacea,Phalaris_arundinacea,1
Plantae,Tracheophyta,A,Magnoliopsida,Ericales,Polemoniaceae,Polemoniaceae,Phlox,Phlox,paniculata,Phlox paniculata,Phlox paniculata,Phlox_paniculata,1
Plantae,Tracheophyta,A,Magnoliopsida,Ericales,Polemoniaceae,Polemoniaceae,Phlox,Phlox,pilosa,Phlox pilosa,Phlox pilosa,Phlox_pilosa,1
Plantae,Tracheophyta,A,Magnoliopsida,Rosales,Urticaceae,Urticaceae,Pilea,Pilea,pumila,Pilea pumila,Pilea pumila,Pilea_pumila,1
Plantae,Tracheophyta,G,Pinopsida,Pinales,Pinaceae,Pinaceae,Pinus,Pinus,banksiana,Pinus banksiana,Pinus banksiana,Pinus_banksiana,1
Plantae,Tracheophyta,G,Pinopsida,Pinales,Pinaceae,Pinaceae,Pinus,Pinus,resinosa,Pinus resinosa,Pinus resinosa,Pinus_resinosa,1
Plantae,Tracheophyta,G,Pinopsida,Pinales,Pinaceae,Pinaceae,Pinus,Pinus,strobus,Pinus strobus,Pinus strobus,Pinus_strobus,1
Plantae,Tracheophyta,A,Magnoliopsida,Lamiales,Plantaginaceae,Plantaginaceae,Plantago,Plantago,major,Plantago major,Plantago major,Plantago_major,1
Plantae,Tracheophyta,A,Liliopsida,Poales,Poaceae,Poaceae,Poa,Poa,compressa,Poa compressa,Poa compressa,Poa_compressa,1
Plantae,Tracheophyta,A,Liliopsida,Poales,Poaceae,Poaceae,Poa,Poa,palustris,Poa palustris,Poa palustris,Poa_palustris,1
Plantae,Tracheophyta,A,Liliopsida,Poales,Poaceae,Poaceae,Poa,Poa,pratensis,Poa pratensis,Poa pratensis,Poa_pratensis,1
Plantae,Tracheophyta,A,Magnoliopsida,Fabales,Polygalaceae,Polygalaceae,Polygala,Polygala,polygama,Polygala polygama,Polygala polygama,Polygala_polygama,1
Plantae,Tracheophyta,A,Liliopsida,Asparagales,Asparagaceae,Asparagaceae,Polygonatum,Polygonatum,biflorum,Polygonatum biflorum,Polygonatum biflorum,Polygonatum_biflorum,1
Plantae,Tracheophyta,A,Magnoliopsida,Caryophyllales,Polygonaceae,Polygonaceae,Polygonella,Polygonella,articulata,Polygonella articulata,Polygonella articulata,Polygonella_articulata,1
Plantae,Tracheophyta,A,Magnoliopsida,Caryophyllales,Polygonaceae,Fabaceae,Parogonum,Acacia,subtessarogona,Acacia subtessarogona,Parogonum ciliinode,Parogonum_ciliinode,1
Plantae,Tracheophyta,A,Magnoliopsida,Caryophyllales,Polygonaceae,Polygonaceae,Fallopia,Fallopia,convolvulus,Fallopia convolvulus,Fallopia convolvulus,Fallopia_convolvulus,1
Plantae,Tracheophyta,A,Magnoliopsida,Caryophyllales,Polygonaceae,Polygonaceae,Persicaria,Persicaria,lapathifolia,Persicaria lapathifolia,Persicaria lapathifolia,Persicaria_lapathifolia,1
Plantae,Tracheophyta,A,Magnoliopsida,Caryophyllales,Polygonaceae,Polygonaceae,Persicaria,Persicaria,pensylvanica,Persicaria pensylvanica,Persicaria pensylvanica,Persicaria_pensylvanica,1
Plantae,Tracheophyta,A,Magnoliopsida,Caryophyllales,Polygonaceae,Polygonaceae,Persicaria,Persicaria,sagittata,Persicaria sagittata,Persicaria sagittata,Persicaria_sagittata,1
Plantae,Tracheophyta,A,Magnoliopsida,Caryophyllales,Polygonaceae,Polygonaceae,Fallopia,Fallopia,scandens,Fallopia scandens,Fallopia scandens,Fallopia_scandens,1
Plantae,Tracheophyta,A,Magnoliopsida,Caryophyllales,Polygonaceae,Polygonaceae,Polygonum,Polygonum,tenue,Polygonum tenue,Polygonum tenue,Polygonum_tenue,1
Plantae,Tracheophyta,A,Magnoliopsida,Malpighiales,Salicaceae,Salicaceae,Populus,Populus,balsamifera,Populus balsamifera,Populus balsamifera,Populus_balsamifera,1
Plantae,Tracheophyta,A,Magnoliopsida,Malpighiales,Salicaceae,Salicaceae,Populus,Populus,deltoides,Populus deltoides,Populus deltoides,Populus_deltoides,1
Plantae,Tracheophyta,A,Magnoliopsida,Malpighiales,Salicaceae,Salicaceae,Populus,Populus,grandidentata,Populus grandidentata,Populus grandidentata,Populus_grandidentata,1
Plantae,Tracheophyta,A,Magnoliopsida,Rosales,Rosaceae,Rosaceae,Potentilla,Potentilla,argentea,Potentilla argentea,Potentilla argentea,Potentilla_argentea,1
Plantae,Tracheophyta,A,Magnoliopsida,Rosales,Rosaceae,Rosaceae,Drymocallis,Drymocallis,arguta,Drymocallis arguta,Drymocallis arguta,Drymocallis_arguta,1
Plantae,Tracheophyta,A,Magnoliopsida,Rosales,Rosaceae,Rosaceae,Potentilla,Potentilla,norvegica,Potentilla norvegica,Potentilla norvegica,Potentilla_norvegica,1
Plantae,Tracheophyta,A,Magnoliopsida,Rosales,Rosaceae,Rosaceae,Comarum,Comarum,palustre,Comarum palustre,Comarum palustre,Comarum_palustre,1
Plantae,Tracheophyta,A,Magnoliopsida,Rosales,Rosaceae,Rosaceae,Potentilla,Potentilla,recta,Potentilla recta,Potentilla recta,Potentilla_recta,1
Plantae,Tracheophyta,A,Magnoliopsida,Rosales,Rosaceae,Rosaceae,Potentilla,Potentilla,simplex,Potentilla simplex,Potentilla simplex,Potentilla_simplex,1
Plantae,Tracheophyta,A,Magnoliopsida,Asterales,Asteraceae,Asteraceae,Nabalus,Nabalus,albus,Nabalus albus,Nabalus albus,Nabalus_albus,1
Plantae,Tracheophyta,A,Magnoliopsida,Asterales,Asteraceae,Asteraceae,Nabalus,Nabalus,racemosus,Nabalus racemosus,Nabalus racemosus,Nabalus_racemosus,1
Plantae,Tracheophyta,A,Magnoliopsida,Lamiales,Lamiaceae,Lamiaceae,Prunella,Prunella,vulgaris,Prunella vulgaris,Prunella vulgaris,Prunella_vulgaris,1
Plantae,Tracheophyta,A,Magnoliopsida,Rosales,Rosaceae,Rosaceae,Prunus,Prunus,americana,Prunus americana,Prunus americana,Prunus_americana,1
Plantae,Tracheophyta,A,Magnoliopsida,Rosales,Rosaceae,Rosaceae,Prunus,Prunus,pensylvanica,Prunus pensylvanica,Prunus pensylvanica,Prunus_pensylvanica,1
Plantae,Tracheophyta,A,Magnoliopsida,Rosales,Rosaceae,Rosaceae,Prunus,Prunus,pumila,Prunus pumila,Prunus pumila,Prunus_pumila,1
Plantae,Tracheophyta,A,Magnoliopsida,Rosales,Rosaceae,Rosaceae,Prunus,Prunus,serotina,Prunus serotina,Prunus serotina,Prunus_serotina,1
Plantae,Tracheophyta,A,Magnoliopsida,Rosales,Rosaceae,Rosaceae,Prunus,Prunus,virginiana,Prunus virginiana,Prunus virginiana,Prunus_virginiana,1
Plantae,Tracheophyta,A,Magnoliopsida,Lamiales,Lamiaceae,Lamiaceae,Pycnanthemum,Pycnanthemum,virginianum,Pycnanthemum virginianum,Pycnanthemum virginianum,Pycnanthemum_virginianum,1
Plantae,Tracheophyta,A,Magnoliopsida,Ericales,Ericaceae,Ericaceae,Pyrola,Pyrola,rotundifolia,Pyrola rotundifolia,Pyrola rotundifolia,Pyrola_rotundifolia,1
Plantae,Tracheophyta,A,Magnoliopsida,Fagales,Fagaceae,Fagaceae,Quercus,Quercus,alba,Quercus alba,Quercus alba,Quercus_alba,1
Plantae,Tracheophyta,A,Magnoliopsida,Fagales,Fagaceae,Fagaceae,Quercus,Quercus,petraea,Quercus petraea,Quercus petraea,Quercus_petraea,1
Plantae,Tracheophyta,A,Magnoliopsida,Fagales,Fagaceae,Fagaceae,Quercus,Quercus,ellipsoidalis,Quercus ellipsoidalis,Quercus ellipsoidalis,Quercus_ellipsoidalis,1
Plantae,Tracheophyta,A,Magnoliopsida,Fagales,Fagaceae,Fagaceae,Quercus,Quercus,macrocarpa,Quercus macrocarpa,Quercus macrocarpa,Quercus_macrocarpa,1
Plantae,Tracheophyta,A,Magnoliopsida,Asterales,Asteraceae,Asteraceae,Ratibida,Ratibida,pinnata,Ratibida pinnata,Ratibida pinnata,Ratibida_pinnata,1
Plantae,Tracheophyta,A,Magnoliopsida,Rosales,Rhamnaceae,Rhamnaceae,Frangula,Frangula,alnus,Frangula alnus,Frangula alnus,Frangula_alnus,1
Plantae,Tracheophyta,A,Magnoliopsida,Sapindales,Anacardiaceae,Anacardiaceae,Rhus,Rhus,glabra,Rhus glabra,Rhus glabra,Rhus_glabra,1
Plantae,Tracheophyta,A,Magnoliopsida,Sapindales,Anacardiaceae,Anacardiaceae,Toxicodendron,Toxicodendron,radicans,Toxicodendron radicans,Toxicodendron radicans,Toxicodendron_radicans,1
Plantae,Tracheophyta,A,Magnoliopsida,Saxifragales,Grossulariaceae,Grossulariaceae,Ribes,Ribes,hirtellum,Ribes hirtellum,Ribes hirtellum,Ribes_hirtellum,1
Plantae,Tracheophyta,A,Magnoliopsida,Fabales,Fabaceae,Fabaceae,Robinia,Robinia,pseudoacacia,Robinia pseudoacacia,Robinia pseudoacacia,Robinia_pseudoacacia,1
Plantae,Tracheophyta,A,Magnoliopsida,Rosales,Rosaceae,Rosaceae,Rosa,Rosa,arkansana,Rosa arkansana,Rosa arkansana,Rosa_arkansana,1
Plantae,Tracheophyta,A,Magnoliopsida,Rosales,Rosaceae,Rosaceae,Rosa,Rosa,blanda,Rosa blanda,Rosa blanda,Rosa_blanda,1
Plantae,Tracheophyta,A,Magnoliopsida,Rosales,Rosaceae,Rosaceae,Rosa,Rosa,carolina,Rosa carolina,Rosa carolina,Rosa_carolina,1
Plantae,Tracheophyta,A,Magnoliopsida,Rosales,Rosaceae,Rosaceae,Rubus,Rubus,allegheniensis,Rubus allegheniensis,Rubus allegheniensis,Rubus_allegheniensis,1
Plantae,Tracheophyta,A,Magnoliopsida,Rosales,Rosaceae,Rosaceae,Rubus,Rubus,canadensis,Rubus canadensis,Rubus canadensis,Rubus_canadensis,1
Plantae,Tracheophyta,A,Magnoliopsida,Rosales,Rosaceae,Rosaceae,Rubus,Rubus,flagellaris,Rubus flagellaris,Rubus flagellaris,Rubus_flagellaris,1
Plantae,Tracheophyta,A,Magnoliopsida,Rosales,Rosaceae,Rosaceae,Rubus,Rubus,idaeus,Rubus idaeus,Rubus idaeus,Rubus_idaeus,1
Plantae,Tracheophyta,A,Magnoliopsida,Rosales,Rosaceae,Rosaceae,Rubus,Rubus,occidentalis,Rubus occidentalis,Rubus occidentalis,Rubus_occidentalis,1
Plantae,Tracheophyta,A,Magnoliopsida,Rosales,Rosaceae,Rosaceae,Rubus,Rubus,pubescens,Rubus pubescens,Rubus pubescens,Rubus_pubescens,1
Plantae,Tracheophyta,A,Magnoliopsida,Caryophyllales,Polygonaceae,Polygonaceae,Rumex,Rumex,acetosella,Rumex acetosella,Rumex acetosella,Rumex_acetosella,1
Plantae,Tracheophyta,A,Magnoliopsida,Malpighiales,Salicaceae,Salicaceae,Salix,Salix,bebbiana,Salix bebbiana,Salix bebbiana,Salix_bebbiana,1
Plantae,Tracheophyta,A,Magnoliopsida,Malpighiales,Salicaceae,Salicaceae,Salix,Salix,discolor,Salix discolor,Salix discolor,Salix_discolor,1
Plantae,Tracheophyta,A,Magnoliopsida,Malpighiales,Salicaceae,Salicaceae,Salix,Salix,petiolaris,Salix petiolaris,Salix petiolaris,Salix_petiolaris,1
Plantae,Tracheophyta,A,Magnoliopsida,Malpighiales,Salicaceae,Salicaceae,Salix,Salix,humilis,Salix humilis,Salix humilis,Salix_humilis,1
Plantae,Tracheophyta,A,Magnoliopsida,Malpighiales,Salicaceae,Salicaceae,Salix,Salix,interior,Salix interior,Salix interior,Salix_interior,1
Plantae,Tracheophyta,A,Magnoliopsida,Malpighiales,Salicaceae,Salicaceae,Salix,Salix,pedicellaris,Salix pedicellaris,Salix pedicellaris,Salix_pedicellaris,1
Plantae,Tracheophyta,A,Magnoliopsida,Malpighiales,Salicaceae,Salicaceae,Salix,Salix,pyrifolia,Salix pyrifolia,Salix pyrifolia,Salix_pyrifolia,1
Plantae,Tracheophyta,A,Magnoliopsida,Malpighiales,Salicaceae,Salicaceae,Salix,Salix,serissima,Salix serissima,Salix serissima,Salix_serissima,1
Plantae,Tracheophyta,A,Magnoliopsida,Caryophyllales,Amaranthaceae,Amaranthaceae,Salsola,Salsola,kali,Salsola kali,Salsola kali,Salsola_kali,1
Plantae,Tracheophyta,A,Liliopsida,Poales,Poaceae,Poaceae,Schizachne,Schizachne,purpurascens,Schizachne purpurascens,Schizachne purpurascens,Schizachne_purpurascens,1
Plantae,Tracheophyta,A,Liliopsida,Poales,Poaceae,Poaceae,Schizachyrium,Schizachyrium,scoparium,Schizachyrium scoparium,Schizachyrium scoparium,Schizachyrium_scoparium,1
Plantae,Tracheophyta,A,Liliopsida,Poales,Cyperaceae,Cyperaceae,Scirpus,Scirpus,cyperinus,Scirpus cyperinus,Scirpus cyperinus,Scirpus_cyperinus,1
Plantae,Tracheophyta,A,Liliopsida,Poales,Cyperaceae,Cyperaceae,Eleocharis,Eleocharis,geniculata,Eleocharis geniculata,Eleocharis geniculata,Eleocharis_geniculata,1
Plantae,Tracheophyta,A,Liliopsida,Poales,Cyperaceae,Cyperaceae,Scleria,Scleria,triglomerata,Scleria triglomerata,Scleria triglomerata,Scleria_triglomerata,1
Plantae,Tracheophyta,A,Magnoliopsida,Lamiales,Lamiaceae,Lamiaceae,Scutellaria,Scutellaria,galericulata,Scutellaria galericulata,Scutellaria galericulata,Scutellaria_galericulata,1
Plantae,Tracheophyta,A,Magnoliopsida,Lamiales,Lamiaceae,Lamiaceae,Scutellaria,Scutellaria,lateriflora,Scutellaria lateriflora,Scutellaria lateriflora,Scutellaria_lateriflora,1
Plantae,Tracheophyta,A,Magnoliopsida,Lamiales,Lamiaceae,Lamiaceae,Scutellaria,Scutellaria,parvula,Scutellaria parvula,Scutellaria parvula,Scutellaria_parvula,1
Plantae,Tracheophyta,A,Liliopsida,Poales,Poaceae,Poaceae,Secale,Secale,cereale,Secale cereale,Secale cereale,Secale_cereale,1
Plantae,Tracheophyta,A,Liliopsida,Poales,Poaceae,Poaceae,Secale,Secale,vavilovii,Secale vavilovii,Secale vavilovii,Secale_vavilovii,1
Plantae,Tracheophyta,A,Magnoliopsida,Asterales,Asteraceae,Asteraceae,Packera,Packera,aurea,Packera aurea,Packera aurea,Packera_aurea,1
Plantae,Tracheophyta,A,Magnoliopsida,Asterales,Asteraceae,Asteraceae,Packera,Packera,paupercula,Packera paupercula,Packera paupercula,Packera_paupercula,1
Plantae,Tracheophyta,A,Liliopsida,Poales,Poaceae,Poaceae,Setaria,Setaria,italica,Setaria italica,Setaria italica,Setaria_italica,1
Plantae,Tracheophyta,A,Liliopsida,Poales,Poaceae,Poaceae,Setaria,Setaria,viridis,Setaria viridis,Setaria viridis,Setaria_viridis,1
Plantae,Tracheophyta,A,Magnoliopsida,Brassicales,Brassicaceae,Brassicaceae,Sisymbrium,Sisymbrium,altissimum,Sisymbrium altissimum,Sisymbrium altissimum,Sisymbrium_altissimum,1
Plantae,Tracheophyta,A,Liliopsida,Asparagales,Iridaceae,Iridaceae,Sisyrinchium,Sisyrinchium,campestre,Sisyrinchium campestre,Sisyrinchium campestre,Sisyrinchium_campestre,1
Plantae,Tracheophyta,A,Liliopsida,Liliales,Smilacaceae,Smilacaceae,Smilax,Smilax,herbacea,Smilax herbacea,Smilax herbacea,Smilax_herbacea,1
Plantae,Tracheophyta,A,Magnoliopsida,Solanales,Solanaceae,Solanaceae,Solanum,Solanum,americanum,Solanum americanum,Solanum americanum,Solanum_americanum,1
Plantae,Tracheophyta,A,Magnoliopsida,Solanales,Solanaceae,Solanaceae,Solanum,Solanum,dulcamara,Solanum dulcamara,Solanum dulcamara,Solanum_dulcamara,1
Plantae,Tracheophyta,A,Magnoliopsida,Asterales,Asteraceae,Asteraceae,Solidago,Solidago,gigantea,Solidago gigantea,Solidago gigantea,Solidago_gigantea,1
Plantae,Tracheophyta,A,Magnoliopsida,Asterales,Asteraceae,Asteraceae,Solidago,Solidago,juncea,Solidago juncea,Solidago juncea,Solidago_juncea,1
Plantae,Tracheophyta,A,Magnoliopsida,Asterales,Asteraceae,Asteraceae,Solidago,Solidago,nemoralis,Solidago nemoralis,Solidago nemoralis,Solidago_nemoralis,1
Plantae,Tracheophyta,A,Magnoliopsida,Asterales,Asteraceae,Asteraceae,Solidago,Solidago,rigida,Solidago rigida,Solidago rigida,Solidago_rigida,1
Plantae,Tracheophyta,A,Magnoliopsida,Asterales,Asteraceae,Asteraceae,Solidago,Solidago,speciosa,Solidago speciosa,Solidago speciosa,Solidago_speciosa,1
Plantae,Tracheophyta,A,Magnoliopsida,Asterales,Asteraceae,Asteraceae,Sonchus,Sonchus,arvensis,Sonchus arvensis,Sonchus arvensis,Sonchus_arvensis,1
Plantae,Tracheophyta,A,Liliopsida,Poales,Poaceae,Poaceae,Sorghastrum,Sorghastrum,nutans,Sorghastrum nutans,Sorghastrum nutans,Sorghastrum_nutans,1
Plantae,Tracheophyta,A,Liliopsida,Poales,Poaceae,Poaceae,Sporobolus,Sporobolus,michauxianus,Sporobolus michauxianus,Sporobolus michauxianus,Sporobolus_michauxianus,1
Plantae,Tracheophyta,A,Magnoliopsida,Rosales,Rosaceae,Rosaceae,Spiraea,Spiraea,alba,Spiraea alba,Spiraea alba,Spiraea_alba,1
Plantae,Tracheophyta,A,Magnoliopsida,Rosales,Rosaceae,Rosaceae,Spiraea,Spiraea,tomentosa,Spiraea tomentosa,Spiraea tomentosa,Spiraea_tomentosa,1
Plantae,Tracheophyta,A,Liliopsida,Poales,Poaceae,Poaceae,Sporobolus,Sporobolus,cryptandrus,Sporobolus cryptandrus,Sporobolus cryptandrus,Sporobolus_cryptandrus,1
Plantae,Tracheophyta,A,Liliopsida,Poales,Poaceae,Poaceae,Sporobolus,Sporobolus,heterolepis,Sporobolus heterolepis,Sporobolus heterolepis,Sporobolus_heterolepis,1
Plantae,Tracheophyta,A,Magnoliopsida,Lamiales,Lamiaceae,Lamiaceae,Stachys,Stachys,palustris,Stachys palustris,Stachys palustris,Stachys_palustris,1
Plantae,Tracheophyta,A,Magnoliopsida,Lamiales,Lamiaceae,Lamiaceae,Stachys,Stachys,tenuifolia,Stachys tenuifolia,Stachys tenuifolia,Stachys_tenuifolia,1
Plantae,Tracheophyta,A,Magnoliopsida,Caryophyllales,Caryophyllaceae,Caryophyllaceae,Stellaria,Stellaria,longifolia,Stellaria longifolia,Stellaria longifolia,Stellaria_longifolia,1
Plantae,Tracheophyta,A,Liliopsida,Poales,Poaceae,Poaceae,Hesperostipa,Stipa,comata,Stipa comata,Hesperostipa comata,Hesperostipa_comata,1
Plantae,Tracheophyta,A,Liliopsida,Poales,Poaceae,Poaceae,Hesperostipa,Stipa,spartea,Stipa spartea,Hesperostipa spartea,Hesperostipa_spartea,1
Plantae,Tracheophyta,A,Liliopsida,Poales,Poaceae,Poaceae,Trachypogon,Trachypogon,spicatus,Trachypogon spicatus,Trachypogon spicatus,Trachypogon_spicatus,1
Plantae,Tracheophyta,A,Liliopsida,Liliales,Liliaceae,Liliaceae,Streptopus,Streptopus,lanceolatus,Streptopus lanceolatus,Streptopus lanceolatus,Streptopus_lanceolatus,1
Plantae,Tracheophyta,A,Magnoliopsida,Fabales,Fabaceae,Fabaceae,Strophostyles,Strophostyles,leiosperma,Strophostyles leiosperma,Strophostyles leiosperma,Strophostyles_leiosperma,1
Plantae,Tracheophyta,A,Magnoliopsida,Ranunculales,Ranunculaceae,Ranunculaceae,Thalictrum,Thalictrum,dasycarpum,Thalictrum dasycarpum,Thalictrum dasycarpum,Thalictrum_dasycarpum,1
Plantae,Tracheophyta,A,Magnoliopsida,Ranunculales,Ranunculaceae,Ranunculaceae,Thalictrum,Thalictrum,dioicum,Thalictrum dioicum,Thalictrum dioicum,Thalictrum_dioicum,1
Plantae,Tracheophyta,A,Liliopsida,Commelinales,Commelinaceae,Commelinaceae,Tradescantia,Tradescantia,bracteata,Tradescantia bracteata,Tradescantia bracteata,Tradescantia_bracteata,1
Plantae,Tracheophyta,A,Liliopsida,Commelinales,Commelinaceae,Commelinaceae,Tradescantia,Tradescantia,occidentalis,Tradescantia occidentalis,Tradescantia occidentalis,Tradescantia_occidentalis,1
Plantae,Tracheophyta,A,Magnoliopsida,Malpighiales,Hypericaceae,Hypericaceae,Triadenum,Hypericum,fraseri,Hypericum fraseri,Triadenum fraseri,Triadenum_fraseri,1
Plantae,Tracheophyta,A,Magnoliopsida,Ericales,Primulaceae,Primulaceae,Lysimachia,Lysimachia,borealis,Lysimachia borealis,Lysimachia borealis,Lysimachia_borealis,1
Plantae,Tracheophyta,A,Magnoliopsida,Fabales,Fabaceae,Fabaceae,Trifolium,Trifolium,arvense,Trifolium arvense,Trifolium arvense,Trifolium_arvense,1
Plantae,Tracheophyta,A,Magnoliopsida,Fabales,Fabaceae,Fabaceae,Trifolium,Trifolium,hybridum,Trifolium hybridum,Trifolium hybridum,Trifolium_hybridum,1
Plantae,Tracheophyta,A,Magnoliopsida,Fabales,Fabaceae,Fabaceae,Trifolium,Trifolium,pratense,Trifolium pratense,Trifolium pratense,Trifolium_pratense,1
Plantae,Tracheophyta,A,Magnoliopsida,Fabales,Fabaceae,Fabaceae,Trifolium,Trifolium,repens,Trifolium repens,Trifolium repens,Trifolium_repens,1
Plantae,Tracheophyta,A,Magnoliopsida,Rosales,Ulmaceae,Ulmaceae,Ulmus,Ulmus,americana,Ulmus americana,Ulmus americana,Ulmus_americana,1
Plantae,Tracheophyta,A,Magnoliopsida,Rosales,Ulmaceae,Ulmaceae,Ulmus,Ulmus,pumila,Ulmus pumila,Ulmus pumila,Ulmus_pumila,1
Plantae,Tracheophyta,A,Magnoliopsida,Ericales,Ericaceae,Ericaceae,Vaccinium,Vaccinium,angustifolium,Vaccinium angustifolium,Vaccinium angustifolium,Vaccinium_angustifolium,1
Plantae,Tracheophyta,A,Magnoliopsida,Ericales,Ericaceae,Ericaceae,Vaccinium,Vaccinium,myrtilloides,Vaccinium myrtilloides,Vaccinium myrtilloides,Vaccinium_myrtilloides,1
Plantae,Tracheophyta,A,Magnoliopsida,Lamiales,Verbenaceae,Verbenaceae,Verbena,Verbena,stricta,Verbena stricta,Verbena stricta,Verbena_stricta,1
Plantae,Tracheophyta,A,Magnoliopsida,Lamiales,Plantaginaceae,Plantaginaceae,Veronicastrum,Veronicastrum,virginicum,Veronicastrum virginicum,Veronicastrum virginicum,Veronicastrum_virginicum,1
Plantae,Tracheophyta,A,Magnoliopsida,Dipsacales,Viburnaceae,Viburnaceae,Viburnum,Viburnum,lentago,Viburnum lentago,Viburnum lentago,Viburnum_lentago,1
Plantae,Tracheophyta,A,Magnoliopsida,Fabales,Fabaceae,Fabaceae,Vicia,Vicia,sativa,Vicia sativa,Vicia sativa,Vicia_sativa,1
Plantae,Tracheophyta,A,Magnoliopsida,Fabales,Fabaceae,Fabaceae,Vicia,Vicia,villosa,Vicia villosa,Vicia villosa,Vicia_villosa,1
Plantae,Tracheophyta,A,Magnoliopsida,Malpighiales,Violaceae,Violaceae,Viola,Viola,macloskeyi,Viola macloskeyi,Viola macloskeyi,Viola_macloskeyi,1
Plantae,Tracheophyta,A,Magnoliopsida,Malpighiales,Violaceae,Violaceae,Viola,Viola,palustris,Viola palustris,Viola palustris,Viola_palustris,1
Plantae,Tracheophyta,A,Magnoliopsida,Malpighiales,Violaceae,Violaceae,Viola,Viola,pedata,Viola pedata,Viola pedata,Viola_pedata,1
Plantae,Tracheophyta,A,Magnoliopsida,Malpighiales,Violaceae,Violaceae,Viola,Viola,pedatifida,Viola pedatifida,Viola pedatifida,Viola_pedatifida,1
Plantae,Tracheophyta,A,Magnoliopsida,Malpighiales,Violaceae,Violaceae,Viola,Viola,selkirkii,Viola selkirkii,Viola selkirkii,Viola_selkirkii,1
Plantae,Tracheophyta,A,Magnoliopsida,Vitales,Vitaceae,Vitaceae,Vitis,Vitis,vulpina,Vitis vulpina,Vitis vulpina,Vitis_vulpina,1
Plantae,Tracheophyta,A,Magnoliopsida,Sapindales,Rutaceae,Rutaceae,Zanthoxylum,Zanthoxylum,americanum,Zanthoxylum americanum,Zanthoxylum americanum,Zanthoxylum_americanum,1
Plantae,Tracheophyta,A,Magnoliopsida,Apiales,Apiaceae,Apiaceae,Zizia,Zizia,aptera,Zizia aptera,Zizia aptera,Zizia_aptera,1
Plantae,Tracheophyta,A,Magnoliopsida,Rosales,Rosaceae,Rosaceae,Amelanchier,Amelanchier,interior,Amelanchier interior,Amelanchier interior,Amelanchier_interior,1
Plantae,Tracheophyta,A,Magnoliopsida,Asterales,Asteraceae,Asteraceae,Artemisia,Artemisia,campestris,Artemisia campestris,Artemisia campestris,Artemisia_campestris,1
Plantae,Tracheophyta,A,Liliopsida,Poales,Poaceae,Poaceae,Bouteloua,Bouteloua,hirsuta,Bouteloua hirsuta,Bouteloua hirsuta,Bouteloua_hirsuta,1
Plantae,Tracheophyta,A,Magnoliopsida,Asterales,Asteraceae,Asteraceae,Cirsium,Cirsium,altissimum,Cirsium altissimum,Cirsium altissimum,Cirsium_altissimum,1
Plantae,Tracheophyta,A,Magnoliopsida,Malvales,Cistaceae,Cistaceae,Crocanthemum,Crocanthemum,bicknellii,Crocanthemum bicknellii,Crocanthemum bicknellii,Crocanthemum_bicknellii,1
Plantae,Tracheophyta,A,Magnoliopsida,Fabales,Fabaceae,Fabaceae,Dalea,Dalea,candida,Dalea candida,Dalea candida,Dalea_candida,1
Plantae,Tracheophyta,A,Liliopsida,Poales,Poaceae,Poaceae,Dichanthelium,Dichanthelium,linearifolium,Dichanthelium linearifolium,Dichanthelium linearifolium,Dichanthelium_linearifolium,1
Plantae,Tracheophyta,A,Magnoliopsida,Asterales,Asteraceae,Asteraceae,Erigeron,Erigeron,philadelphicus,Erigeron philadelphicus,Erigeron philadelphicus,Erigeron_philadelphicus,1
Plantae,Tracheophyta,A,Magnoliopsida,Gentianales,Rubiaceae,Rubiaceae,Galium,Galium,concinnum,Galium concinnum,Galium concinnum,Galium_concinnum,1
Plantae,Tracheophyta,A,Magnoliopsida,Gentianales,Rubiaceae,Rubiaceae,Galium,Galium,obtusum,Galium obtusum,Galium obtusum,Galium_obtusum,1
Plantae,Tracheophyta,A,Magnoliopsida,Boraginales,Boraginaceae,Boraginaceae,Hackelia,Hackelia,virginiana,Hackelia virginiana,Hackelia virginiana,Hackelia_virginiana,1
Plantae,Tracheophyta,A,Liliopsida,Poales,Poaceae,Poaceae,Koeleria,Koeleria,pyramidata,Koeleria pyramidata,Koeleria pyramidata,Koeleria_pyramidata,1
Plantae,Tracheophyta,A,Magnoliopsida,Fabales,Fabaceae,Fabaceae,Melilotus,Melilotus,albus,Melilotus albus,Melilotus albus,Melilotus_albus,1
Plantae,Tracheophyta,A,Magnoliopsida,Asterales,Asteraceae,Asteraceae,Echinacea,Echinacea,purpurea,Echinacea purpurea,Echinacea purpurea,Echinacea_purpurea,1
Plantae,Tracheophyta,A,Magnoliopsida,Asterales,Asteraceae,Asteraceae,Vernonia,Vernonia,fasciculata,Vernonia fasciculata,Vernonia fasciculata,Vernonia_fasciculata,1
Plantae,Tracheophyta,A,Magnoliopsida,Brassicales,Brassicaceae,Brassicaceae,Boechera,Boechera,divaricarpa,Boechera divaricarpa,Boechera divaricarpa,Boechera_divaricarpa,1
Plantae,Tracheophyta,A,Liliopsida,Poales,Poaceae,Poaceae,Aristida,Aristida,basiramea,Aristida basiramea,Aristida basiramea,Aristida_basiramea,1
Plantae,Tracheophyta,A,Liliopsida,Poales,Poaceae,Poaceae,Aristida,Aristida,tuberculosa,Aristida tuberculosa,Aristida tuberculosa,Aristida_tuberculosa,1
Plantae,Tracheophyta,A,Magnoliopsida,Asterales,Asteraceae,Asteraceae,Bidens,Bidens,trichosperma,Bidens trichosperma,Bidens trichosperma,Bidens_trichosperma,1
Plantae,Tracheophyta,A,Liliopsida,Poales,Poaceae,Poaceae,Sporobolus,Sporobolus,rigidus,Sporobolus rigidus,Sporobolus rigidus,Sporobolus_rigidus,1
Plantae,Tracheophyta,A,Liliopsida,Poales,Poaceae,Poaceae,Eragrostis,Eragrostis,trichodes,Eragrostis trichodes,Eragrostis trichodes,Eragrostis_trichodes,1
Plantae,Tracheophyta,A,Liliopsida,Asparagales,Orchidaceae,Orchidaceae,Platanthera,Platanthera,lacera,Platanthera lacera,Platanthera lacera,Platanthera_lacera,1
Plantae,Tracheophyta,A,Magnoliopsida,Boraginales,Boraginaceae,Boraginaceae,Hackelia,Hackelia,deflexa,Hackelia deflexa,Hackelia deflexa,Hackelia_deflexa,1
Plantae,Tracheophyta,A,Magnoliopsida,Lamiales,Lamiaceae,Lamiaceae,Hedeoma,Hedeoma,hispida,Hedeoma hispida,Hedeoma hispida,Hedeoma_hispida,1
Plantae,Tracheophyta,A,Magnoliopsida,Asterales,Asteraceae,Asteraceae,Helianthus,Helianthus,giganteus,Helianthus giganteus,Helianthus giganteus,Helianthus_giganteus,1
Plantae,Tracheophyta,A,Magnoliopsida,Asterales,Asteraceae,Asteraceae,Helianthus,Helianthus,petiolaris,Helianthus petiolaris,Helianthus petiolaris,Helianthus_petiolaris,1
Plantae,Tracheophyta,A,Magnoliopsida,Malpighiales,Hypericaceae,Hypericaceae,Hypericum,Hypericum,majus,Hypericum majus,Hypericum majus,Hypericum_majus,1
Plantae,Tracheophyta,A,Magnoliopsida,Malvales,Cistaceae,Cistaceae,Lechea,Lechea,stricta,Lechea stricta,Lechea stricta,Lechea_stricta,1
Plantae,Tracheophyta,A,Magnoliopsida,Asterales,Campanulaceae,Campanulaceae,Lobelia,Lobelia,spicata,Lobelia spicata,Lobelia spicata,Lobelia_spicata,1
Plantae,Tracheophyta,A,Magnoliopsida,Myrtales,Onagraceae,Onagraceae,Oenothera,Oenothera,rhombipetala,Oenothera rhombipetala,Oenothera rhombipetala,Oenothera_rhombipetala,1
Plantae,Tracheophyta,A,Magnoliopsida,Fabales,Fabaceae,Fabaceae,Dalea,Dalea,villosa,Dalea villosa,Dalea villosa,Dalea_villosa,1
Plantae,Tracheophyta,A,Magnoliopsida,Fabales,Polygalaceae,Polygalaceae,Polygala,Polygala,sanguinea,Polygala sanguinea,Polygala sanguinea,Polygala_sanguinea,1
Plantae,Tracheophyta,A,Magnoliopsida,Caryophyllales,Polygonaceae,Polygonaceae,Rumex,Rumex,britannica,Rumex britannica,Rumex britannica,Rumex_britannica,1
Plantae,Tracheophyta,A,Magnoliopsida,Saxifragales,Saxifragaceae,Saxifragaceae,Micranthes,Micranthes,pensylvanica,Micranthes pensylvanica,Micranthes pensylvanica,Micranthes_pensylvanica,1
Plantae,Tracheophyta,A,Magnoliopsida,Asterales,Asteraceae,Asteraceae,Solidago,Solidago,altissima,Solidago altissima,Solidago altissima,Solidago_altissima,1
Plantae,Tracheophyta,A,Liliopsida,Poales,Poaceae,Poaceae,Festuca,Festuca,ovina,Festuca ovina,Festuca guestphalica,Festuca_guestphalica,1
Plantae,Tracheophyta,A,Magnoliopsida,Boraginales,Boraginaceae,Boraginaceae,Lithospermum,Lithospermum,caroliniense,Lithospermum caroliniense,Lithospermum caroliniense,Lithospermum_caroliniense,1
Plantae,Tracheophyta,A,Magnoliopsida,Malpighiales,Violaceae,Violaceae,Viola,Viola,sagittata,Viola sagittata,Viola sagittata,Viola_sagittata,1