"","Species","NonGaps","removedPerGaps","removedMasking"
"Agrostis_scabra","Agrostis_scabra",1076,FALSE,FALSE
"Amaranthus_retroflexus","Amaranthus_retroflexus",1105,FALSE,FALSE
"Amelanchier_alnifolia","Amelanchier_alnifolia",817,FALSE,FALSE
"Amelanchier_laevis","Amelanchier_laevis",817,FALSE,FALSE
"Amphicarpaea_bracteata","Amphicarpaea_bracteata",1117,FALSE,FALSE
"Anemone_quinquefolia","Anemone_quinquefolia",837,FALSE,FALSE
"Aquilegia_canadensis","Aquilegia_canadensis",245,FALSE,FALSE
"Aronia_melanocarpa","Aronia_melanocarpa",817,FALSE,FALSE
"Astragalus_canadensis","Astragalus_canadensis",835,FALSE,FALSE
"Bromus_inermis","Bromus_inermis",1143,FALSE,FALSE
"Bromus_tectorum","Bromus_tectorum",1143,FALSE,FALSE
"Dysphania_atriplicifolia","Dysphania_atriplicifolia",1141,FALSE,FALSE
"Calamagrostis_stricta","Calamagrostis_stricta",220,FALSE,FALSE
"Epilobium_ciliatum","Epilobium_ciliatum",1062,FALSE,FALSE
"Campanula_rotundifolia","Campanula_rotundifolia",1062,FALSE,FALSE
"Carex_lasiocarpa","Carex_lasiocarpa",1094,FALSE,FALSE
"Carex_oligosperma","Carex_oligosperma",1087,FALSE,FALSE
"Chenopodium_album","Chenopodium_album",1099,FALSE,FALSE
"Sporobolus_michauxianus","Sporobolus_michauxianus",1107,FALSE,FALSE
"Cirsium_discolor","Cirsium_discolor",248,FALSE,FALSE
"Comarum_palustre","Comarum_palustre",835,FALSE,FALSE
"Digitaria_sanguinalis","Digitaria_sanguinalis",831,FALSE,FALSE
"Doellingeria_umbellata","Doellingeria_umbellata",453,FALSE,FALSE
"Elymus_repens","Elymus_repens",1143,FALSE,FALSE
"Comandra_umbellata","Comandra_umbellata",491,FALSE,FALSE
"Erechtites_hieraciifolius","Erechtites_hieraciifolius",201,FALSE,FALSE
"Erigeron_annuus","Erigeron_annuus",312,FALSE,FALSE
"Drymocallis_arguta","Drymocallis_arguta",312,FALSE,FALSE
"Euthamia_graminifolia","Euthamia_graminifolia",496,FALSE,FALSE
"Gnaphalium_uliginosum","Gnaphalium_uliginosum",1106,FALSE,FALSE
"Helenium_autumnale","Helenium_autumnale",248,FALSE,FALSE
"Iris_versicolor","Iris_versicolor",1121,FALSE,FALSE
"Juniperus_communis","Juniperus_communis",767,FALSE,FALSE
"Lactuca_canadensis","Lactuca_canadensis",247,FALSE,FALSE
"Larix_laricina","Larix_laricina",782,FALSE,FALSE
"Lespedeza_capitata","Lespedeza_capitata",292,FALSE,FALSE
"Lolium_multiflorum","Lolium_multiflorum",140,FALSE,FALSE
"Medicago_lupulina","Medicago_lupulina",1089,FALSE,FALSE
"Medicago_sativa","Medicago_sativa",1097,FALSE,FALSE
"Melilotus_officinalis","Melilotus_officinalis",1097,FALSE,FALSE
"Mollugo_verticillata","Mollugo_verticillata",828,FALSE,FALSE
"Monarda_fistulosa","Monarda_fistulosa",240,FALSE,FALSE
"Dichanthelium_acuminatum","Dichanthelium_acuminatum",1020,FALSE,FALSE
"Panicum_miliaceum","Panicum_miliaceum",1143,FALSE,FALSE
"Panicum_virgatum","Panicum_virgatum",1143,FALSE,FALSE
"Parthenocissus_quinquefolia","Parthenocissus_quinquefolia",1131,FALSE,FALSE
"Cenchrus_americanus","Cenchrus_americanus",1143,FALSE,FALSE
"Penthorum_sedoides","Penthorum_sedoides",212,FALSE,FALSE
"Phalaris_arundinacea","Phalaris_arundinacea",876,FALSE,FALSE
"Phleum_pratense","Phleum_pratense",591,FALSE,FALSE
"Plantago_lanceolata","Plantago_lanceolata",579,FALSE,FALSE
"Plantago_major","Plantago_major",169,FALSE,FALSE
"Poa_palustris","Poa_palustris",172,FALSE,FALSE
"Poa_pratensis","Poa_pratensis",181,FALSE,FALSE
"Polygonatum_biflorum","Polygonatum_biflorum",836,FALSE,FALSE
"Portulaca_oleracea","Portulaca_oleracea",1129,FALSE,FALSE
"Quercus_alba","Quercus_alba",271,FALSE,FALSE
"Quercus_ellipsoidalis","Quercus_ellipsoidalis",258,FALSE,FALSE
"Quercus_macrocarpa","Quercus_macrocarpa",258,FALSE,FALSE
"Quercus_petraea","Quercus_petraea",258,FALSE,FALSE
"Robinia_pseudoacacia","Robinia_pseudoacacia",1131,FALSE,FALSE
"Rumex_acetosella","Rumex_acetosella",314,FALSE,FALSE
"Sagittaria_latifolia","Sagittaria_latifolia",1102,FALSE,FALSE
"Salix_bebbiana","Salix_bebbiana",386,FALSE,FALSE
"Schizachne_purpurascens","Schizachne_purpurascens",736,FALSE,FALSE
"Schizachyrium_scoparium","Schizachyrium_scoparium",1084,FALSE,FALSE
"Secale_vavilovii","Secale_vavilovii",1143,FALSE,FALSE
"Secale_cereale","Secale_cereale",491,FALSE,FALSE
"Packera_aurea","Packera_aurea",215,FALSE,FALSE
"Setaria_italica","Setaria_italica",1141,FALSE,FALSE
"Sorghastrum_nutans","Sorghastrum_nutans",1143,FALSE,FALSE
"Sporobolus_cryptandrus","Sporobolus_cryptandrus",1141,FALSE,FALSE
"Stellaria_media","Stellaria_media",1122,FALSE,FALSE
"Hesperostipa_comata","Hesperostipa_comata",158,FALSE,FALSE
"Strophostyles_leiosperma","Strophostyles_leiosperma",1064,FALSE,FALSE
"Symphoricarpos_occidentalis","Symphoricarpos_occidentalis",267,FALSE,FALSE
"Symphyotrichum_novae-angliae","Symphyotrichum_novae-angliae",248,FALSE,FALSE
"Typha_angustifolia","Typha_angustifolia",827,FALSE,FALSE
"Ulmus_pumila","Ulmus_pumila",234,FALSE,FALSE
"Urtica_dioica","Urtica_dioica",1115,FALSE,FALSE
"Viburnum_lentago","Viburnum_lentago",487,FALSE,FALSE
"Vitis_vulpina","Vitis_vulpina",584,FALSE,FALSE
"Erigeron_philadelphicus","Erigeron_philadelphicus",460,FALSE,FALSE
"Euphorbia_maculata","Euphorbia_maculata",949,FALSE,FALSE
"Koeleria_pyramidata","Koeleria_pyramidata",221,FALSE,FALSE
"Melilotus_albus","Melilotus_albus",1097,FALSE,FALSE
"Vitis_riparia","Vitis_riparia",512,FALSE,FALSE
