"","kingdom","phylum","class","order","family","genus","species","species_names","originalSpeciesName"
"1","Plantae","Tracheophyta","Ginkgoopsida","Ginkgoales","Ginkgoaceae","Ginkgo","Ginkgo biloba","Ginkgo_biloba","Ginkgo_biloba"
"2","Plantae","Tracheophyta","Magnoliopsida","Asterales","Asteraceae","Achillea","Achillea millefolium","Achillea_millefolium","Achillea_millefolium"
"3","Plantae","Tracheophyta","Magnoliopsida","Fabales","Fabaceae","Amphicarpaea","Amphicarpaea bracteata","Amphicarpaea_bracteata","Amphicarpaea_bracteata"
"4","Plantae","Tracheophyta","Magnoliopsida","Gentianales","Apocynaceae","Apocynum","Apocynum androsaemifolium","Apocynum_androsaemifolium","Apocynum_androsaemifolium"
"5","Plantae","Tracheophyta","Magnoliopsida","Gentianales","Apocynaceae","Apocynum","Apocynum cannabinum","Apocynum_cannabinum","Apocynum_cannabinum"
"6","Plantae","Tracheophyta","Magnoliopsida","Asterales","Asteraceae","Artemisia","Artemisia ludoviciana","Artemisia_ludoviciana","Artemisia_ludoviciana"
"7","Plantae","Tracheophyta","Magnoliopsida","Gentianales","Apocynaceae","Asclepias","Asclepias syriaca","Asclepias_syriaca","Asclepias_syriaca"
"8","Plantae","Tracheophyta","Magnoliopsida","Gentianales","Apocynaceae","Asclepias","Asclepias verticillata","Asclepias_verticillata","Asclepias_verticillata"
"9","Plantae","Tracheophyta","Liliopsida","Asparagales","Asparagaceae","Asparagus","Asparagus officinalis","Asparagus_officinalis","Asparagus_officinalis"
"10","Plantae","Tracheophyta","Liliopsida","Poales","Poaceae","Bromus","Bromus inermis","Bromus_inermis","Bromus_inermis"
"11","Plantae","Tracheophyta","Liliopsida","Poales","Poaceae","Bromus","Bromus tectorum","Bromus_tectorum","Bromus_tectorum"
"12","Plantae","Tracheophyta","Liliopsida","Poales","Poaceae","Calamagrostis","Calamagrostis canadensis","Calamagrostis_canadensis","Calamagrostis_canadensis"
"13","Plantae","Tracheophyta","Magnoliopsida","Ranunculales","Ranunculaceae","Caltha","Caltha palustris","Caltha_palustris","Caltha_palustris"
"14","Plantae","Tracheophyta","Magnoliopsida","Asterales","Campanulaceae","Campanula","Campanula rotundifolia","Campanula_rotundifolia","Campanula_rotundifolia"
"15","Plantae","Tracheophyta","Magnoliopsida","Celastrales","Celastraceae","Celastrus","Celastrus scandens","Celastrus_scandens","Celastrus_scandens"
"16","Plantae","Tracheophyta","Magnoliopsida","Santalales","Comandraceae","Comandra","Comandra umbellata","Comandra_umbellata","Comandra_umbellata"
"17","Plantae","Tracheophyta","Magnoliopsida","Solanales","Convolvulaceae","Convolvulus","Convolvulus arvensis","Convolvulus_arvensis","Convolvulus_arvensis"
"18","Plantae","Tracheophyta","Magnoliopsida","Asterales","Asteraceae","Erigeron","Erigeron canadensis","Erigeron_canadensis","Erigeron_canadensis"
"19","Plantae","Tracheophyta","Magnoliopsida","Cornales","Cornaceae","Cornus","Cornus alternifolia","Cornus_alternifolia","Cornus_alternifolia"
"20","Plantae","Tracheophyta","Magnoliopsida","Cornales","Cornaceae","Cornus","Cornus racemosa","Cornus_racemosa","Cornus_racemosa"
"21","Plantae","Tracheophyta","Magnoliopsida","Cornales","Cornaceae","Cornus","Cornus sericea","Cornus_sericea","Cornus_sericea"
"22","Plantae","Tracheophyta","Liliopsida","Poales","Poaceae","Danthonia","Danthonia spicata","Danthonia_spicata","Danthonia_spicata"
"23","Plantae","Tracheophyta","Liliopsida","Poales","Poaceae","Elymus","Elymus violaceus","Elymus_violaceus","Elymus_trachycaulus"
"25","Plantae","Tracheophyta","Liliopsida","Poales","Poaceae","Festuca","Festuca rubra","Festuca_rubra","Festuca_rubra"
"26","Plantae","Tracheophyta","Magnoliopsida","Gentianales","Rubiaceae","Galium","Galium aparine","Galium_aparine","Galium_aparine"
"27","Plantae","Tracheophyta","Magnoliopsida","Gentianales","Gentianaceae","Gentiana","Gentiana andrewsii","Gentiana_andrewsii","Gentiana_andrewsii"
"28","Plantae","Tracheophyta","Magnoliopsida","Asterales","Asteraceae","Heliopsis","Heliopsis helianthoides","Heliopsis_helianthoides","Heliopsis_helianthoides"
"29","Plantae","Tracheophyta","Magnoliopsida","Ericales","Balsaminaceae","Impatiens","Impatiens capensis","Impatiens_capensis","Impatiens_capensis"
"30","Plantae","Tracheophyta","Pinopsida","Pinales","Cupressaceae","Juniperus","Juniperus communis","Juniperus_communis","Juniperus_communis"
"31","Plantae","Tracheophyta","Magnoliopsida","Asterales","Asteraceae","Lactuca","Lactuca serriola","Lactuca_serriola","Lactuca_serriola"
"32","Plantae","Tracheophyta","Pinopsida","Pinales","Pinaceae","Larix","Larix laricina","Larix_laricina","Larix_laricina"
"33","Plantae","Tracheophyta","Liliopsida","Poales","Poaceae","Leersia","Leersia oryzoides","Leersia_oryzoides","Leersia_oryzoides"
"35","Plantae","Tracheophyta","Magnoliopsida","Fabales","Fabaceae","Medicago","Medicago sativa","Medicago_sativa","Medicago_sativa"
"36","Plantae","Tracheophyta","Magnoliopsida","Caryophyllales","Molluginaceae","Mollugo","Mollugo verticillata","Mollugo_verticillata","Mollugo_verticillata"
"37","Plantae","Tracheophyta","Magnoliopsida","Lamiales","Lamiaceae","Monarda","Monarda fistulosa","Monarda_fistulosa","Monarda_fistulosa"
"38","Plantae","Tracheophyta","Magnoliopsida","Lamiales","Lamiaceae","Nepeta","Nepeta cataria","Nepeta_cataria","Nepeta_cataria"
"40","Plantae","Tracheophyta","Magnoliopsida","Oxalidales","Oxalidaceae","Oxalis","Oxalis stricta","Oxalis_stricta","Oxalis_stricta"
"41","Plantae","Tracheophyta","Magnoliopsida","Lamiales","Plantaginaceae","Penstemon","Penstemon gracilis","Penstemon_gracilis","Penstemon_gracilis"
"42","Plantae","Tracheophyta","Magnoliopsida","Saxifragales","Penthoraceae","Penthorum","Penthorum sedoides","Penthorum_sedoides","Penthorum_sedoides"
"43","Plantae","Tracheophyta","Liliopsida","Poales","Poaceae","Phleum","Phleum pratense","Phleum_pratense","Phleum_pratense"
"44","Plantae","Tracheophyta","Magnoliopsida","Lamiales","Phrymaceae","Phryma","Phryma leptostachya","Phryma_leptostachya","Phryma_leptostachya"
"46","Plantae","Tracheophyta","Magnoliopsida","Solanales","Solanaceae","Physalis","Physalis pubescens","Physalis_pubescens","Physalis_pubescens"
"47","Plantae","Tracheophyta","Magnoliopsida","Solanales","Solanaceae","Physalis","Physalis virginiana","Physalis_virginiana","Physalis_virginiana"
"48","Plantae","Tracheophyta","Magnoliopsida","Lamiales","Plantaginaceae","Plantago","Plantago lanceolata","Plantago_lanceolata","Plantago_lanceolata"
"49","Plantae","Tracheophyta","Magnoliopsida","Caryophyllales","Polygonaceae","Persicaria","Persicaria amphibia","Persicaria_amphibia","Polygonum_amphibium"
"50","Plantae","Tracheophyta","Magnoliopsida","Caryophyllales","Polygonaceae","Persicaria","Persicaria thunbergii","Persicaria_thunbergii","Persicaria_thunbergii"
"51","Plantae","Tracheophyta","Magnoliopsida","Caryophyllales","Polygonaceae","Persicaria","Persicaria hydropiper","Persicaria_hydropiper","Persicaria_hydropiper"
"52","Plantae","Tracheophyta","Magnoliopsida","Caryophyllales","Polygonaceae","Persicaria","Persicaria maculosa","Persicaria_maculosa","Persicaria_maculosa"
"53","Plantae","Tracheophyta","Magnoliopsida","Malpighiales","Salicaceae","Populus","Populus tremuloides","Populus_tremuloides","Populus_tremuloides"
"54","Plantae","Tracheophyta","Magnoliopsida","Caryophyllales","Portulacaceae","Portulaca","Portulaca oleracea","Portulaca_oleracea","Portulaca_oleracea"
"55","Plantae","Tracheophyta","Magnoliopsida","Rosales","Rosaceae","Malus","Malus domestica","Malus_domestica","Malus_domestica"
"56","Plantae","Tracheophyta","Magnoliopsida","Rosales","Rhamnaceae","Rhamnus","Rhamnus cathartica","Rhamnus_cathartica","Rhamnus_catharticus"
"57","Plantae","Tracheophyta","Magnoliopsida","Sapindales","Anacardiaceae","Rhus","Rhus typhina","Rhus_typhina","Rhus_typhina"
"58","Plantae","Tracheophyta","Magnoliopsida","Asterales","Asteraceae","Rudbeckia","Rudbeckia hirta","Rudbeckia_hirta","Rudbeckia_hirta"
"59","Plantae","Tracheophyta","Liliopsida","Alismatales","Alismataceae","Sagittaria","Sagittaria latifolia","Sagittaria_latifolia","Sagittaria_latifolia"
"60","Plantae","Tracheophyta","Liliopsida","Poales","Poaceae","Cenchrus","Cenchrus americanus","Cenchrus_americanus","Pennisetum_glaucum"
"61","Plantae","Tracheophyta","Magnoliopsida","Caryophyllales","Caryophyllaceae","Silene","Silene antirrhina","Silene_antirrhina","Silene_antirrhina"
"62","Plantae","Tracheophyta","Liliopsida","Asparagales","Asparagaceae","Maianthemum","Maianthemum racemosum","Maianthemum_racemosum","Maianthemum_racemosum"
"63","Plantae","Tracheophyta","Liliopsida","Asparagales","Asparagaceae","Maianthemum","Maianthemum stellatum","Maianthemum_stellatum","Maianthemum_stellatum"
"64","Plantae","Tracheophyta","Magnoliopsida","Solanales","Solanaceae","Solanum","Solanum carolinense","Solanum_carolinense","Solanum_carolinense"
"65","Plantae","Tracheophyta","Magnoliopsida","Solanales","Solanaceae","Solanum","Solanum nigrum","Solanum_nigrum","Solanum_nigrum"
"66","Plantae","Tracheophyta","Magnoliopsida","Asterales","Asteraceae","Solidago","Solidago canadensis","Solidago_canadensis","Solidago_canadensis"
"67","Plantae","Tracheophyta","Magnoliopsida","Asterales","Asteraceae","Solidago","Solidago missouriensis","Solidago_missouriensis","Solidago_missouriensis"
"68","Plantae","Tracheophyta","Magnoliopsida","Caryophyllales","Caryophyllaceae","Stellaria","Stellaria media","Stellaria_media","Stellaria_media"
"69","Plantae","Tracheophyta","Magnoliopsida","Dipsacales","Caprifoliaceae","Symphoricarpos","Symphoricarpos occidentalis","Symphoricarpos_occidentalis","Symphoricarpos_occidentalis"
"70","Plantae","Tracheophyta","Liliopsida","Poales","Typhaceae","Typha","Typha angustifolia","Typha_angustifolia","Typha_angustifolia"
"71","Plantae","Tracheophyta","Liliopsida","Poales","Typhaceae","Typha","Typha latifolia","Typha_latifolia","Typha_latifolia"
"72","Plantae","Tracheophyta","Magnoliopsida","Rosales","Urticaceae","Urtica","Urtica dioica","Urtica_dioica","Urtica_dioica"
"73","Plantae","Tracheophyta","Liliopsida","Liliales","Colchicaceae","Uvularia","Uvularia sessilifolia","Uvularia_sessilifolia","Uvularia_sessilifolia"
"74","Plantae","Tracheophyta","Magnoliopsida","Lamiales","Scrophulariaceae","Verbascum","Verbascum thapsus","Verbascum_thapsus","Verbascum_thapsus"
"75","Plantae","Tracheophyta","Magnoliopsida","Lamiales","Verbenaceae","Verbena","Verbena bracteata","Verbena_bracteata","Verbena_bracteata"
"76","Plantae","Tracheophyta","Magnoliopsida","Lamiales","Verbenaceae","Verbena","Verbena hastata","Verbena_hastata","Verbena_hastata"
"77","Plantae","Tracheophyta","Magnoliopsida","Apiales","Apiaceae","Zizia","Zizia aurea","Zizia_aurea","Zizia_aurea"
"78","Plantae","Tracheophyta","Magnoliopsida","Malpighiales","Euphorbiaceae","Euphorbia","Euphorbia maculata","Euphorbia_maculata","Euphorbia_maculata"
"79","Plantae","Tracheophyta","Magnoliopsida","Solanales","Solanaceae","Physalis","Physalis heterophylla","Physalis_heterophylla","Physalis_heterophylla"
"80","Plantae","Tracheophyta","Magnoliopsida","Lamiales","Plantaginaceae","Plantago","Plantago patagonica","Plantago_patagonica","Plantago_patagonica"
"81","Plantae","Tracheophyta","Magnoliopsida","Asterales","Asteraceae","Taraxacum","Taraxacum officinale","Taraxacum_officinale","Taraxacum_officinale"
"82","Plantae","Tracheophyta","Magnoliopsida","Asterales","Asteraceae","Tragopogon","Tragopogon dubius","Tragopogon_dubius","Tragopogon_dubius"
"83","Plantae","Tracheophyta","Magnoliopsida","Vitales","Vitaceae","Vitis","Vitis riparia","Vitis_riparia","Vitis_riparia"
"84","Plantae","Tracheophyta","Magnoliopsida","Sapindales","Sapindaceae","Acer","Acer negundo","Acer_negundo","Acer_negundo"
"85","Plantae","Tracheophyta","Magnoliopsida","Sapindales","Sapindaceae","Acer","Acer rubrum","Acer_rubrum","Acer_rubrum"
"86","Plantae","Tracheophyta","Magnoliopsida","Lamiales","Lamiaceae","Agastache","Agastache foeniculum","Agastache_foeniculum","Agastache_foeniculum"
"87","Plantae","Tracheophyta","Liliopsida","Poales","Poaceae","Elymus","Elymus repens","Elymus_repens","Elymus_repens"
"88","Plantae","Tracheophyta","Liliopsida","Poales","Poaceae","Elymus","Elymus smithii","Elymus_smithii","Pascopyrum_smithii"
"89","Plantae","Tracheophyta","Liliopsida","Poales","Poaceae","Poa","Poa nemoralis","Poa_nemoralis","Poa_nemoralis"
"90","Plantae","Tracheophyta","Liliopsida","Poales","Poaceae","Agrostis","Agrostis scabra","Agrostis_scabra","Agrostis_scabra"
"91","Plantae","Tracheophyta","Liliopsida","Asparagales","Amaryllidaceae","Allium","Allium cernuum","Allium_cernuum","Allium_cernuum"
"92","Plantae","Tracheophyta","Liliopsida","Asparagales","Amaryllidaceae","Allium","Allium stellatum","Allium_stellatum","Allium_stellatum"
"93","Plantae","Tracheophyta","Magnoliopsida","Fagales","Betulaceae","Alnus","Alnus incana","Alnus_incana","Alnus_incana"
"94","Plantae","Tracheophyta","Magnoliopsida","Caryophyllales","Amaranthaceae","Amaranthus","Amaranthus retroflexus","Amaranthus_retroflexus","Amaranthus_retroflexus"
"95","Plantae","Tracheophyta","Magnoliopsida","Asterales","Asteraceae","Ambrosia","Ambrosia artemisiifolia","Ambrosia_artemisiifolia","Ambrosia_artemisiifolia"
"96","Plantae","Tracheophyta","Magnoliopsida","Asterales","Asteraceae","Ambrosia","Ambrosia psilostachya","Ambrosia_psilostachya","Ambrosia_psilostachya"
"97","Plantae","Tracheophyta","Magnoliopsida","Rosales","Rosaceae","Amelanchier","Amelanchier alnifolia","Amelanchier_alnifolia","Amelanchier_alnifolia"
"98","Plantae","Tracheophyta","Magnoliopsida","Rosales","Rosaceae","Amelanchier","Amelanchier arborea","Amelanchier_arborea","Amelanchier_arborea"
"100","Plantae","Tracheophyta","Magnoliopsida","Rosales","Rosaceae","Amelanchier","Amelanchier laevis","Amelanchier_laevis","Amelanchier_laevis"
"101","Plantae","Tracheophyta","Magnoliopsida","Rosales","Rosaceae","Amelanchier","Amelanchier sanguinea","Amelanchier_sanguinea","Amelanchier_sanguinea"
"102","Plantae","Tracheophyta","Magnoliopsida","Fabales","Fabaceae","Amorpha","Amorpha canescens","Amorpha_canescens","Amorpha_canescens"
"103","Plantae","Tracheophyta","Liliopsida","Poales","Poaceae","Andropogon","Andropogon gerardi","Andropogon_gerardi","Andropogon_gerardii"
"104","Plantae","Tracheophyta","Magnoliopsida","Ranunculales","Ranunculaceae","Anemone","Anemone cylindrica","Anemone_cylindrica","Anemone_cylindrica"
"106","Plantae","Tracheophyta","Magnoliopsida","Ranunculales","Ranunculaceae","Anemone","Anemone quinquefolia","Anemone_quinquefolia","Anemone_quinquefolia"
"107","Plantae","Tracheophyta","Magnoliopsida","Ranunculales","Ranunculaceae","Anemone","Anemone virginiana","Anemone_virginiana","Anemone_virginiana"
"108","Plantae","Tracheophyta","Magnoliopsida","Asterales","Asteraceae","Antennaria","Antennaria parlinii","Antennaria_parlinii","Antennaria_parlinii"
"109","Plantae","Tracheophyta","Magnoliopsida","Asterales","Asteraceae","Antennaria","Antennaria neglecta","Antennaria_neglecta","Antennaria_neglecta"
"110","Plantae","Tracheophyta","Magnoliopsida","Asterales","Asteraceae","Antennaria","Antennaria plantaginifolia","Antennaria_plantaginifolia","Antennaria_plantaginifolia"
"112","Plantae","Tracheophyta","Magnoliopsida","Ranunculales","Ranunculaceae","Aquilegia","Aquilegia canadensis","Aquilegia_canadensis","Aquilegia_canadensis"
"113","Plantae","Tracheophyta","Magnoliopsida","Brassicales","Brassicaceae","Turritis","Turritis glabra","Turritis_glabra","Turritis_glabra"
"115","Plantae","Tracheophyta","Magnoliopsida","Brassicales","Brassicaceae","Arabis","Arabis hirsuta","Arabis_hirsuta","Arabis_hirsuta"
"116","Plantae","Tracheophyta","Magnoliopsida","Apiales","Araliaceae","Aralia","Aralia nudicaulis","Aralia_nudicaulis","Aralia_nudicaulis"
"117","Plantae","Tracheophyta","Magnoliopsida","Caryophyllales","Caryophyllaceae","Moehringia","Moehringia lateriflora","Moehringia_lateriflora","Moehringia_lateriflora"
"118","Plantae","Tracheophyta","Magnoliopsida","Rosales","Rosaceae","Aronia","Aronia melanocarpa","Aronia_melanocarpa","Aronia_melanocarpa"
"119","Plantae","Tracheophyta","Magnoliopsida","Gentianales","Apocynaceae","Asclepias","Asclepias exaltata","Asclepias_exaltata","Asclepias_exaltata"
"120","Plantae","Tracheophyta","Magnoliopsida","Gentianales","Apocynaceae","Asclepias","Asclepias incarnata","Asclepias_incarnata","Asclepias_incarnata"
"121","Plantae","Tracheophyta","Magnoliopsida","Gentianales","Apocynaceae","Asclepias","Asclepias ovalifolia","Asclepias_ovalifolia","Asclepias_ovalifolia"
"122","Plantae","Tracheophyta","Magnoliopsida","Gentianales","Apocynaceae","Asclepias","Asclepias tuberosa","Asclepias_tuberosa","Asclepias_tuberosa"
"123","Plantae","Tracheophyta","Magnoliopsida","Gentianales","Apocynaceae","Asclepias","Asclepias viridiflora","Asclepias_viridiflora","Asclepias_viridiflora"
"124","Plantae","Tracheophyta","Magnoliopsida","Asterales","Asteraceae","Symphyotrichum","Symphyotrichum oolentangiense","Symphyotrichum_oolentangiense","Symphyotrichum_oolentangiense"
"125","Plantae","Tracheophyta","Magnoliopsida","Asterales","Asteraceae","Symphyotrichum","Symphyotrichum ericoides","Symphyotrichum_ericoides","Symphyotrichum_ericoides"
"126","Plantae","Tracheophyta","Magnoliopsida","Asterales","Asteraceae","Symphyotrichum","Symphyotrichum boreale","Symphyotrichum_boreale","Symphyotrichum_boreale"
"127","Plantae","Tracheophyta","Magnoliopsida","Asterales","Asteraceae","Symphyotrichum","Symphyotrichum lanceolatum","Symphyotrichum_lanceolatum","Symphyotrichum_lanceolatum"
"128","Plantae","Tracheophyta","Magnoliopsida","Asterales","Asteraceae","Eurybia","Eurybia macrophylla","Eurybia_macrophylla","Eurybia_macrophylla"
"129","Plantae","Tracheophyta","Magnoliopsida","Asterales","Asteraceae","Symphyotrichum","Symphyotrichum novae-angliae","Symphyotrichum_novae-angliae","Symphyotrichum_novae-angliae"
"131","Plantae","Tracheophyta","Magnoliopsida","Asterales","Asteraceae","Solidago","Solidago ptarmicoides","Solidago_ptarmicoides","Solidago_ptarmicoides"
"132","Plantae","Tracheophyta","Magnoliopsida","Asterales","Asteraceae","Symphyotrichum","Symphyotrichum puniceum","Symphyotrichum_puniceum","Symphyotrichum_puniceum"
"133","Plantae","Tracheophyta","Magnoliopsida","Asterales","Asteraceae","Doellingeria","Doellingeria umbellata","Doellingeria_umbellata","Doellingeria_umbellata"
"134","Plantae","Tracheophyta","Magnoliopsida","Fabales","Fabaceae","Astragalus","Astragalus canadensis","Astragalus_canadensis","Astragalus_canadensis"
"135","Plantae","Tracheophyta","Magnoliopsida","Fabales","Fabaceae","Baptisia","Baptisia alba","Baptisia_alba","Baptisia_alba"
"136","Plantae","Tracheophyta","Magnoliopsida","Brassicales","Brassicaceae","Barbarea","Barbarea vulgaris","Barbarea_vulgaris","Barbarea_vulgaris"
"137","Plantae","Tracheophyta","Magnoliopsida","Brassicales","Brassicaceae","Berteroa","Berteroa incana","Berteroa_incana","Berteroa_incana"
"138","Plantae","Tracheophyta","Magnoliopsida","Fagales","Betulaceae","Betula","Betula alleghaniensis","Betula_alleghaniensis","Betula_alleghaniensis"
"139","Plantae","Tracheophyta","Magnoliopsida","Fagales","Betulaceae","Betula","Betula papyrifera","Betula_papyrifera","Betula_papyrifera"
"140","Plantae","Tracheophyta","Magnoliopsida","Fagales","Betulaceae","Betula","Betula pumila","Betula_pumila","Betula_pumila"
"141","Plantae","Tracheophyta","Magnoliopsida","Asterales","Asteraceae","Bidens","Bidens cernua","Bidens_cernua","Bidens_cernua"
"142","Plantae","Tracheophyta","Magnoliopsida","Asterales","Asteraceae","Bidens","Bidens coronata","Bidens_coronata","Bidens_coronata"
"143","Plantae","Tracheophyta","Magnoliopsida","Asterales","Asteraceae","Bidens","Bidens tripartita","Bidens_tripartita","Bidens_tripartita"
"145","Plantae","Tracheophyta","Liliopsida","Poales","Poaceae","Bouteloua","Bouteloua curtipendula","Bouteloua_curtipendula","Bouteloua_curtipendula"
"146","Plantae","Tracheophyta","Liliopsida","Poales","Poaceae","Bouteloua","Bouteloua aristidoides","Bouteloua_aristidoides","Bouteloua_aristidoides"
"147","Plantae","Tracheophyta","Liliopsida","Poales","Poaceae","Bromus","Bromus ciliatus","Bromus_ciliatus","Bromus_ciliatus"
"148","Plantae","Tracheophyta","Liliopsida","Poales","Poaceae","Bromus","Bromus kalmii","Bromus_kalmii","Bromus_kalmii"
"149","Plantae","Tracheophyta","Liliopsida","Poales","Poaceae","Bouteloua","Bouteloua dactyloides","Bouteloua_dactyloides","Bouteloua_dactyloides"
"151","Plantae","Tracheophyta","Liliopsida","Poales","Poaceae","Calamagrostis","Calamagrostis stricta","Calamagrostis_stricta","Calamagrostis_stricta"
"152","Plantae","Tracheophyta","Magnoliopsida","Asterales","Campanulaceae","Palustricodon","Palustricodon aparinoides","Palustricodon_aparinoides","Campanula_aparinoides"
"153","Plantae","Tracheophyta","Magnoliopsida","Brassicales","Brassicaceae","Capsella","Capsella bursa-pastoris","Capsella_bursa-pastoris","Capsella_bursa-pastoris"
"154","Plantae","Tracheophyta","Liliopsida","Poales","Cyperaceae","Carex","Carex bebbii","Carex_bebbii","Carex_bebbii"
"155","Plantae","Tracheophyta","Liliopsida","Poales","Cyperaceae","Carex","Carex bicknellii","Carex_bicknellii","Carex_bicknellii"
"156","Plantae","Tracheophyta","Liliopsida","Poales","Cyperaceae","Carex","Carex canescens","Carex_canescens","Carex_canescens"
"157","Plantae","Tracheophyta","Liliopsida","Poales","Cyperaceae","Carex","Carex echinata","Carex_echinata","Carex_echinata"
"158","Plantae","Tracheophyta","Liliopsida","Poales","Cyperaceae","Carex","Carex chordorrhiza","Carex_chordorrhiza","Carex_chordorrhiza"
"159","Plantae","Tracheophyta","Liliopsida","Poales","Cyperaceae","Carex","Carex comosa","Carex_comosa","Carex_comosa"
"160","Plantae","Tracheophyta","Liliopsida","Poales","Cyperaceae","Carex","Carex diandra","Carex_diandra","Carex_diandra"
"161","Plantae","Tracheophyta","Liliopsida","Poales","Cyperaceae","Carex","Carex disperma","Carex_disperma","Carex_disperma"
"162","Plantae","Tracheophyta","Liliopsida","Poales","Cyperaceae","Carex","Carex foenea","Carex_foenea","Carex_foenea"
"163","Plantae","Tracheophyta","Liliopsida","Poales","Cyperaceae","Carex","Carex gracillima","Carex_gracillima","Carex_gracillima"
"164","Plantae","Tracheophyta","Liliopsida","Poales","Cyperaceae","Carex","Carex haydenii","Carex_haydenii","Carex_haydenii"
"165","Plantae","Tracheophyta","Liliopsida","Poales","Cyperaceae","Carex","Carex interior","Carex_interior","Carex_interior"
"166","Plantae","Tracheophyta","Liliopsida","Poales","Cyperaceae","Carex","Carex lacustris","Carex_lacustris","Carex_lacustris"
"167","Plantae","Tracheophyta","Liliopsida","Poales","Cyperaceae","Carex","Carex lasiocarpa","Carex_lasiocarpa","Carex_lasiocarpa"
"168","Plantae","Tracheophyta","Liliopsida","Poales","Cyperaceae","Carex","Carex vulpinoidea","Carex_vulpinoidea","Carex_vulpinoidea"
"169","Plantae","Tracheophyta","Liliopsida","Poales","Cyperaceae","Carex","Carex oligosperma","Carex_oligosperma","Carex_oligosperma"
"170","Plantae","Tracheophyta","Liliopsida","Poales","Cyperaceae","Carex","Carex pensylvanica","Carex_pensylvanica","Carex_pensylvanica"
"171","Plantae","Tracheophyta","Liliopsida","Poales","Cyperaceae","Carex","Carex rostrata","Carex_rostrata","Carex_rostrata"
"172","Plantae","Tracheophyta","Liliopsida","Poales","Cyperaceae","Carex","Carex scoparia","Carex_scoparia","Carex_scoparia"
"173","Plantae","Tracheophyta","Liliopsida","Poales","Cyperaceae","Carex","Carex stricta","Carex_stricta","Carex_stricta"
"174","Plantae","Tracheophyta","Magnoliopsida","Fabales","Fabaceae","Chamaecrista","Chamaecrista fasciculata","Chamaecrista_fasciculata","Chamaecrista_fasciculata"
"175","Plantae","Tracheophyta","Magnoliopsida","Rosales","Rhamnaceae","Ceanothus","Ceanothus americanus","Ceanothus_americanus","Ceanothus_americanus"
"176","Plantae","Tracheophyta","Liliopsida","Poales","Poaceae","Cenchrus","Cenchrus longispinus","Cenchrus_longispinus","Cenchrus_longispinus"
"177","Plantae","Tracheophyta","Magnoliopsida","Ericales","Ericaceae","Chamaedaphne","Chamaedaphne calyculata","Chamaedaphne_calyculata","Chamaedaphne_calyculata"
"178","Plantae","Tracheophyta","Magnoliopsida","Caryophyllales","Amaranthaceae","Chenopodium","Chenopodium album","Chenopodium_album","Chenopodium_album"
"179","Plantae","Tracheophyta","Magnoliopsida","Caryophyllales","Amaranthaceae","Chenopodiastrum","Chenopodiastrum hybridum","Chenopodiastrum_hybridum","Chenopodiastrum_hybridum"
"181","Plantae","Tracheophyta","Magnoliopsida","Caryophyllales","Amaranthaceae","Chenopodium","Chenopodium leptophyllum","Chenopodium_leptophyllum","Chenopodium_leptophyllum"
"182","Plantae","Tracheophyta","Magnoliopsida","Asterales","Asteraceae","Heterotheca","Heterotheca villosa","Heterotheca_villosa","Heterotheca_villosa"
"183","Plantae","Tracheophyta","Magnoliopsida","Apiales","Apiaceae","Cicuta","Cicuta bulbifera","Cicuta_bulbifera","Cicuta_bulbifera"
"184","Plantae","Tracheophyta","Magnoliopsida","Myrtales","Onagraceae","Circaea","Circaea lutetiana","Circaea_lutetiana","Circaea_lutetiana"
"185","Plantae","Tracheophyta","Magnoliopsida","Asterales","Asteraceae","Cirsium","Cirsium arvense","Cirsium_arvense","Cirsium_arvense"
"186","Plantae","Tracheophyta","Magnoliopsida","Asterales","Asteraceae","Cirsium","Cirsium discolor","Cirsium_discolor","Cirsium_discolor"
"188","Plantae","Tracheophyta","Magnoliopsida","Asterales","Asteraceae","Coreopsis","Coreopsis palmata","Coreopsis_palmata","Coreopsis_palmata"
"189","Plantae","Tracheophyta","Magnoliopsida","Fagales","Betulaceae","Corylus","Corylus americana","Corylus_americana","Corylus_americana"
"190","Plantae","Tracheophyta","Magnoliopsida","Asterales","Asteraceae","Crepis","Crepis tectorum","Crepis_tectorum","Crepis_tectorum"
"191","Plantae","Tracheophyta","Magnoliopsida","Caryophyllales","Amaranthaceae","Dysphania","Dysphania atriplicifolia","Dysphania_atriplicifolia","Cycloloma_atriplicifolium"
"192","Plantae","Tracheophyta","Liliopsida","Poales","Cyperaceae","Cyperus","Cyperus filiculmis","Cyperus_filiculmis","Cyperus_filiculmis"
"193","Plantae","Tracheophyta","Liliopsida","Poales","Cyperaceae","Cyperus","Cyperus schweinitzii","Cyperus_schweinitzii","Cyperus_schweinitzii"
"194","Plantae","Tracheophyta","Liliopsida","Poales","Cyperaceae","Cyperus","Cyperus strigosus","Cyperus_strigosus","Cyperus_strigosus"
"195","Plantae","Tracheophyta","Magnoliopsida","Ranunculales","Ranunculaceae","Delphinium","Delphinium carolinianum","Delphinium_carolinianum","Delphinium_carolinianum"
"196","Plantae","Tracheophyta","Magnoliopsida","Fabales","Fabaceae","Desmodium","Desmodium canadense","Desmodium_canadense","Desmodium_canadense"
"197","Plantae","Tracheophyta","Magnoliopsida","Fabales","Fabaceae","Hylodesmum","Hylodesmum glutinosum","Hylodesmum_glutinosum","Hylodesmum_glutinosum"
"198","Plantae","Tracheophyta","Liliopsida","Poales","Poaceae","Digitaria","Digitaria ischaemum","Digitaria_ischaemum","Digitaria_ischaemum"
"199","Plantae","Tracheophyta","Liliopsida","Poales","Poaceae","Digitaria","Digitaria sanguinalis","Digitaria_sanguinalis","Digitaria_sanguinalis"
"200","Plantae","Tracheophyta","Liliopsida","Poales","Cyperaceae","Dulichium","Dulichium arundinaceum","Dulichium_arundinaceum","Dulichium_arundinaceum"
"201","Plantae","Tracheophyta","Liliopsida","Poales","Poaceae","Elymus","Elymus canadensis","Elymus_canadensis","Elymus_canadensis"
"202","Plantae","Tracheophyta","Magnoliopsida","Myrtales","Onagraceae","Chamaenerion","Chamaenerion angustifolium","Chamaenerion_angustifolium","Chamaenerion_angustifolium"
"204","Plantae","Tracheophyta","Magnoliopsida","Myrtales","Onagraceae","Epilobium","Epilobium ciliatum","Epilobium_ciliatum","Epilobium_ciliatum"
"206","Plantae","Tracheophyta","Magnoliopsida","Myrtales","Onagraceae","Epilobium","Epilobium leptophyllum","Epilobium_leptophyllum","Epilobium_leptophyllum"
"207","Plantae","Tracheophyta","Liliopsida","Poales","Poaceae","Eragrostis","Eragrostis spectabilis","Eragrostis_spectabilis","Eragrostis_spectabilis"
"208","Plantae","Tracheophyta","Magnoliopsida","Asterales","Asteraceae","Erechtites","Erechtites hieraciifolius","Erechtites_hieraciifolius","Erechtites_hieraciifolius"
"209","Plantae","Tracheophyta","Magnoliopsida","Asterales","Asteraceae","Erigeron","Erigeron annuus","Erigeron_annuus","Erigeron_annuus"
"210","Plantae","Tracheophyta","Magnoliopsida","Asterales","Asteraceae","Erigeron","Erigeron strigosus","Erigeron_strigosus","Erigeron_strigosus"
"211","Plantae","Tracheophyta","Magnoliopsida","Asterales","Asteraceae","Eutrochium","Eutrochium maculatum","Eutrochium_maculatum","Eutrochium_maculatum"
"212","Plantae","Tracheophyta","Magnoliopsida","Asterales","Asteraceae","Eupatorium","Eupatorium perfoliatum","Eupatorium_perfoliatum","Eupatorium_perfoliatum"
"213","Plantae","Tracheophyta","Magnoliopsida","Malpighiales","Euphorbiaceae","Euphorbia","Euphorbia corollata","Euphorbia_corollata","Euphorbia_corollata"
"214","Plantae","Tracheophyta","Magnoliopsida","Malpighiales","Euphorbiaceae","Euphorbia","Euphorbia geyeri","Euphorbia_geyeri","Euphorbia_geyeri"
"215","Plantae","Tracheophyta","Magnoliopsida","Malpighiales","Euphorbiaceae","Euphorbia","Euphorbia glyptosperma","Euphorbia_glyptosperma","Euphorbia_glyptosperma"
"216","Plantae","Tracheophyta","Magnoliopsida","Asterales","Asteraceae","Euthamia","Euthamia graminifolia","Euthamia_graminifolia","Euthamia_graminifolia"
"217","Plantae","Tracheophyta","Liliopsida","Poales","Poaceae","Festuca","Festuca ovina","Festuca_ovina","Festuca_ovina"
"218","Plantae","Tracheophyta","Liliopsida","Poales","Poaceae","Festuca","Festuca guestfalica","Festuca_guestfalica","Festuca_guestfalica"
"219","Plantae","Tracheophyta","Magnoliopsida","Rosales","Rosaceae","Fragaria","Fragaria vesca","Fragaria_vesca","Fragaria_vesca"
"220","Plantae","Tracheophyta","Magnoliopsida","Rosales","Rosaceae","Fragaria","Fragaria virginiana","Fragaria_virginiana","Fragaria_virginiana"
"221","Plantae","Tracheophyta","Magnoliopsida","Lamiales","Oleaceae","Fraxinus","Fraxinus americana","Fraxinus_americana","Fraxinus_americana"
"222","Plantae","Tracheophyta","Magnoliopsida","Lamiales","Oleaceae","Fraxinus","Fraxinus nigra","Fraxinus_nigra","Fraxinus_nigra"
"223","Plantae","Tracheophyta","Magnoliopsida","Lamiales","Oleaceae","Fraxinus","Fraxinus pennsylvanica","Fraxinus_pennsylvanica","Fraxinus_pennsylvanica"
"224","Plantae","Tracheophyta","Magnoliopsida","Lamiales","Gesneriaceae","Seemannia","Seemannia sylvatica","Seemannia_sylvatica","Seemannia_sylvatica"
"225","Plantae","Tracheophyta","Magnoliopsida","Gentianales","Rubiaceae","Galium","Galium boreale","Galium_boreale","Galium_boreale"
"226","Plantae","Tracheophyta","Magnoliopsida","Gentianales","Rubiaceae","Galium","Galium trifidum","Galium_trifidum","Galium_trifidum"
"227","Plantae","Tracheophyta","Magnoliopsida","Gentianales","Rubiaceae","Galium","Galium triflorum","Galium_triflorum","Galium_triflorum"
"228","Plantae","Tracheophyta","Magnoliopsida","Geraniales","Geraniaceae","Geranium","Geranium maculatum","Geranium_maculatum","Geranium_maculatum"
"229","Plantae","Tracheophyta","Magnoliopsida","Lamiales","Lamiaceae","Glechoma","Glechoma hederacea","Glechoma_hederacea","Glechoma_hederacea"
"230","Plantae","Tracheophyta","Liliopsida","Poales","Poaceae","Glyceria","Glyceria grandis","Glyceria_grandis","Glyceria_grandis"
"231","Plantae","Tracheophyta","Magnoliopsida","Asterales","Asteraceae","Gamochaeta","Gamochaeta purpurea","Gamochaeta_purpurea","Gamochaeta_purpurea"
"232","Plantae","Tracheophyta","Magnoliopsida","Asterales","Asteraceae","Gnaphalium","Gnaphalium uliginosum","Gnaphalium_uliginosum","Gnaphalium_uliginosum"
"233","Plantae","Tracheophyta","Magnoliopsida","Asterales","Asteraceae","Helenium","Helenium autumnale","Helenium_autumnale","Helenium_autumnale"
"234","Plantae","Tracheophyta","Magnoliopsida","Asterales","Asteraceae","Helianthus","Helianthus hirsutus","Helianthus_hirsutus","Helianthus_hirsutus"
"235","Plantae","Tracheophyta","Magnoliopsida","Saxifragales","Saxifragaceae","Heuchera","Heuchera richardsonii","Heuchera_richardsonii","Heuchera_richardsonii"
"236","Plantae","Tracheophyta","Magnoliopsida","Asterales","Asteraceae","Pilosella","Pilosella aurantiaca","Pilosella_aurantiaca","Pilosella_aurantiaca"
"238","Plantae","Tracheophyta","Magnoliopsida","Asterales","Asteraceae","Hieracium","Hieracium umbellatum","Hieracium_umbellatum","Hieracium_umbellatum"
"239","Plantae","Tracheophyta","Magnoliopsida","Asterales","Asteraceae","Hieracium","Hieracium longipilum","Hieracium_longipilum","Hieracium_longipilum"
"240","Plantae","Tracheophyta","Liliopsida","Poales","Poaceae","Anthoxanthum","Anthoxanthum nitens","Anthoxanthum_nitens","Hierochloe_odorata"
"242","Plantae","Tracheophyta","Magnoliopsida","Gentianales","Rubiaceae","Houstonia","Houstonia longifolia","Houstonia_longifolia","Houstonia_longifolia"
"243","Plantae","Tracheophyta","Liliopsida","Asparagales","Hypoxidaceae","Hypoxis","Hypoxis hirsuta","Hypoxis_hirsuta","Hypoxis_hirsuta"
"244","Plantae","Tracheophyta","Magnoliopsida","Aquifoliales","Aquifoliaceae","Ilex","Ilex verticillata","Ilex_verticillata","Ilex_verticillata"
"245","Plantae","Tracheophyta","Liliopsida","Asparagales","Iridaceae","Iris","Iris versicolor","Iris_versicolor","Iris_versicolor"
"246","Plantae","Tracheophyta","Liliopsida","Poales","Juncaceae","Juncus","Juncus tenuis","Juncus_tenuis","Juncus_tenuis"
"247","Plantae","Tracheophyta","Pinopsida","Pinales","Cupressaceae","Juniperus","Juniperus virginiana","Juniperus_virginiana","Juniperus_virginiana"
"248","Plantae","Tracheophyta","Magnoliopsida","Asterales","Asteraceae","Krigia","Krigia biflora","Krigia_biflora","Krigia_biflora"
"249","Plantae","Tracheophyta","Magnoliopsida","Asterales","Asteraceae","Lactuca","Lactuca biennis","Lactuca_biennis","Lactuca_biennis"
"250","Plantae","Tracheophyta","Magnoliopsida","Asterales","Asteraceae","Lactuca","Lactuca canadensis","Lactuca_canadensis","Lactuca_canadensis"
"251","Plantae","Tracheophyta","Magnoliopsida","Fabales","Fabaceae","Lathyrus","Lathyrus ochroleucus","Lathyrus_ochroleucus","Lathyrus_ochroleucus"
"252","Plantae","Tracheophyta","Magnoliopsida","Fabales","Fabaceae","Lathyrus","Lathyrus venosus","Lathyrus_venosus","Lathyrus_venosus"
"253","Plantae","Tracheophyta","Magnoliopsida","Brassicales","Brassicaceae","Lepidium","Lepidium densiflorum","Lepidium_densiflorum","Lepidium_densiflorum"
"254","Plantae","Tracheophyta","Magnoliopsida","Brassicales","Brassicaceae","Lepidium","Lepidium virginicum","Lepidium_virginicum","Lepidium_virginicum"
"255","Plantae","Tracheophyta","Liliopsida","Poales","Poaceae","Digitaria","Digitaria cognata","Digitaria_cognata","Digitaria_cognata"
"256","Plantae","Tracheophyta","Magnoliopsida","Fabales","Fabaceae","Lespedeza","Lespedeza capitata","Lespedeza_capitata","Lespedeza_capitata"
"257","Plantae","Tracheophyta","Magnoliopsida","Asterales","Asteraceae","Liatris","Liatris aspera","Liatris_aspera","Liatris_aspera"
"258","Plantae","Tracheophyta","Magnoliopsida","Asterales","Asteraceae","Liatris","Liatris ligulistylis","Liatris_ligulistylis","Liatris_ligulistylis"
"259","Plantae","Tracheophyta","Magnoliopsida","Asterales","Asteraceae","Liatris","Liatris pycnostachya","Liatris_pycnostachya","Liatris_pycnostachya"
"260","Plantae","Tracheophyta","Magnoliopsida","Lamiales","Plantaginaceae","Linaria","Linaria vulgaris","Linaria_vulgaris","Linaria_vulgaris"
"261","Plantae","Tracheophyta","Magnoliopsida","Boraginales","Boraginaceae","Lithospermum","Lithospermum canescens","Lithospermum_canescens","Lithospermum_canescens"
"262","Plantae","Tracheophyta","Magnoliopsida","Boraginales","Boraginaceae","Lithospermum","Lithospermum carolinense","Lithospermum_carolinense","Lithospermum_carolinense"
"263","Plantae","Tracheophyta","Magnoliopsida","Asterales","Campanulaceae","Lobelia","Lobelia siphilitica","Lobelia_siphilitica","Lobelia_siphilitica"
"264","Plantae","Tracheophyta","Liliopsida","Poales","Poaceae","Lolium","Lolium multiflorum","Lolium_multiflorum","Lolium_multiflorum"
"265","Plantae","Tracheophyta","Magnoliopsida","Dipsacales","Caprifoliaceae","Lonicera","Lonicera dioica","Lonicera_dioica","Lonicera_dioica"
"266","Plantae","Tracheophyta","Magnoliopsida","Dipsacales","Caprifoliaceae","Lonicera","Lonicera tatarica","Lonicera_tatarica","Lonicera_tatarica"
"267","Plantae","Tracheophyta","Magnoliopsida","Dipsacales","Caprifoliaceae","Lonicera","Lonicera morrowii","Lonicera_morrowii","Lonicera_morrowii"
"268","Plantae","Tracheophyta","Magnoliopsida","Myrtales","Onagraceae","Ludwigia","Ludwigia polycarpa","Ludwigia_polycarpa","Ludwigia_polycarpa"
"269","Plantae","Tracheophyta","Magnoliopsida","Fabales","Fabaceae","Lupinus","Lupinus perennis","Lupinus_perennis","Lupinus_perennis"
"270","Plantae","Tracheophyta","Magnoliopsida","Caryophyllales","Caryophyllaceae","Silene","Silene latifolia","Silene_latifolia","Silene_latifolia"
"271","Plantae","Tracheophyta","Magnoliopsida","Lamiales","Lamiaceae","Lycopus","Lycopus americanus","Lycopus_americanus","Lycopus_americanus"
"272","Plantae","Tracheophyta","Magnoliopsida","Lamiales","Lamiaceae","Lycopus","Lycopus uniflorus","Lycopus_uniflorus","Lycopus_uniflorus"
"273","Plantae","Tracheophyta","Magnoliopsida","Ericales","Primulaceae","Lysimachia","Lysimachia ciliata","Lysimachia_ciliata","Lysimachia_ciliata"
"274","Plantae","Tracheophyta","Magnoliopsida","Ericales","Primulaceae","Lysimachia","Lysimachia thyrsiflora","Lysimachia_thyrsiflora","Lysimachia_thyrsiflora"
"275","Plantae","Tracheophyta","Liliopsida","Asparagales","Asparagaceae","Maianthemum","Maianthemum canadense","Maianthemum_canadense","Maianthemum_canadense"
"276","Plantae","Tracheophyta","Magnoliopsida","Fabales","Fabaceae","Medicago","Medicago lupulina","Medicago_lupulina","Medicago_lupulina"
"277","Plantae","Tracheophyta","Magnoliopsida","Fabales","Fabaceae","Melilotus","Melilotus officinalis","Melilotus_officinalis","Melilotus_officinalis"
"278","Plantae","Tracheophyta","Magnoliopsida","Lamiales","Phrymaceae","Mimulus","Mimulus ringens","Mimulus_ringens","Mimulus_ringens"
"279","Plantae","Tracheophyta","Magnoliopsida","Caryophyllales","Nyctaginaceae","Mirabilis","Mirabilis albida","Mirabilis_albida","Mirabilis_albida"
"280","Plantae","Tracheophyta","Magnoliopsida","Caryophyllales","Nyctaginaceae","Mirabilis","Mirabilis nyctaginea","Mirabilis_nyctaginea","Mirabilis_nyctaginea"
"281","Plantae","Tracheophyta","Magnoliopsida","Lamiales","Lamiaceae","Monarda","Monarda punctata","Monarda_punctata","Monarda_punctata"
"282","Plantae","Tracheophyta","Magnoliopsida","Lamiales","Lamiaceae","Mosla","Mosla dianthera","Mosla_dianthera","Mosla_dianthera"
"283","Plantae","Tracheophyta","Liliopsida","Poales","Poaceae","Muhlenbergia","Muhlenbergia racemosa","Muhlenbergia_racemosa","Muhlenbergia_racemosa"
"284","Plantae","Tracheophyta","Magnoliopsida","Myrtales","Onagraceae","Oenothera","Oenothera biennis","Oenothera_biennis","Oenothera_biennis"
"285","Plantae","Tracheophyta","Magnoliopsida","Myrtales","Onagraceae","Oenothera","Oenothera parviflora","Oenothera_parviflora","Oenothera_parviflora"
"286","Plantae","Tracheophyta","Liliopsida","Poales","Poaceae","Panicum","Panicum capillare","Panicum_capillare","Panicum_capillare"
"287","Plantae","Tracheophyta","Liliopsida","Poales","Poaceae","Dichanthelium","Dichanthelium acuminatum","Dichanthelium_acuminatum","Dichanthelium_acuminatum"
"289","Plantae","Tracheophyta","Liliopsida","Poales","Poaceae","Panicum","Panicum miliaceum","Panicum_miliaceum","Panicum_miliaceum"
"290","Plantae","Tracheophyta","Liliopsida","Poales","Poaceae","Dichanthelium","Dichanthelium oligosanthes","Dichanthelium_oligosanthes","Dichanthelium_oligosanthes"
"291","Plantae","Tracheophyta","Liliopsida","Poales","Poaceae","Panicum","Panicum virgatum","Panicum_virgatum","Panicum_virgatum"
"292","Plantae","Tracheophyta","Magnoliopsida","Rosales","Urticaceae","Parietaria","Parietaria pensylvanica","Parietaria_pensylvanica","Parietaria_pensylvanica"
"293","Plantae","Tracheophyta","Magnoliopsida","Vitales","Vitaceae","Parthenocissus","Parthenocissus inserta","Parthenocissus_inserta","Parthenocissus_inserta"
"294","Plantae","Tracheophyta","Magnoliopsida","Vitales","Vitaceae","Parthenocissus","Parthenocissus quinquefolia","Parthenocissus_quinquefolia","Parthenocissus_quinquefolia"
"295","Plantae","Tracheophyta","Liliopsida","Poales","Poaceae","Paspalum","Paspalum setaceum","Paspalum_setaceum","Paspalum_setaceum"
"296","Plantae","Tracheophyta","Magnoliopsida","Lamiales","Orobanchaceae","Pedicularis","Pedicularis canadensis","Pedicularis_canadensis","Pedicularis_canadensis"
"297","Plantae","Tracheophyta","Magnoliopsida","Lamiales","Plantaginaceae","Penstemon","Penstemon digitalis","Penstemon_digitalis","Penstemon_digitalis"
"299","Plantae","Tracheophyta","Magnoliopsida","Fabales","Fabaceae","Dalea","Dalea purpurea","Dalea_purpurea","Dalea_purpurea"
"300","Plantae","Tracheophyta","Liliopsida","Poales","Poaceae","Phalaris","Phalaris arundinacea","Phalaris_arundinacea","Phalaris_arundinacea"
"301","Plantae","Tracheophyta","Magnoliopsida","Ericales","Polemoniaceae","Phlox","Phlox paniculata","Phlox_paniculata","Phlox_paniculata"
"302","Plantae","Tracheophyta","Magnoliopsida","Ericales","Polemoniaceae","Phlox","Phlox pilosa","Phlox_pilosa","Phlox_pilosa"
"303","Plantae","Tracheophyta","Magnoliopsida","Rosales","Urticaceae","Pilea","Pilea pumila","Pilea_pumila","Pilea_pumila"
"304","Plantae","Tracheophyta","Pinopsida","Pinales","Pinaceae","Pinus","Pinus banksiana","Pinus_banksiana","Pinus_banksiana"
"305","Plantae","Tracheophyta","Pinopsida","Pinales","Pinaceae","Pinus","Pinus resinosa","Pinus_resinosa","Pinus_resinosa"
"306","Plantae","Tracheophyta","Pinopsida","Pinales","Pinaceae","Pinus","Pinus strobus","Pinus_strobus","Pinus_strobus"
"307","Plantae","Tracheophyta","Magnoliopsida","Lamiales","Plantaginaceae","Plantago","Plantago major","Plantago_major","Plantago_major"
"308","Plantae","Tracheophyta","Liliopsida","Poales","Poaceae","Poa","Poa compressa","Poa_compressa","Poa_compressa"
"309","Plantae","Tracheophyta","Liliopsida","Poales","Poaceae","Poa","Poa palustris","Poa_palustris","Poa_palustris"
"310","Plantae","Tracheophyta","Liliopsida","Poales","Poaceae","Poa","Poa pratensis","Poa_pratensis","Poa_pratensis"
"311","Plantae","Tracheophyta","Magnoliopsida","Fabales","Polygalaceae","Polygala","Polygala polygama","Polygala_polygama","Polygala_polygama"
"312","Plantae","Tracheophyta","Liliopsida","Asparagales","Asparagaceae","Polygonatum","Polygonatum biflorum","Polygonatum_biflorum","Polygonatum_biflorum"
"313","Plantae","Tracheophyta","Magnoliopsida","Caryophyllales","Polygonaceae","Polygonella","Polygonella articulata","Polygonella_articulata","Polygonella_articulata"
"314","Plantae","Tracheophyta","Magnoliopsida","Caryophyllales","Polygonaceae","Parogonum","Parogonum ciliinode","Parogonum_ciliinode","Fallopia_cilinodis"
"315","Plantae","Tracheophyta","Magnoliopsida","Caryophyllales","Polygonaceae","Fallopia","Fallopia convolvulus","Fallopia_convolvulus","Fallopia_convolvulus"
"316","Plantae","Tracheophyta","Magnoliopsida","Caryophyllales","Polygonaceae","Persicaria","Persicaria lapathifolia","Persicaria_lapathifolia","Persicaria_lapathifolia"
"317","Plantae","Tracheophyta","Magnoliopsida","Caryophyllales","Polygonaceae","Persicaria","Persicaria pensylvanica","Persicaria_pensylvanica","Persicaria_pensylvanica"
"318","Plantae","Tracheophyta","Magnoliopsida","Caryophyllales","Polygonaceae","Persicaria","Persicaria sagittata","Persicaria_sagittata","Persicaria_sagittata"
"319","Plantae","Tracheophyta","Magnoliopsida","Caryophyllales","Polygonaceae","Fallopia","Fallopia scandens","Fallopia_scandens","Fallopia_scandens"
"320","Plantae","Tracheophyta","Magnoliopsida","Caryophyllales","Polygonaceae","Polygonum","Polygonum tenue","Polygonum_tenue","Polygonum_tenue"
"321","Plantae","Tracheophyta","Magnoliopsida","Malpighiales","Salicaceae","Populus","Populus balsamifera","Populus_balsamifera","Populus_balsamifera"
"322","Plantae","Tracheophyta","Magnoliopsida","Malpighiales","Salicaceae","Populus","Populus deltoides","Populus_deltoides","Populus_deltoides"
"323","Plantae","Tracheophyta","Magnoliopsida","Malpighiales","Salicaceae","Populus","Populus grandidentata","Populus_grandidentata","Populus_grandidentata"
"324","Plantae","Tracheophyta","Magnoliopsida","Rosales","Rosaceae","Potentilla","Potentilla argentea","Potentilla_argentea","Potentilla_argentea"
"325","Plantae","Tracheophyta","Magnoliopsida","Rosales","Rosaceae","Drymocallis","Drymocallis arguta","Drymocallis_arguta","Drymocallis_arguta"
"326","Plantae","Tracheophyta","Magnoliopsida","Rosales","Rosaceae","Potentilla","Potentilla norvegica","Potentilla_norvegica","Potentilla_norvegica"
"327","Plantae","Tracheophyta","Magnoliopsida","Rosales","Rosaceae","Comarum","Comarum palustre","Comarum_palustre","Comarum_palustre"
"328","Plantae","Tracheophyta","Magnoliopsida","Rosales","Rosaceae","Potentilla","Potentilla recta","Potentilla_recta","Potentilla_recta"
"329","Plantae","Tracheophyta","Magnoliopsida","Rosales","Rosaceae","Potentilla","Potentilla simplex","Potentilla_simplex","Potentilla_simplex"
"330","Plantae","Tracheophyta","Magnoliopsida","Asterales","Asteraceae","Nabalus","Nabalus albus","Nabalus_albus","Nabalus_albus"
"331","Plantae","Tracheophyta","Magnoliopsida","Asterales","Asteraceae","Nabalus","Nabalus racemosus","Nabalus_racemosus","Nabalus_racemosus"
"332","Plantae","Tracheophyta","Magnoliopsida","Lamiales","Lamiaceae","Prunella","Prunella vulgaris","Prunella_vulgaris","Prunella_vulgaris"
"333","Plantae","Tracheophyta","Magnoliopsida","Rosales","Rosaceae","Prunus","Prunus americana","Prunus_americana","Prunus_americana"
"334","Plantae","Tracheophyta","Magnoliopsida","Rosales","Rosaceae","Prunus","Prunus pensylvanica","Prunus_pensylvanica","Prunus_pensylvanica"
"335","Plantae","Tracheophyta","Magnoliopsida","Rosales","Rosaceae","Prunus","Prunus pumila","Prunus_pumila","Prunus_pumila"
"336","Plantae","Tracheophyta","Magnoliopsida","Rosales","Rosaceae","Prunus","Prunus serotina","Prunus_serotina","Prunus_serotina"
"337","Plantae","Tracheophyta","Magnoliopsida","Rosales","Rosaceae","Prunus","Prunus virginiana","Prunus_virginiana","Prunus_virginiana"
"338","Plantae","Tracheophyta","Magnoliopsida","Lamiales","Lamiaceae","Pycnanthemum","Pycnanthemum virginianum","Pycnanthemum_virginianum","Pycnanthemum_virginianum"
"339","Plantae","Tracheophyta","Magnoliopsida","Ericales","Ericaceae","Pyrola","Pyrola rotundifolia","Pyrola_rotundifolia","Pyrola_rotundifolia"
"341","Plantae","Tracheophyta","Magnoliopsida","Fagales","Fagaceae","Quercus","Quercus alba","Quercus_alba","Quercus_alba"
"342","Plantae","Tracheophyta","Magnoliopsida","Fagales","Fagaceae","Quercus","Quercus petraea","Quercus_petraea","Quercus_petraea"
"343","Plantae","Tracheophyta","Magnoliopsida","Fagales","Fagaceae","Quercus","Quercus ellipsoidalis","Quercus_ellipsoidalis","Quercus_ellipsoidalis"
"344","Plantae","Tracheophyta","Magnoliopsida","Fagales","Fagaceae","Quercus","Quercus macrocarpa","Quercus_macrocarpa","Quercus_macrocarpa"
"346","Plantae","Tracheophyta","Magnoliopsida","Asterales","Asteraceae","Ratibida","Ratibida pinnata","Ratibida_pinnata","Ratibida_pinnata"
"348","Plantae","Tracheophyta","Magnoliopsida","Rosales","Rhamnaceae","Frangula","Frangula alnus","Frangula_alnus","Frangula_alnus"
"349","Plantae","Tracheophyta","Magnoliopsida","Sapindales","Anacardiaceae","Rhus","Rhus glabra","Rhus_glabra","Rhus_glabra"
"350","Plantae","Tracheophyta","Magnoliopsida","Sapindales","Anacardiaceae","Toxicodendron","Toxicodendron radicans","Toxicodendron_radicans","Toxicodendron_radicans"
"351","Plantae","Tracheophyta","Magnoliopsida","Saxifragales","Grossulariaceae","Ribes","Ribes hirtellum","Ribes_hirtellum","Ribes_hirtellum"
"352","Plantae","Tracheophyta","Magnoliopsida","Fabales","Fabaceae","Robinia","Robinia pseudoacacia","Robinia_pseudoacacia","Robinia_pseudoacacia"
"353","Plantae","Tracheophyta","Magnoliopsida","Rosales","Rosaceae","Rosa","Rosa arkansana","Rosa_arkansana","Rosa_arkansana"
"354","Plantae","Tracheophyta","Magnoliopsida","Rosales","Rosaceae","Rosa","Rosa blanda","Rosa_blanda","Rosa_blanda"
"355","Plantae","Tracheophyta","Magnoliopsida","Rosales","Rosaceae","Rosa","Rosa carolina","Rosa_carolina","Rosa_carolina"
"356","Plantae","Tracheophyta","Magnoliopsida","Rosales","Rosaceae","Rubus","Rubus allegheniensis","Rubus_allegheniensis","Rubus_allegheniensis"
"357","Plantae","Tracheophyta","Magnoliopsida","Rosales","Rosaceae","Rubus","Rubus canadensis","Rubus_canadensis","Rubus_canadensis"
"358","Plantae","Tracheophyta","Magnoliopsida","Rosales","Rosaceae","Rubus","Rubus flagellaris","Rubus_flagellaris","Rubus_flagellaris"
"359","Plantae","Tracheophyta","Magnoliopsida","Rosales","Rosaceae","Rubus","Rubus idaeus","Rubus_idaeus","Rubus_idaeus"
"360","Plantae","Tracheophyta","Magnoliopsida","Rosales","Rosaceae","Rubus","Rubus occidentalis","Rubus_occidentalis","Rubus_occidentalis"
"361","Plantae","Tracheophyta","Magnoliopsida","Rosales","Rosaceae","Rubus","Rubus pubescens","Rubus_pubescens","Rubus_pubescens"
"362","Plantae","Tracheophyta","Magnoliopsida","Caryophyllales","Polygonaceae","Rumex","Rumex acetosella","Rumex_acetosella","Rumex_acetosella"
"363","Plantae","Tracheophyta","Magnoliopsida","Malpighiales","Salicaceae","Salix","Salix bebbiana","Salix_bebbiana","Salix_bebbiana"
"364","Plantae","Tracheophyta","Magnoliopsida","Malpighiales","Salicaceae","Salix","Salix discolor","Salix_discolor","Salix_discolor"
"365","Plantae","Tracheophyta","Magnoliopsida","Malpighiales","Salicaceae","Salix","Salix petiolaris","Salix_petiolaris","Salix_petiolaris"
"366","Plantae","Tracheophyta","Magnoliopsida","Malpighiales","Salicaceae","Salix","Salix humilis","Salix_humilis","Salix_humilis"
"367","Plantae","Tracheophyta","Magnoliopsida","Malpighiales","Salicaceae","Salix","Salix interior","Salix_interior","Salix_interior"
"368","Plantae","Tracheophyta","Magnoliopsida","Malpighiales","Salicaceae","Salix","Salix pedicellaris","Salix_pedicellaris","Salix_pedicellaris"
"369","Plantae","Tracheophyta","Magnoliopsida","Malpighiales","Salicaceae","Salix","Salix pyrifolia","Salix_pyrifolia","Salix_pyrifolia"
"370","Plantae","Tracheophyta","Magnoliopsida","Malpighiales","Salicaceae","Salix","Salix serissima","Salix_serissima","Salix_serissima"
"371","Plantae","Tracheophyta","Magnoliopsida","Caryophyllales","Amaranthaceae","Salsola","Salsola kali","Salsola_kali","Kali_turgidum"
"374","Plantae","Tracheophyta","Liliopsida","Poales","Poaceae","Schizachne","Schizachne purpurascens","Schizachne_purpurascens","Schizachne_purpurascens"
"375","Plantae","Tracheophyta","Liliopsida","Poales","Poaceae","Schizachyrium","Schizachyrium scoparium","Schizachyrium_scoparium","Schizachyrium_scoparium"
"376","Plantae","Tracheophyta","Liliopsida","Poales","Cyperaceae","Scirpus","Scirpus cyperinus","Scirpus_cyperinus","Scirpus_cyperinus"
"377","Plantae","Tracheophyta","Liliopsida","Poales","Cyperaceae","Eleocharis","Eleocharis geniculata","Eleocharis_geniculata","Eleocharis_geniculata"
"378","Plantae","Tracheophyta","Liliopsida","Poales","Cyperaceae","Scleria","Scleria triglomerata","Scleria_triglomerata","Scleria_triglomerata"
"379","Plantae","Tracheophyta","Magnoliopsida","Lamiales","Lamiaceae","Scutellaria","Scutellaria galericulata","Scutellaria_galericulata","Scutellaria_galericulata"
"380","Plantae","Tracheophyta","Magnoliopsida","Lamiales","Lamiaceae","Scutellaria","Scutellaria lateriflora","Scutellaria_lateriflora","Scutellaria_lateriflora"
"381","Plantae","Tracheophyta","Magnoliopsida","Lamiales","Lamiaceae","Scutellaria","Scutellaria parvula","Scutellaria_parvula","Scutellaria_parvula"
"382","Plantae","Tracheophyta","Liliopsida","Poales","Poaceae","Secale","Secale cereale","Secale_cereale","Secale_cereale"
"383","Plantae","Tracheophyta","Liliopsida","Poales","Poaceae","Secale","Secale vavilovii","Secale_vavilovii","Secale_vavilovii"
"384","Plantae","Tracheophyta","Magnoliopsida","Asterales","Asteraceae","Packera","Packera aurea","Packera_aurea","Packera_aurea"
"385","Plantae","Tracheophyta","Magnoliopsida","Asterales","Asteraceae","Packera","Packera paupercula","Packera_paupercula","Packera_paupercula"
"386","Plantae","Tracheophyta","Liliopsida","Poales","Poaceae","Setaria","Setaria italica","Setaria_italica","Setaria_italica"
"388","Plantae","Tracheophyta","Liliopsida","Poales","Poaceae","Setaria","Setaria viridis","Setaria_viridis","Setaria_viridis"
"389","Plantae","Tracheophyta","Magnoliopsida","Brassicales","Brassicaceae","Sisymbrium","Sisymbrium altissimum","Sisymbrium_altissimum","Sisymbrium_altissimum"
"390","Plantae","Tracheophyta","Liliopsida","Asparagales","Iridaceae","Sisyrinchium","Sisyrinchium campestre","Sisyrinchium_campestre","Sisyrinchium_campestre"
"391","Plantae","Tracheophyta","Liliopsida","Liliales","Smilacaceae","Smilax","Smilax herbacea","Smilax_herbacea","Smilax_herbacea"
"392","Plantae","Tracheophyta","Magnoliopsida","Solanales","Solanaceae","Solanum","Solanum americanum","Solanum_americanum","Solanum_americanum"
"393","Plantae","Tracheophyta","Magnoliopsida","Solanales","Solanaceae","Solanum","Solanum dulcamara","Solanum_dulcamara","Solanum_dulcamara"
"394","Plantae","Tracheophyta","Magnoliopsida","Asterales","Asteraceae","Solidago","Solidago gigantea","Solidago_gigantea","Solidago_gigantea"
"395","Plantae","Tracheophyta","Magnoliopsida","Asterales","Asteraceae","Solidago","Solidago juncea","Solidago_juncea","Solidago_juncea"
"396","Plantae","Tracheophyta","Magnoliopsida","Asterales","Asteraceae","Solidago","Solidago nemoralis","Solidago_nemoralis","Solidago_nemoralis"
"397","Plantae","Tracheophyta","Magnoliopsida","Asterales","Asteraceae","Solidago","Solidago rigida","Solidago_rigida","Solidago_rigida"
"398","Plantae","Tracheophyta","Magnoliopsida","Asterales","Asteraceae","Solidago","Solidago speciosa","Solidago_speciosa","Solidago_speciosa"
"399","Plantae","Tracheophyta","Magnoliopsida","Asterales","Asteraceae","Sonchus","Sonchus arvensis","Sonchus_arvensis","Sonchus_arvensis"
"400","Plantae","Tracheophyta","Liliopsida","Poales","Poaceae","Sorghastrum","Sorghastrum nutans","Sorghastrum_nutans","Sorghastrum_nutans"
"401","Plantae","Tracheophyta","Liliopsida","Poales","Poaceae","Sporobolus","Sporobolus michauxianus","Sporobolus_michauxianus","Spartina_pectinata"
"402","Plantae","Tracheophyta","Magnoliopsida","Rosales","Rosaceae","Spiraea","Spiraea alba","Spiraea_alba","Spiraea_alba"
"403","Plantae","Tracheophyta","Magnoliopsida","Rosales","Rosaceae","Spiraea","Spiraea tomentosa","Spiraea_tomentosa","Spiraea_tomentosa"
"404","Plantae","Tracheophyta","Liliopsida","Poales","Poaceae","Sporobolus","Sporobolus cryptandrus","Sporobolus_cryptandrus","Sporobolus_cryptandrus"
"405","Plantae","Tracheophyta","Liliopsida","Poales","Poaceae","Sporobolus","Sporobolus heterolepis","Sporobolus_heterolepis","Sporobolus_heterolepis"
"406","Plantae","Tracheophyta","Magnoliopsida","Lamiales","Lamiaceae","Stachys","Stachys palustris","Stachys_palustris","Stachys_palustris"
"407","Plantae","Tracheophyta","Magnoliopsida","Lamiales","Lamiaceae","Stachys","Stachys tenuifolia","Stachys_tenuifolia","Stachys_tenuifolia"
"408","Plantae","Tracheophyta","Magnoliopsida","Caryophyllales","Caryophyllaceae","Stellaria","Stellaria longifolia","Stellaria_longifolia","Stellaria_longifolia"
"409","Plantae","Tracheophyta","Liliopsida","Poales","Poaceae","Hesperostipa","Hesperostipa comata","Hesperostipa_comata","Hesperostipa_comata"
"410","Plantae","Tracheophyta","Liliopsida","Poales","Poaceae","Hesperostipa","Hesperostipa spartea","Hesperostipa_spartea","Hesperostipa_spartea"
"411","Plantae","Tracheophyta","Liliopsida","Poales","Poaceae","Trachypogon","Trachypogon spicatus","Trachypogon_spicatus","Trachypogon_spicatus"
"412","Plantae","Tracheophyta","Liliopsida","Liliales","Liliaceae","Streptopus","Streptopus lanceolatus","Streptopus_lanceolatus","Streptopus_lanceolatus"
"413","Plantae","Tracheophyta","Magnoliopsida","Fabales","Fabaceae","Strophostyles","Strophostyles leiosperma","Strophostyles_leiosperma","Strophostyles_leiosperma"
"414","Plantae","Tracheophyta","Magnoliopsida","Ranunculales","Ranunculaceae","Thalictrum","Thalictrum dasycarpum","Thalictrum_dasycarpum","Thalictrum_dasycarpum"
"415","Plantae","Tracheophyta","Magnoliopsida","Ranunculales","Ranunculaceae","Thalictrum","Thalictrum dioicum","Thalictrum_dioicum","Thalictrum_dioicum"
"416","Plantae","Tracheophyta","Liliopsida","Commelinales","Commelinaceae","Tradescantia","Tradescantia bracteata","Tradescantia_bracteata","Tradescantia_bracteata"
"417","Plantae","Tracheophyta","Liliopsida","Commelinales","Commelinaceae","Tradescantia","Tradescantia occidentalis","Tradescantia_occidentalis","Tradescantia_occidentalis"
"418","Plantae","Tracheophyta","Magnoliopsida","Malpighiales","Hypericaceae","Triadenum","Triadenum fraseri","Triadenum_fraseri","Triadenum_fraseri"
"419","Plantae","Tracheophyta","Magnoliopsida","Ericales","Primulaceae","Lysimachia","Lysimachia borealis","Lysimachia_borealis","Trientalis_borealis"
"420","Plantae","Tracheophyta","Magnoliopsida","Fabales","Fabaceae","Trifolium","Trifolium arvense","Trifolium_arvense","Trifolium_arvense"
"421","Plantae","Tracheophyta","Magnoliopsida","Fabales","Fabaceae","Trifolium","Trifolium hybridum","Trifolium_hybridum","Trifolium_hybridum"
"422","Plantae","Tracheophyta","Magnoliopsida","Fabales","Fabaceae","Trifolium","Trifolium pratense","Trifolium_pratense","Trifolium_pratense"
"423","Plantae","Tracheophyta","Magnoliopsida","Fabales","Fabaceae","Trifolium","Trifolium repens","Trifolium_repens","Trifolium_repens"
"424","Plantae","Tracheophyta","Magnoliopsida","Rosales","Ulmaceae","Ulmus","Ulmus americana","Ulmus_americana","Ulmus_americana"
"425","Plantae","Tracheophyta","Magnoliopsida","Rosales","Ulmaceae","Ulmus","Ulmus pumila","Ulmus_pumila","Ulmus_pumila"
"426","Plantae","Tracheophyta","Magnoliopsida","Ericales","Ericaceae","Vaccinium","Vaccinium angustifolium","Vaccinium_angustifolium","Vaccinium_angustifolium"
"427","Plantae","Tracheophyta","Magnoliopsida","Ericales","Ericaceae","Vaccinium","Vaccinium myrtilloides","Vaccinium_myrtilloides","Vaccinium_myrtilloides"
"429","Plantae","Tracheophyta","Magnoliopsida","Lamiales","Verbenaceae","Verbena","Verbena stricta","Verbena_stricta","Verbena_stricta"
"430","Plantae","Tracheophyta","Magnoliopsida","Lamiales","Plantaginaceae","Veronicastrum","Veronicastrum virginicum","Veronicastrum_virginicum","Veronicastrum_virginicum"
"431","Plantae","Tracheophyta","Magnoliopsida","Dipsacales","Viburnaceae","Viburnum","Viburnum lentago","Viburnum_lentago","Viburnum_lentago"
"432","Plantae","Tracheophyta","Magnoliopsida","Fabales","Fabaceae","Vicia","Vicia sativa","Vicia_sativa","Vicia_sativa"
"433","Plantae","Tracheophyta","Magnoliopsida","Fabales","Fabaceae","Vicia","Vicia villosa","Vicia_villosa","Vicia_villosa"
"434","Plantae","Tracheophyta","Magnoliopsida","Malpighiales","Violaceae","Viola","Viola macloskeyi","Viola_macloskeyi","Viola_macloskeyi"
"435","Plantae","Tracheophyta","Magnoliopsida","Malpighiales","Violaceae","Viola","Viola palustris","Viola_palustris","Viola_palustris"
"436","Plantae","Tracheophyta","Magnoliopsida","Malpighiales","Violaceae","Viola","Viola pedata","Viola_pedata","Viola_pedata"
"437","Plantae","Tracheophyta","Magnoliopsida","Malpighiales","Violaceae","Viola","Viola pedatifida","Viola_pedatifida","Viola_pedatifida"
"438","Plantae","Tracheophyta","Magnoliopsida","Malpighiales","Violaceae","Viola","Viola selkirkii","Viola_selkirkii","Viola_selkirkii"
"439","Plantae","Tracheophyta","Magnoliopsida","Vitales","Vitaceae","Vitis","Vitis vulpina","Vitis_vulpina","Vitis_vulpina"
"440","Plantae","Tracheophyta","Magnoliopsida","Sapindales","Rutaceae","Zanthoxylum","Zanthoxylum americanum","Zanthoxylum_americanum","Zanthoxylum_americanum"
"441","Plantae","Tracheophyta","Magnoliopsida","Apiales","Apiaceae","Zizia","Zizia aptera","Zizia_aptera","Zizia_aptera"
"442","Plantae","Tracheophyta","Magnoliopsida","Rosales","Rosaceae","Amelanchier","Amelanchier interior","Amelanchier_interior","Amelanchier_interior"
"443","Plantae","Tracheophyta","Magnoliopsida","Asterales","Asteraceae","Artemisia","Artemisia campestris","Artemisia_campestris","Artemisia_campestris"
"444","Plantae","Tracheophyta","Liliopsida","Poales","Poaceae","Bouteloua","Bouteloua hirsuta","Bouteloua_hirsuta","Bouteloua_hirsuta"
"445","Plantae","Tracheophyta","Magnoliopsida","Asterales","Asteraceae","Cirsium","Cirsium altissimum","Cirsium_altissimum","Cirsium_altissimum"
"446","Plantae","Tracheophyta","Magnoliopsida","Malvales","Cistaceae","Crocanthemum","Crocanthemum bicknellii","Crocanthemum_bicknellii","Crocanthemum_bicknellii"
"447","Plantae","Tracheophyta","Magnoliopsida","Fabales","Fabaceae","Dalea","Dalea candida","Dalea_candida","Dalea_candida"
"448","Plantae","Tracheophyta","Liliopsida","Poales","Poaceae","Dichanthelium","Dichanthelium linearifolium","Dichanthelium_linearifolium","Dichanthelium_linearifolium"
"449","Plantae","Tracheophyta","Magnoliopsida","Asterales","Asteraceae","Erigeron","Erigeron philadelphicus","Erigeron_philadelphicus","Erigeron_philadelphicus"
"450","Plantae","Tracheophyta","Magnoliopsida","Gentianales","Rubiaceae","Galium","Galium concinnum","Galium_concinnum","Galium_concinnum"
"451","Plantae","Tracheophyta","Magnoliopsida","Gentianales","Rubiaceae","Galium","Galium obtusum","Galium_obtusum","Galium_obtusum"
"452","Plantae","Tracheophyta","Magnoliopsida","Boraginales","Boraginaceae","Hackelia","Hackelia virginiana","Hackelia_virginiana","Hackelia_virginiana"
"453","Plantae","Tracheophyta","Liliopsida","Poales","Poaceae","Koeleria","Koeleria pyramidata","Koeleria_pyramidata","Koeleria_pyramidata"
"454","Plantae","Tracheophyta","Magnoliopsida","Fabales","Fabaceae","Melilotus","Melilotus albus","Melilotus_albus","Melilotus_albus"
"458","Plantae","Tracheophyta","Magnoliopsida","Asterales","Asteraceae","Echinacea","Echinacea purpurea","Echinacea_purpurea","Echinacea_purpurea"
"463","Plantae","Tracheophyta","Magnoliopsida","Asterales","Asteraceae","Vernonia","Vernonia fasciculata","Vernonia_fasciculata","Vernonia_fasciculata"
"468","Plantae","Tracheophyta","Magnoliopsida","Brassicales","Brassicaceae","Boechera","Boechera divaricarpa","Boechera_divaricarpa","Boechera_divaricarpa"
"469","Plantae","Tracheophyta","Liliopsida","Poales","Poaceae","Aristida","Aristida basiramea","Aristida_basiramea","Aristida_basiramea"
"470","Plantae","Tracheophyta","Liliopsida","Poales","Poaceae","Aristida","Aristida tuberculosa","Aristida_tuberculosa","Aristida_tuberculosa"
"473","Plantae","Tracheophyta","Magnoliopsida","Asterales","Asteraceae","Bidens","Bidens trichosperma","Bidens_trichosperma","Bidens_trichosperma"
"475","Plantae","Tracheophyta","Liliopsida","Poales","Poaceae","Sporobolus","Sporobolus rigidus","Sporobolus_rigidus","Sporobolus_rigidus"
"477","Plantae","Tracheophyta","Liliopsida","Poales","Poaceae","Eragrostis","Eragrostis trichodes","Eragrostis_trichodes","Eragrostis_trichodes"
"480","Plantae","Tracheophyta","Liliopsida","Asparagales","Orchidaceae","Platanthera","Platanthera lacera","Platanthera_lacera","Platanthera_lacera"
"481","Plantae","Tracheophyta","Magnoliopsida","Boraginales","Boraginaceae","Hackelia","Hackelia deflexa","Hackelia_deflexa","Hackelia_deflexa"
"482","Plantae","Tracheophyta","Magnoliopsida","Lamiales","Lamiaceae","Hedeoma","Hedeoma hispida","Hedeoma_hispida","Hedeoma_hispida"
"483","Plantae","Tracheophyta","Magnoliopsida","Asterales","Asteraceae","Helianthus","Helianthus giganteus","Helianthus_giganteus","Helianthus_giganteus"
"484","Plantae","Tracheophyta","Magnoliopsida","Asterales","Asteraceae","Helianthus","Helianthus petiolaris","Helianthus_petiolaris","Helianthus_petiolaris"
"485","Plantae","Tracheophyta","Magnoliopsida","Malpighiales","Hypericaceae","Hypericum","Hypericum majus","Hypericum_majus","Hypericum_majus"
"487","Plantae","Tracheophyta","Magnoliopsida","Malvales","Cistaceae","Lechea","Lechea stricta","Lechea_stricta","Lechea_stricta"
"488","Plantae","Tracheophyta","Magnoliopsida","Asterales","Campanulaceae","Lobelia","Lobelia spicata","Lobelia_spicata","Lobelia_spicata"
"496","Plantae","Tracheophyta","Magnoliopsida","Myrtales","Onagraceae","Oenothera","Oenothera rhombipetala","Oenothera_rhombipetala","Oenothera_rhombipetala"
"499","Plantae","Tracheophyta","Magnoliopsida","Fabales","Fabaceae","Dalea","Dalea villosa","Dalea_villosa","Dalea_villosa"
"500","Plantae","Tracheophyta","Magnoliopsida","Fabales","Polygalaceae","Polygala","Polygala sanguinea","Polygala_sanguinea","Polygala_sanguinea"
"508","Plantae","Tracheophyta","Magnoliopsida","Caryophyllales","Polygonaceae","Rumex","Rumex britannica","Rumex_britannica","Rumex_britannica"
"509","Plantae","Tracheophyta","Magnoliopsida","Saxifragales","Saxifragaceae","Micranthes","Micranthes pensylvanica","Micranthes_pensylvanica","Micranthes_pensylvanica"
"514","Plantae","Tracheophyta","Magnoliopsida","Asterales","Asteraceae","Solidago","Solidago altissima","Solidago_altissima","Solidago_altissima"
"525","Plantae","Tracheophyta","Liliopsida","Poales","Poaceae","Festuca","Festuca guestphalica","Festuca_guestphalica","Festuca_guestphalica"
"526","Plantae","Tracheophyta","Magnoliopsida","Boraginales","Boraginaceae","Lithospermum","Lithospermum caroliniense","Lithospermum_caroliniense","Lithospermum_caroliniense"
"533","Plantae","Tracheophyta","Magnoliopsida","Malpighiales","Violaceae","Viola","Viola sagittata","Viola_sagittata","Viola_sagittata"
