"","species_names","kingdom","phylum","class","order","family","genus","species","originalSpeciesName","atpB.fasta","matK.fasta","ndhF.fasta","rbcL.fasta","trnL.fasta"
"1","Acer_negundo","Plantae","Tracheophyta","Magnoliopsida","Sapindales","Sapindaceae","Acer","Acer negundo","Acer_negundo",0,1,1,1,1
"2","Acer_rubrum","Plantae","Tracheophyta","Magnoliopsida","Sapindales","Sapindaceae","Acer","Acer rubrum","Acer_rubrum",0,1,0,1,0
"3","Achillea_millefolium","Plantae","Tracheophyta","Magnoliopsida","Asterales","Asteraceae","Achillea","Achillea millefolium","Achillea_millefolium",1,1,0,1,1
"4","Agastache_foeniculum","Plantae","Tracheophyta","Magnoliopsida","Lamiales","Lamiaceae","Agastache","Agastache foeniculum","Agastache_foeniculum",0,0,0,1,1
"5","Agrostis_scabra","Plantae","Tracheophyta","Liliopsida","Poales","Poaceae","Agrostis","Agrostis scabra","Agrostis_scabra",0,1,0,1,0
"6","Allium_cernuum","Plantae","Tracheophyta","Liliopsida","Asparagales","Amaryllidaceae","Allium","Allium cernuum","Allium_cernuum",0,1,0,1,1
"7","Allium_stellatum","Plantae","Tracheophyta","Liliopsida","Asparagales","Amaryllidaceae","Allium","Allium stellatum","Allium_stellatum",0,1,0,1,1
"8","Alnus_incana","Plantae","Tracheophyta","Magnoliopsida","Fagales","Betulaceae","Alnus","Alnus incana","Alnus_incana",0,1,0,1,0
"9","Amaranthus_retroflexus","Plantae","Tracheophyta","Magnoliopsida","Caryophyllales","Amaranthaceae","Amaranthus","Amaranthus retroflexus","Amaranthus_retroflexus",0,1,1,1,1
"10","Ambrosia_artemisiifolia","Plantae","Tracheophyta","Magnoliopsida","Asterales","Asteraceae","Ambrosia","Ambrosia artemisiifolia","Ambrosia_artemisiifolia",0,1,0,1,1
"11","Ambrosia_psilostachya","Plantae","Tracheophyta","Magnoliopsida","Asterales","Asteraceae","Ambrosia","Ambrosia psilostachya","Ambrosia_psilostachya",0,1,0,1,1
"12","Amelanchier_alnifolia","Plantae","Tracheophyta","Magnoliopsida","Rosales","Rosaceae","Amelanchier","Amelanchier alnifolia","Amelanchier_alnifolia",0,1,0,1,1
"13","Amelanchier_arborea","Plantae","Tracheophyta","Magnoliopsida","Rosales","Rosaceae","Amelanchier","Amelanchier arborea","Amelanchier_arborea",0,0,1,0,0
"14","Amelanchier_laevis","Plantae","Tracheophyta","Magnoliopsida","Rosales","Rosaceae","Amelanchier","Amelanchier laevis","Amelanchier_laevis",0,1,0,1,0
"15","Amelanchier_sanguinea","Plantae","Tracheophyta","Magnoliopsida","Rosales","Rosaceae","Amelanchier","Amelanchier sanguinea","Amelanchier_sanguinea",0,1,0,1,0
"16","Amorpha_canescens","Plantae","Tracheophyta","Magnoliopsida","Fabales","Fabaceae","Amorpha","Amorpha canescens","Amorpha_canescens",0,1,0,0,1
"17","Amphicarpaea_bracteata","Plantae","Tracheophyta","Magnoliopsida","Fabales","Fabaceae","Amphicarpaea","Amphicarpaea bracteata","Amphicarpaea_bracteata",1,1,0,1,0
"18","Andropogon_gerardi","Plantae","Tracheophyta","Liliopsida","Poales","Poaceae","Andropogon","Andropogon gerardi","Andropogon_gerardii",0,0,1,1,0
"19","Andropogon_gerardi","Plantae","Tracheophyta","Liliopsida","Poales","Poaceae","Andropogon","Andropogon gerardi","Andropogon_gerardi",0,0,1,1,0
"20","Anemone_cylindrica","Plantae","Tracheophyta","Magnoliopsida","Ranunculales","Ranunculaceae","Anemone","Anemone cylindrica","Anemone_cylindrica",0,1,0,1,0
"21","Anemone_quinquefolia","Plantae","Tracheophyta","Magnoliopsida","Ranunculales","Ranunculaceae","Anemone","Anemone quinquefolia","Anemone_quinquefolia",0,1,0,1,0
"22","Anemone_virginiana","Plantae","Tracheophyta","Magnoliopsida","Ranunculales","Ranunculaceae","Anemone","Anemone virginiana","Anemone_virginiana",0,1,0,1,0
"23","Antennaria_neglecta","Plantae","Tracheophyta","Magnoliopsida","Asterales","Asteraceae","Antennaria","Antennaria neglecta","Antennaria_neglecta",0,1,0,1,0
"24","Antennaria_parlinii","Plantae","Tracheophyta","Magnoliopsida","Asterales","Asteraceae","Antennaria","Antennaria parlinii","Antennaria_parlinii",0,1,0,1,0
"25","Antennaria_plantaginifolia","Plantae","Tracheophyta","Magnoliopsida","Asterales","Asteraceae","Antennaria","Antennaria plantaginifolia","Antennaria_plantaginifolia",0,1,0,1,0
"26","Anthoxanthum_nitens","Plantae","Tracheophyta","Liliopsida","Poales","Poaceae","Anthoxanthum","Anthoxanthum nitens","Hierochloe_odorata",0,1,0,1,1
"27","Anthoxanthum_nitens","Plantae","Tracheophyta","Liliopsida","Poales","Poaceae","Anthoxanthum","Anthoxanthum nitens","Anthoxanthum_nitens",0,1,0,1,1
"28","Apocynum_androsaemifolium","Plantae","Tracheophyta","Magnoliopsida","Gentianales","Apocynaceae","Apocynum","Apocynum androsaemifolium","Apocynum_androsaemifolium",0,1,0,1,1
"29","Apocynum_cannabinum","Plantae","Tracheophyta","Magnoliopsida","Gentianales","Apocynaceae","Apocynum","Apocynum cannabinum","Apocynum_cannabinum",1,1,1,1,1
"30","Aquilegia_canadensis","Plantae","Tracheophyta","Magnoliopsida","Ranunculales","Ranunculaceae","Aquilegia","Aquilegia canadensis","Aquilegia_canadensis",0,1,0,1,0
"31","Arabis_hirsuta","Plantae","Tracheophyta","Magnoliopsida","Brassicales","Brassicaceae","Arabis","Arabis hirsuta","Arabis_hirsuta",0,1,1,1,1
"32","Aralia_nudicaulis","Plantae","Tracheophyta","Magnoliopsida","Apiales","Araliaceae","Aralia","Aralia nudicaulis","Aralia_nudicaulis",0,1,0,1,1
"33","Aristida_basiramea","Plantae","Tracheophyta","Liliopsida","Poales","Poaceae","Aristida","Aristida basiramea","Aristida_basiramea",0,0,0,1,0
"34","Aristida_tuberculosa","Plantae","Tracheophyta","Liliopsida","Poales","Poaceae","Aristida","Aristida tuberculosa","Aristida_tuberculosa",0,0,0,1,0
"35","Aronia_melanocarpa","Plantae","Tracheophyta","Magnoliopsida","Rosales","Rosaceae","Aronia","Aronia melanocarpa","Aronia_melanocarpa",0,0,1,1,1
"36","Artemisia_ludoviciana","Plantae","Tracheophyta","Magnoliopsida","Asterales","Asteraceae","Artemisia","Artemisia ludoviciana","Artemisia_ludoviciana",0,1,0,1,1
"37","Asclepias_exaltata","Plantae","Tracheophyta","Magnoliopsida","Gentianales","Apocynaceae","Asclepias","Asclepias exaltata","Asclepias_exaltata",0,1,0,1,0
"38","Asclepias_incarnata","Plantae","Tracheophyta","Magnoliopsida","Gentianales","Apocynaceae","Asclepias","Asclepias incarnata","Asclepias_incarnata",0,1,0,0,0
"39","Asclepias_ovalifolia","Plantae","Tracheophyta","Magnoliopsida","Gentianales","Apocynaceae","Asclepias","Asclepias ovalifolia","Asclepias_ovalifolia",0,1,0,1,0
"40","Asclepias_syriaca","Plantae","Tracheophyta","Magnoliopsida","Gentianales","Apocynaceae","Asclepias","Asclepias syriaca","Asclepias_syriaca",1,1,0,1,1
"41","Asclepias_tuberosa","Plantae","Tracheophyta","Magnoliopsida","Gentianales","Apocynaceae","Asclepias","Asclepias tuberosa","Asclepias_tuberosa",0,1,0,0,1
"42","Asclepias_verticillata","Plantae","Tracheophyta","Magnoliopsida","Gentianales","Apocynaceae","Asclepias","Asclepias verticillata","Asclepias_verticillata",1,1,1,1,0
"43","Asclepias_viridiflora","Plantae","Tracheophyta","Magnoliopsida","Gentianales","Apocynaceae","Asclepias","Asclepias viridiflora","Asclepias_viridiflora",0,1,0,1,0
"44","Asparagus_officinalis","Plantae","Tracheophyta","Liliopsida","Asparagales","Asparagaceae","Asparagus","Asparagus officinalis","Asparagus_officinalis",1,1,0,1,1
"45","Astragalus_canadensis","Plantae","Tracheophyta","Magnoliopsida","Fabales","Fabaceae","Astragalus","Astragalus canadensis","Astragalus_canadensis",0,1,0,1,1
"46","Baptisia_alba","Plantae","Tracheophyta","Magnoliopsida","Fabales","Fabaceae","Baptisia","Baptisia alba","Baptisia_alba",0,1,0,0,0
"47","Barbarea_vulgaris","Plantae","Tracheophyta","Magnoliopsida","Brassicales","Brassicaceae","Barbarea","Barbarea vulgaris","Barbarea_vulgaris",0,1,0,1,1
"48","Berteroa_incana","Plantae","Tracheophyta","Magnoliopsida","Brassicales","Brassicaceae","Berteroa","Berteroa incana","Berteroa_incana",0,1,1,1,1
"49","Betula_alleghaniensis","Plantae","Tracheophyta","Magnoliopsida","Fagales","Betulaceae","Betula","Betula alleghaniensis","Betula_alleghaniensis",0,0,0,1,1
"50","Betula_papyrifera","Plantae","Tracheophyta","Magnoliopsida","Fagales","Betulaceae","Betula","Betula papyrifera","Betula_papyrifera",0,1,0,1,0
"51","Betula_pumila","Plantae","Tracheophyta","Magnoliopsida","Fagales","Betulaceae","Betula","Betula pumila","Betula_pumila",0,1,0,1,0
"52","Bidens_cernua","Plantae","Tracheophyta","Magnoliopsida","Asterales","Asteraceae","Bidens","Bidens cernua","Bidens_cernua",0,1,0,1,0
"53","Bidens_trichosperma","Plantae","Tracheophyta","Magnoliopsida","Asterales","Asteraceae","Bidens","Bidens trichosperma","Bidens_trichosperma",0,0,0,1,0
"54","Bidens_tripartita","Plantae","Tracheophyta","Magnoliopsida","Asterales","Asteraceae","Bidens","Bidens tripartita","Bidens_comosa",0,1,0,1,1
"55","Bidens_tripartita","Plantae","Tracheophyta","Magnoliopsida","Asterales","Asteraceae","Bidens","Bidens tripartita","Bidens_tripartita",0,1,0,1,1
"56","Boechera_divaricarpa","Plantae","Tracheophyta","Magnoliopsida","Brassicales","Brassicaceae","Boechera","Boechera divaricarpa","Boechera_divaricarpa",0,0,0,1,1
"57","Bouteloua_aristidoides","Plantae","Tracheophyta","Liliopsida","Poales","Poaceae","Bouteloua","Bouteloua aristidoides","Bouteloua_aristidoides",0,1,0,0,1
"58","Bouteloua_curtipendula","Plantae","Tracheophyta","Liliopsida","Poales","Poaceae","Bouteloua","Bouteloua curtipendula","Bouteloua_curtipendula",0,0,0,1,0
"59","Bouteloua_dactyloides","Plantae","Tracheophyta","Liliopsida","Poales","Poaceae","Bouteloua","Bouteloua dactyloides","Bouteloua_dactyloides",0,0,1,0,1
"60","Bouteloua_dactyloides","Plantae","Tracheophyta","Liliopsida","Poales","Poaceae","Bouteloua","Bouteloua dactyloides","Buchloe_dactyloides",0,0,1,0,1
"61","Bromus_ciliatus","Plantae","Tracheophyta","Liliopsida","Poales","Poaceae","Bromus","Bromus ciliatus","Bromus_ciliatus",0,1,0,1,1
"62","Bromus_inermis","Plantae","Tracheophyta","Liliopsida","Poales","Poaceae","Bromus","Bromus inermis","Bromus_inermis",1,1,1,1,1
"63","Bromus_kalmii","Plantae","Tracheophyta","Liliopsida","Poales","Poaceae","Bromus","Bromus kalmii","Bromus_kalmii",0,1,0,1,0
"64","Bromus_tectorum","Plantae","Tracheophyta","Liliopsida","Poales","Poaceae","Bromus","Bromus tectorum","Bromus_tectorum",0,1,1,1,1
"65","Calamagrostis_canadensis","Plantae","Tracheophyta","Liliopsida","Poales","Poaceae","Calamagrostis","Calamagrostis canadensis","Calamagrostis_canadensis",1,0,0,1,0
"66","Calamagrostis_stricta","Plantae","Tracheophyta","Liliopsida","Poales","Poaceae","Calamagrostis","Calamagrostis stricta","Calamagrostis_stricta",0,1,0,1,0
"67","Caltha_palustris","Plantae","Tracheophyta","Magnoliopsida","Ranunculales","Ranunculaceae","Caltha","Caltha palustris","Caltha_palustris",1,1,1,1,1
"68","Campanula_aparinoides","Plantae","Tracheophyta","Magnoliopsida","Asterales","Campanulaceae","Campanula","Campanula aparinoides","Campanula_aparinoides",0,0,0,0,1
"69","Campanula_rotundifolia","Plantae","Tracheophyta","Magnoliopsida","Asterales","Campanulaceae","Campanula","Campanula rotundifolia","Campanula_rotundifolia",1,0,1,1,1
"70","Capsella_bursa-pastoris","Plantae","Tracheophyta","Magnoliopsida","Brassicales","Brassicaceae","Capsella","Capsella bursa-pastoris","Capsella_bursa-pastoris",0,1,0,1,0
"71","Carex_bebbii","Plantae","Tracheophyta","Liliopsida","Poales","Cyperaceae","Carex","Carex bebbii","Carex_bebbii",0,1,0,1,0
"72","Carex_bicknellii","Plantae","Tracheophyta","Liliopsida","Poales","Cyperaceae","Carex","Carex bicknellii","Carex_bicknellii",0,1,0,1,1
"73","Carex_canescens","Plantae","Tracheophyta","Liliopsida","Poales","Cyperaceae","Carex","Carex canescens","Carex_canescens",0,1,0,1,1
"74","Carex_chordorrhiza","Plantae","Tracheophyta","Liliopsida","Poales","Cyperaceae","Carex","Carex chordorrhiza","Carex_chordorrhiza",0,1,0,1,1
"75","Carex_comosa","Plantae","Tracheophyta","Liliopsida","Poales","Cyperaceae","Carex","Carex comosa","Carex_comosa",0,0,0,1,0
"76","Carex_diandra","Plantae","Tracheophyta","Liliopsida","Poales","Cyperaceae","Carex","Carex diandra","Carex_diandra",0,1,0,1,1
"77","Carex_disperma","Plantae","Tracheophyta","Liliopsida","Poales","Cyperaceae","Carex","Carex disperma","Carex_disperma",0,1,0,1,1
"78","Carex_echinata","Plantae","Tracheophyta","Liliopsida","Poales","Cyperaceae","Carex","Carex echinata","Carex_echinata",0,1,0,1,1
"79","Carex_foenea","Plantae","Tracheophyta","Liliopsida","Poales","Cyperaceae","Carex","Carex foenea","Carex_foenea",0,1,0,1,0
"80","Carex_gracillima","Plantae","Tracheophyta","Liliopsida","Poales","Cyperaceae","Carex","Carex gracillima","Carex_gracillima",0,1,0,1,1
"81","Carex_haydenii","Plantae","Tracheophyta","Liliopsida","Poales","Cyperaceae","Carex","Carex haydenii","Carex_haydenii",0,1,0,1,0
"82","Carex_interior","Plantae","Tracheophyta","Liliopsida","Poales","Cyperaceae","Carex","Carex interior","Carex_interior",0,1,0,1,1
"83","Carex_lacustris","Plantae","Tracheophyta","Liliopsida","Poales","Cyperaceae","Carex","Carex lacustris","Carex_lacustris",0,1,0,1,0
"84","Carex_lasiocarpa","Plantae","Tracheophyta","Liliopsida","Poales","Cyperaceae","Carex","Carex lasiocarpa","Carex_lasiocarpa",0,1,0,1,1
"85","Carex_oligosperma","Plantae","Tracheophyta","Liliopsida","Poales","Cyperaceae","Carex","Carex oligosperma","Carex_oligosperma",0,1,0,1,1
"86","Carex_pensylvanica","Plantae","Tracheophyta","Liliopsida","Poales","Cyperaceae","Carex","Carex pensylvanica","Carex_pensylvanica",0,1,0,1,1
"87","Carex_rostrata","Plantae","Tracheophyta","Liliopsida","Poales","Cyperaceae","Carex","Carex rostrata","Carex_rostrata",0,1,0,1,1
"88","Carex_scoparia","Plantae","Tracheophyta","Liliopsida","Poales","Cyperaceae","Carex","Carex scoparia","Carex_scoparia",0,1,0,1,0
"89","Carex_stricta","Plantae","Tracheophyta","Liliopsida","Poales","Cyperaceae","Carex","Carex stricta","Carex_stricta",0,1,0,1,0
"90","Carex_vulpinoidea","Plantae","Tracheophyta","Liliopsida","Poales","Cyperaceae","Carex","Carex vulpinoidea","Carex_vulpinoidea",0,1,1,1,1
"91","Ceanothus_americanus","Plantae","Tracheophyta","Magnoliopsida","Rosales","Rhamnaceae","Ceanothus","Ceanothus americanus","Ceanothus_americanus",0,1,1,1,0
"92","Celastrus_scandens","Plantae","Tracheophyta","Magnoliopsida","Celastrales","Celastraceae","Celastrus","Celastrus scandens","Celastrus_scandens",1,0,0,1,1
"93","Cenchrus_americanus","Plantae","Tracheophyta","Liliopsida","Poales","Poaceae","Cenchrus","Cenchrus americanus","Cenchrus_americanus",0,0,1,1,1
"94","Cenchrus_americanus","Plantae","Tracheophyta","Liliopsida","Poales","Poaceae","Cenchrus","Cenchrus americanus","Pennisetum_glaucum",0,0,1,1,1
"95","Cenchrus_longispinus","Plantae","Tracheophyta","Liliopsida","Poales","Poaceae","Cenchrus","Cenchrus longispinus","Cenchrus_longispinus",0,1,0,1,0
"96","Chamaecrista_fasciculata","Plantae","Tracheophyta","Magnoliopsida","Fabales","Fabaceae","Chamaecrista","Chamaecrista fasciculata","Chamaecrista_fasciculata",0,1,0,1,0
"97","Chamaedaphne_calyculata","Plantae","Tracheophyta","Magnoliopsida","Ericales","Ericaceae","Chamaedaphne","Chamaedaphne calyculata","Chamaedaphne_calyculata",0,1,0,1,1
"98","Chamaenerion_angustifolium","Plantae","Tracheophyta","Magnoliopsida","Myrtales","Onagraceae","Chamaenerion","Chamaenerion angustifolium","Chamaenerion_angustifolium",0,1,0,1,0
"99","Chenopodiastrum_hybridum","Plantae","Tracheophyta","Magnoliopsida","Caryophyllales","Amaranthaceae","Chenopodiastrum","Chenopodiastrum hybridum","Chenopodiastrum_hybridum",0,1,0,1,0
"100","Chenopodium_album","Plantae","Tracheophyta","Magnoliopsida","Caryophyllales","Amaranthaceae","Chenopodium","Chenopodium album","Chenopodium_album",0,1,0,1,0
"101","Chenopodium_leptophyllum","Plantae","Tracheophyta","Magnoliopsida","Caryophyllales","Amaranthaceae","Chenopodium","Chenopodium leptophyllum","Chenopodium_leptophyllum",0,1,0,1,1
"102","Cicuta_bulbifera","Plantae","Tracheophyta","Magnoliopsida","Apiales","Apiaceae","Cicuta","Cicuta bulbifera","Cicuta_bulbifera",0,1,0,1,0
"103","Circaea_lutetiana","Plantae","Tracheophyta","Magnoliopsida","Myrtales","Onagraceae","Circaea","Circaea lutetiana","Circaea_lutetiana",0,1,0,1,1
"104","Cirsium_arvense","Plantae","Tracheophyta","Magnoliopsida","Asterales","Asteraceae","Cirsium","Cirsium arvense","Cirsium_arvense",0,1,0,1,1
"105","Cirsium_discolor","Plantae","Tracheophyta","Magnoliopsida","Asterales","Asteraceae","Cirsium","Cirsium discolor","Cirsium_discolor",0,1,0,1,0
"106","Comandra_umbellata","Plantae","Tracheophyta","Magnoliopsida","Santalales","Comandraceae","Comandra","Comandra umbellata","Comandra_umbellata",1,1,1,1,1
"107","Comandra_umbellata","Plantae","Tracheophyta","Magnoliopsida","Santalales","Comandraceae","Comandra","Comandra umbellata","Comandra_pallida",1,1,1,1,1
"108","Comarum_palustre","Plantae","Tracheophyta","Magnoliopsida","Rosales","Rosaceae","Comarum","Comarum palustre","Comarum_palustre",0,0,1,1,1
"109","Convolvulus_arvensis","Plantae","Tracheophyta","Magnoliopsida","Solanales","Convolvulaceae","Convolvulus","Convolvulus arvensis","Convolvulus_arvensis",1,1,1,1,1
"110","Coreopsis_palmata","Plantae","Tracheophyta","Magnoliopsida","Asterales","Asteraceae","Coreopsis","Coreopsis palmata","Coreopsis_palmata",0,0,0,1,1
"111","Cornus_alternifolia","Plantae","Tracheophyta","Magnoliopsida","Cornales","Cornaceae","Cornus","Cornus alternifolia","Cornus_alternifolia",1,1,1,1,1
"112","Cornus_racemosa","Plantae","Tracheophyta","Magnoliopsida","Cornales","Cornaceae","Cornus","Cornus racemosa","Cornus_racemosa",1,0,1,0,0
"113","Cornus_sericea","Plantae","Tracheophyta","Magnoliopsida","Cornales","Cornaceae","Cornus","Cornus sericea","Cornus_sericea",1,1,1,1,1
"114","Corylus_americana","Plantae","Tracheophyta","Magnoliopsida","Fagales","Betulaceae","Corylus","Corylus americana","Corylus_americana",0,1,0,1,1
"115","Crepis_tectorum","Plantae","Tracheophyta","Magnoliopsida","Asterales","Asteraceae","Crepis","Crepis tectorum","Crepis_tectorum",0,1,0,1,1
"116","Cyperus_filiculmis","Plantae","Tracheophyta","Liliopsida","Poales","Cyperaceae","Cyperus","Cyperus filiculmis","Cyperus_filiculmis",0,1,1,1,0
"117","Cyperus_schweinitzii","Plantae","Tracheophyta","Liliopsida","Poales","Cyperaceae","Cyperus","Cyperus schweinitzii","Cyperus_schweinitzii",0,1,0,1,0
"118","Cyperus_strigosus","Plantae","Tracheophyta","Liliopsida","Poales","Cyperaceae","Cyperus","Cyperus strigosus","Cyperus_strigosus",0,1,1,1,0
"119","Dalea_purpurea","Plantae","Tracheophyta","Magnoliopsida","Fabales","Fabaceae","Dalea","Dalea purpurea","Dalea_purpurea",0,0,0,1,0
"120","Dalea_villosa","Plantae","Tracheophyta","Magnoliopsida","Fabales","Fabaceae","Dalea","Dalea villosa","Dalea_villosa",0,0,0,1,0
"121","Danthonia_spicata","Plantae","Tracheophyta","Liliopsida","Poales","Poaceae","Danthonia","Danthonia spicata","Danthonia_spicata",0,1,1,1,1
"122","Delphinium_carolinianum","Plantae","Tracheophyta","Magnoliopsida","Ranunculales","Ranunculaceae","Delphinium","Delphinium carolinianum","Delphinium_carolinianum",0,1,0,1,0
"123","Desmodium_canadense","Plantae","Tracheophyta","Magnoliopsida","Fabales","Fabaceae","Desmodium","Desmodium canadense","Desmodium_canadense",0,1,0,1,0
"124","Dichanthelium_acuminatum","Plantae","Tracheophyta","Liliopsida","Poales","Poaceae","Dichanthelium","Dichanthelium acuminatum","Dichanthelium_acuminatum",0,1,1,1,1
"125","Dichanthelium_oligosanthes","Plantae","Tracheophyta","Liliopsida","Poales","Poaceae","Dichanthelium","Dichanthelium oligosanthes","Dichanthelium_oligosanthes",0,1,1,1,1
"126","Digitaria_cognata","Plantae","Tracheophyta","Liliopsida","Poales","Poaceae","Digitaria","Digitaria cognata","Digitaria_cognata",0,1,0,1,0
"127","Digitaria_ischaemum","Plantae","Tracheophyta","Liliopsida","Poales","Poaceae","Digitaria","Digitaria ischaemum","Digitaria_ischaemum",0,1,0,0,1
"128","Digitaria_sanguinalis","Plantae","Tracheophyta","Liliopsida","Poales","Poaceae","Digitaria","Digitaria sanguinalis","Digitaria_sanguinalis",0,1,0,1,1
"129","Doellingeria_umbellata","Plantae","Tracheophyta","Magnoliopsida","Asterales","Asteraceae","Doellingeria","Doellingeria umbellata","Doellingeria_umbellata",0,1,0,1,1
"130","Drymocallis_arguta","Plantae","Tracheophyta","Magnoliopsida","Rosales","Rosaceae","Drymocallis","Drymocallis arguta","Drymocallis_arguta",0,1,0,1,0
"131","Dulichium_arundinaceum","Plantae","Tracheophyta","Liliopsida","Poales","Cyperaceae","Dulichium","Dulichium arundinaceum","Dulichium_arundinaceum",0,0,1,1,1
"132","Dysphania_atriplicifolia","Plantae","Tracheophyta","Magnoliopsida","Caryophyllales","Amaranthaceae","Dysphania","Dysphania atriplicifolia","Cycloloma_atriplicifolium",0,1,1,1,0
"133","Echinacea_purpurea","Plantae","Tracheophyta","Magnoliopsida","Asterales","Asteraceae","Echinacea","Echinacea purpurea","Echinacea_purpurea",0,0,1,0,0
"134","Eleocharis_geniculata","Plantae","Tracheophyta","Liliopsida","Poales","Cyperaceae","Eleocharis","Eleocharis geniculata","Eleocharis_geniculata",0,1,1,1,0
"135","Elymus_canadensis","Plantae","Tracheophyta","Liliopsida","Poales","Poaceae","Elymus","Elymus canadensis","Elymus_canadensis",0,1,0,1,0
"136","Elymus_repens","Plantae","Tracheophyta","Liliopsida","Poales","Poaceae","Elymus","Elymus repens","Elymus_repens",0,1,0,1,1
"137","Elymus_smithii","Plantae","Tracheophyta","Liliopsida","Poales","Poaceae","Elymus","Elymus smithii","Pascopyrum_smithii",0,1,0,1,1
"138","Elymus_violaceus","Plantae","Tracheophyta","Liliopsida","Poales","Poaceae","Elymus","Elymus violaceus","Elymus_trachycaulus",1,1,1,1,1
"139","Epilobium_ciliatum","Plantae","Tracheophyta","Magnoliopsida","Myrtales","Onagraceae","Epilobium","Epilobium ciliatum","Epilobium_ciliatum",0,1,0,1,1
"140","Epilobium_leptophyllum","Plantae","Tracheophyta","Magnoliopsida","Myrtales","Onagraceae","Epilobium","Epilobium leptophyllum","Epilobium_leptophyllum",0,1,0,1,0
"141","Eragrostis_spectabilis","Plantae","Tracheophyta","Liliopsida","Poales","Poaceae","Eragrostis","Eragrostis spectabilis","Eragrostis_spectabilis",0,1,1,1,0
"142","Eragrostis_trichodes","Plantae","Tracheophyta","Liliopsida","Poales","Poaceae","Eragrostis","Eragrostis trichodes","Eragrostis_trichodes",0,0,0,1,0
"143","Erechtites_hieraciifolia","Plantae","Tracheophyta","Magnoliopsida","Asterales","Asteraceae","Erechtites","Erechtites hieraciifolia","Erechtites_hieraciifolius",0,1,0,1,1
"144","Erigeron_annuus","Plantae","Tracheophyta","Magnoliopsida","Asterales","Asteraceae","Erigeron","Erigeron annuus","Erigeron_annuus",0,1,0,1,0
"145","Erigeron_canadensis","Plantae","Tracheophyta","Magnoliopsida","Asterales","Asteraceae","Erigeron","Erigeron canadensis","Erigeron_canadensis",0,1,0,1,1
"146","Erigeron_strigosus","Plantae","Tracheophyta","Magnoliopsida","Asterales","Asteraceae","Erigeron","Erigeron strigosus","Erigeron_strigosus",0,1,0,0,0
"147","Eupatorium_perfoliatum","Plantae","Tracheophyta","Magnoliopsida","Asterales","Asteraceae","Eupatorium","Eupatorium perfoliatum","Eupatorium_perfoliatum",0,1,0,1,0
"148","Euphorbia_corollata","Plantae","Tracheophyta","Magnoliopsida","Malpighiales","Euphorbiaceae","Euphorbia","Euphorbia corollata","Euphorbia_corollata",0,1,1,1,0
"149","Euphorbia_geyeri","Plantae","Tracheophyta","Magnoliopsida","Malpighiales","Euphorbiaceae","Euphorbia","Euphorbia geyeri","Euphorbia_geyeri",0,0,0,1,0
"150","Euphorbia_glyptosperma","Plantae","Tracheophyta","Magnoliopsida","Malpighiales","Euphorbiaceae","Euphorbia","Euphorbia glyptosperma","Euphorbia_glyptosperma",0,0,0,1,0
"151","Eurybia_macrophylla","Plantae","Tracheophyta","Magnoliopsida","Asterales","Asteraceae","Eurybia","Eurybia macrophylla","Eurybia_macrophylla",0,1,0,1,0
"152","Euthamia_graminifolia","Plantae","Tracheophyta","Magnoliopsida","Asterales","Asteraceae","Euthamia","Euthamia graminifolia","Euthamia_graminifolia",0,1,0,1,1
"153","Eutrochium_maculatum","Plantae","Tracheophyta","Magnoliopsida","Asterales","Asteraceae","Eutrochium","Eutrochium maculatum","Eutrochium_maculatum",0,1,1,0,0
"154","Fallopia_cilinode","Plantae","Tracheophyta","Magnoliopsida","Caryophyllales","Polygonaceae","Fallopia","Fallopia cilinode","Fallopia_cilinodis",0,1,0,1,1
"155","Fallopia_convolvulus","Plantae","Tracheophyta","Magnoliopsida","Caryophyllales","Polygonaceae","Fallopia","Fallopia convolvulus","Fallopia_convolvulus",0,1,0,1,1
"156","Fallopia_scandens","Plantae","Tracheophyta","Magnoliopsida","Caryophyllales","Polygonaceae","Fallopia","Fallopia scandens","Fallopia_scandens",0,0,0,1,1
"157","Festuca_guestfalica","Plantae","Tracheophyta","Liliopsida","Poales","Poaceae","Festuca","Festuca guestfalica","Festuca_guestfalica",0,0,0,0,1
"158","Festuca_ovina","Plantae","Tracheophyta","Liliopsida","Poales","Poaceae","Festuca","Festuca ovina","Festuca_ovina",0,0,0,0,1
"159","Festuca_rubra","Plantae","Tracheophyta","Liliopsida","Poales","Poaceae","Festuca","Festuca rubra","Festuca_rubra",1,0,0,1,1
"160","Fragaria_vesca","Plantae","Tracheophyta","Magnoliopsida","Rosales","Rosaceae","Fragaria","Fragaria vesca","Fragaria_vesca",0,1,0,1,1
"161","Fragaria_virginiana","Plantae","Tracheophyta","Magnoliopsida","Rosales","Rosaceae","Fragaria","Fragaria virginiana","Fragaria_virginiana",0,1,0,1,0
"162","Frangula_alnus","Plantae","Tracheophyta","Magnoliopsida","Rosales","Rhamnaceae","Frangula","Frangula alnus","Frangula_baetica",0,1,0,1,1
"163","Frangula_alnus","Plantae","Tracheophyta","Magnoliopsida","Rosales","Rhamnaceae","Frangula","Frangula alnus","Frangula_alnus",0,1,0,1,1
"164","Fraxinus_americana","Plantae","Tracheophyta","Magnoliopsida","Lamiales","Oleaceae","Fraxinus","Fraxinus americana","Fraxinus_americana",0,1,0,1,0
"165","Fraxinus_nigra","Plantae","Tracheophyta","Magnoliopsida","Lamiales","Oleaceae","Fraxinus","Fraxinus nigra","Fraxinus_nigra",0,1,0,1,0
"166","Fraxinus_pennsylvanica","Plantae","Tracheophyta","Magnoliopsida","Lamiales","Oleaceae","Fraxinus","Fraxinus pennsylvanica","Fraxinus_pennsylvanica",0,1,0,1,0
"167","Galium_aparine","Plantae","Tracheophyta","Magnoliopsida","Gentianales","Rubiaceae","Galium","Galium aparine","Galium_aparine",1,1,1,1,1
"168","Galium_boreale","Plantae","Tracheophyta","Magnoliopsida","Gentianales","Rubiaceae","Galium","Galium boreale","Galium_boreale",0,1,0,1,1
"169","Galium_trifidum","Plantae","Tracheophyta","Magnoliopsida","Gentianales","Rubiaceae","Galium","Galium trifidum","Galium_trifidum",0,1,0,0,1
"170","Galium_triflorum","Plantae","Tracheophyta","Magnoliopsida","Gentianales","Rubiaceae","Galium","Galium triflorum","Galium_triflorum",0,1,0,0,0
"171","Gamochaeta_purpurea","Plantae","Tracheophyta","Magnoliopsida","Asterales","Asteraceae","Gamochaeta","Gamochaeta purpurea","Gamochaeta_purpurea",0,1,0,1,1
"172","Gentiana_andrewsii","Plantae","Tracheophyta","Magnoliopsida","Gentianales","Gentianaceae","Gentiana","Gentiana andrewsii","Gentiana_andrewsii",0,1,0,1,0
"173","Geranium_maculatum","Plantae","Tracheophyta","Magnoliopsida","Geraniales","Geraniaceae","Geranium","Geranium maculatum","Geranium_maculatum",0,0,0,1,0
"174","Ginkgo_biloba","Plantae","Tracheophyta","Ginkgoopsida","Ginkgoales","Ginkgoaceae","Ginkgo","Ginkgo biloba","Ginkgo_biloba",1,1,0,0,0
"175","Glechoma_hederacea","Plantae","Tracheophyta","Magnoliopsida","Lamiales","Lamiaceae","Glechoma","Glechoma hederacea","Glechoma_hederacea",0,1,1,1,1
"176","Glyceria_grandis","Plantae","Tracheophyta","Liliopsida","Poales","Poaceae","Glyceria","Glyceria grandis","Glyceria_grandis",0,1,1,1,0
"177","Gnaphalium_uliginosum","Plantae","Tracheophyta","Magnoliopsida","Asterales","Asteraceae","Gnaphalium","Gnaphalium uliginosum","Gnaphalium_uliginosum",0,1,1,1,1
"178","Hackelia_deflexa","Plantae","Tracheophyta","Magnoliopsida","Boraginales","Boraginaceae","Hackelia","Hackelia deflexa","Hackelia_deflexa",0,0,0,1,1
"179","Hedeoma_hispida","Plantae","Tracheophyta","Magnoliopsida","Lamiales","Lamiaceae","Hedeoma","Hedeoma hispida","Hedeoma_hispida",0,0,0,1,0
"180","Helenium_autumnale","Plantae","Tracheophyta","Magnoliopsida","Asterales","Asteraceae","Helenium","Helenium autumnale","Helenium_autumnale",0,1,0,1,0
"181","Helianthus_giganteus","Plantae","Tracheophyta","Magnoliopsida","Asterales","Asteraceae","Helianthus","Helianthus giganteus","Helianthus_giganteus",0,0,0,1,1
"182","Helianthus_hirsutus","Plantae","Tracheophyta","Magnoliopsida","Asterales","Asteraceae","Helianthus","Helianthus hirsutus","Helianthus_hirsutus",0,1,0,1,0
"183","Helianthus_petiolaris","Plantae","Tracheophyta","Magnoliopsida","Asterales","Asteraceae","Helianthus","Helianthus petiolaris","Helianthus_petiolaris",0,0,0,1,0
"184","Heliopsis_helianthoides","Plantae","Tracheophyta","Magnoliopsida","Asterales","Asteraceae","Heliopsis","Heliopsis helianthoides","Heliopsis_helianthoides",1,1,1,1,0
"185","Heterotheca_villosa","Plantae","Tracheophyta","Magnoliopsida","Asterales","Asteraceae","Heterotheca","Heterotheca villosa","Heterotheca_villosa",0,1,0,1,1
"186","Heuchera_richardsonii","Plantae","Tracheophyta","Magnoliopsida","Saxifragales","Saxifragaceae","Heuchera","Heuchera richardsonii","Heuchera_richardsonii",0,1,0,1,0
"187","Hieracium_longipilum","Plantae","Tracheophyta","Magnoliopsida","Asterales","Asteraceae","Hieracium","Hieracium longipilum","Hieracium_longipilum",0,1,0,1,1
"188","Hieracium_umbellatum","Plantae","Tracheophyta","Magnoliopsida","Asterales","Asteraceae","Hieracium","Hieracium umbellatum","Hieracium_umbellatum",0,1,0,0,1
"189","Houstonia_longifolia","Plantae","Tracheophyta","Magnoliopsida","Gentianales","Rubiaceae","Houstonia","Houstonia longifolia","Houstonia_longifolia",0,1,0,1,1
"190","Hylodesmum_glutinosum","Plantae","Tracheophyta","Magnoliopsida","Fabales","Fabaceae","Hylodesmum","Hylodesmum glutinosum","Hylodesmum_glutinosum",0,1,0,1,0
"191","Hypericum_majus","Plantae","Tracheophyta","Magnoliopsida","Malpighiales","Hypericaceae","Hypericum","Hypericum majus","Hypericum_majus",0,0,0,1,0
"192","Hypoxis_hirsuta","Plantae","Tracheophyta","Liliopsida","Asparagales","Hypoxidaceae","Hypoxis","Hypoxis hirsuta","Hypoxis_hirsuta",0,1,0,1,0
"193","Ilex_verticillata","Plantae","Tracheophyta","Magnoliopsida","Aquifoliales","Aquifoliaceae","Ilex","Ilex verticillata","Ilex_verticillata",0,1,0,1,0
"194","Impatiens_capensis","Plantae","Tracheophyta","Magnoliopsida","Ericales","Balsaminaceae","Impatiens","Impatiens capensis","Impatiens_capensis",1,1,1,1,1
"195","Iris_versicolor","Plantae","Tracheophyta","Liliopsida","Asparagales","Iridaceae","Iris","Iris versicolor","Iris_versicolor",0,1,0,1,0
"196","Juncus_tenuis","Plantae","Tracheophyta","Liliopsida","Poales","Juncaceae","Juncus","Juncus tenuis","Juncus_tenuis",0,1,0,1,1
"197","Juniperus_communis","Plantae","Tracheophyta","Pinopsida","Pinales","Cupressaceae","Juniperus","Juniperus communis","Juniperus_communis",1,1,0,1,1
"198","Juniperus_virginiana","Plantae","Tracheophyta","Pinopsida","Pinales","Cupressaceae","Juniperus","Juniperus virginiana","Juniperus_virginiana",0,0,0,1,1
"199","Kali_turgidum","Plantae","Tracheophyta","Magnoliopsida","Caryophyllales","Amaranthaceae","Kali","Kali turgidum","Salsola_kali",0,1,1,1,1
"200","Kali_turgidum","Plantae","Tracheophyta","Magnoliopsida","Caryophyllales","Amaranthaceae","Kali","Kali turgidum","Kali_turgidum",0,1,1,1,1
"201","Krigia_biflora","Plantae","Tracheophyta","Magnoliopsida","Asterales","Asteraceae","Krigia","Krigia biflora","Krigia_biflora",0,1,0,1,0
"202","Lactuca_biennis","Plantae","Tracheophyta","Magnoliopsida","Asterales","Asteraceae","Lactuca","Lactuca biennis","Lactuca_biennis",0,1,0,1,0
"203","Lactuca_canadensis","Plantae","Tracheophyta","Magnoliopsida","Asterales","Asteraceae","Lactuca","Lactuca canadensis","Lactuca_canadensis",0,1,0,1,1
"204","Lactuca_serriola","Plantae","Tracheophyta","Magnoliopsida","Asterales","Asteraceae","Lactuca","Lactuca serriola","Lactuca_serriola",0,1,0,1,1
"205","Larix_laricina","Plantae","Tracheophyta","Pinopsida","Pinales","Pinaceae","Larix","Larix laricina","Larix_laricina",0,1,0,1,0
"206","Lathyrus_ochroleucus","Plantae","Tracheophyta","Magnoliopsida","Fabales","Fabaceae","Lathyrus","Lathyrus ochroleucus","Lathyrus_ochroleucus",0,1,0,1,0
"207","Lathyrus_venosus","Plantae","Tracheophyta","Magnoliopsida","Fabales","Fabaceae","Lathyrus","Lathyrus venosus","Lathyrus_venosus",0,0,0,1,1
"208","Lechea_stricta","Plantae","Tracheophyta","Magnoliopsida","Malvales","Cistaceae","Lechea","Lechea stricta","Lechea_stricta",0,0,0,1,0
"209","Leersia_oryzoides","Plantae","Tracheophyta","Liliopsida","Poales","Poaceae","Leersia","Leersia oryzoides","Leersia_oryzoides",1,1,1,1,1
"210","Lepidium_densiflorum","Plantae","Tracheophyta","Magnoliopsida","Brassicales","Brassicaceae","Lepidium","Lepidium densiflorum","Lepidium_densiflorum",0,1,0,1,1
"211","Lepidium_virginicum","Plantae","Tracheophyta","Magnoliopsida","Brassicales","Brassicaceae","Lepidium","Lepidium virginicum","Lepidium_virginicum",0,1,1,1,1
"212","Lespedeza_capitata","Plantae","Tracheophyta","Magnoliopsida","Fabales","Fabaceae","Lespedeza","Lespedeza capitata","Lespedeza_capitata",0,1,0,1,1
"213","Liatris_aspera","Plantae","Tracheophyta","Magnoliopsida","Asterales","Asteraceae","Liatris","Liatris aspera","Liatris_aspera",0,1,1,1,0
"214","Liatris_ligulistylis","Plantae","Tracheophyta","Magnoliopsida","Asterales","Asteraceae","Liatris","Liatris ligulistylis","Liatris_ligulistylis",0,1,0,1,0
"215","Liatris_pycnostachya","Plantae","Tracheophyta","Magnoliopsida","Asterales","Asteraceae","Liatris","Liatris pycnostachya","Liatris_pycnostachya",0,1,0,1,0
"216","Linaria_vulgaris","Plantae","Tracheophyta","Magnoliopsida","Lamiales","Plantaginaceae","Linaria","Linaria vulgaris","Linaria_vulgaris",0,1,1,1,0
"217","Lithospermum_canescens","Plantae","Tracheophyta","Magnoliopsida","Boraginales","Boraginaceae","Lithospermum","Lithospermum canescens","Lithospermum_canescens",0,0,0,1,1
"218","Lithospermum_carolinense","Plantae","Tracheophyta","Magnoliopsida","Boraginales","Boraginaceae","Lithospermum","Lithospermum carolinense","Lithospermum_carolinense",0,0,0,1,1
"219","Lithospermum_caroliniense","Plantae","Tracheophyta","Magnoliopsida","Boraginales","Boraginaceae","Lithospermum","Lithospermum caroliniense","Lithospermum_caroliniense",0,0,0,0,1
"220","Lobelia_siphilitica","Plantae","Tracheophyta","Magnoliopsida","Asterales","Campanulaceae","Lobelia","Lobelia siphilitica","Lobelia_siphilitica",0,1,0,1,0
"221","Lobelia_spicata","Plantae","Tracheophyta","Magnoliopsida","Asterales","Campanulaceae","Lobelia","Lobelia spicata","Lobelia_spicata",0,0,0,1,0
"222","Lolium_multiflorum","Plantae","Tracheophyta","Liliopsida","Poales","Poaceae","Lolium","Lolium multiflorum","Lolium_multiflorum",0,0,0,1,1
"223","Lonicera_dioica","Plantae","Tracheophyta","Magnoliopsida","Dipsacales","Caprifoliaceae","Lonicera","Lonicera dioica","Lonicera_dioica",0,1,0,1,0
"224","Lonicera_morrowii","Plantae","Tracheophyta","Magnoliopsida","Dipsacales","Caprifoliaceae","Lonicera","Lonicera morrowii","Lonicera_morrowii",0,1,0,1,0
"225","Lonicera_tatarica","Plantae","Tracheophyta","Magnoliopsida","Dipsacales","Caprifoliaceae","Lonicera","Lonicera tatarica","Lonicera_tatarica",0,0,0,1,1
"226","Ludwigia_polycarpa","Plantae","Tracheophyta","Magnoliopsida","Myrtales","Onagraceae","Ludwigia","Ludwigia polycarpa","Ludwigia_polycarpa",0,1,0,1,0
"227","Lupinus_perennis","Plantae","Tracheophyta","Magnoliopsida","Fabales","Fabaceae","Lupinus","Lupinus perennis","Lupinus_perennis",0,1,0,1,1
"228","Lycopus_americanus","Plantae","Tracheophyta","Magnoliopsida","Lamiales","Lamiaceae","Lycopus","Lycopus americanus","Lycopus_americanus",0,1,0,1,1
"229","Lycopus_uniflorus","Plantae","Tracheophyta","Magnoliopsida","Lamiales","Lamiaceae","Lycopus","Lycopus uniflorus","Lycopus_uniflorus",0,1,0,1,0
"230","Lysimachia_borealis","Plantae","Tracheophyta","Magnoliopsida","Ericales","Primulaceae","Lysimachia","Lysimachia borealis","Trientalis_borealis",0,1,1,0,0
"231","Lysimachia_ciliata","Plantae","Tracheophyta","Magnoliopsida","Ericales","Primulaceae","Lysimachia","Lysimachia ciliata","Lysimachia_ciliata",0,1,1,1,0
"232","Lysimachia_thyrsiflora","Plantae","Tracheophyta","Magnoliopsida","Ericales","Primulaceae","Lysimachia","Lysimachia thyrsiflora","Lysimachia_thyrsiflora",0,1,1,1,0
"233","Maianthemum_canadense","Plantae","Tracheophyta","Liliopsida","Asparagales","Asparagaceae","Maianthemum","Maianthemum canadense","Maianthemum_canadense",0,1,1,0,1
"234","Maianthemum_racemosum","Plantae","Tracheophyta","Liliopsida","Asparagales","Asparagaceae","Maianthemum","Maianthemum racemosum","Maianthemum_racemosum",1,1,1,1,1
"235","Maianthemum_stellatum","Plantae","Tracheophyta","Liliopsida","Asparagales","Asparagaceae","Maianthemum","Maianthemum stellatum","Maianthemum_stellatum",1,1,1,1,1
"236","Malus_domestica","Plantae","Tracheophyta","Magnoliopsida","Rosales","Rosaceae","Malus","Malus domestica","Malus_domestica",0,0,0,0,1
"237","Medicago_lupulina","Plantae","Tracheophyta","Magnoliopsida","Fabales","Fabaceae","Medicago","Medicago lupulina","Medicago_lupulina",0,1,0,1,1
"238","Medicago_sativa","Plantae","Tracheophyta","Magnoliopsida","Fabales","Fabaceae","Medicago","Medicago sativa","Medicago_sativa",0,1,0,1,0
"239","Melilotus_officinalis","Plantae","Tracheophyta","Magnoliopsida","Fabales","Fabaceae","Melilotus","Melilotus officinalis","Melilotus_officinalis",0,1,0,1,1
"240","Micranthes_pensylvanica","Plantae","Tracheophyta","Magnoliopsida","Saxifragales","Saxifragaceae","Micranthes","Micranthes pensylvanica","Micranthes_pensylvanica",0,0,0,1,1
"241","Mimulus_ringens","Plantae","Tracheophyta","Magnoliopsida","Lamiales","Phrymaceae","Mimulus","Mimulus ringens","Mimulus_ringens",0,1,0,1,1
"242","Mirabilis_albida","Plantae","Tracheophyta","Magnoliopsida","Caryophyllales","Nyctaginaceae","Mirabilis","Mirabilis albida","Mirabilis_albida",0,1,1,1,1
"243","Mirabilis_nyctaginea","Plantae","Tracheophyta","Magnoliopsida","Caryophyllales","Nyctaginaceae","Mirabilis","Mirabilis nyctaginea","Mirabilis_nyctaginea",0,1,1,1,0
"244","Moehringia_lateriflora","Plantae","Tracheophyta","Magnoliopsida","Caryophyllales","Caryophyllaceae","Moehringia","Moehringia lateriflora","Moehringia_lateriflora",0,0,0,1,1
"245","Mollugo_verticillata","Plantae","Tracheophyta","Magnoliopsida","Caryophyllales","Molluginaceae","Mollugo","Mollugo verticillata","Mollugo_verticillata",1,1,0,1,1
"246","Monarda_fistulosa","Plantae","Tracheophyta","Magnoliopsida","Lamiales","Lamiaceae","Monarda","Monarda fistulosa","Monarda_fistulosa",1,0,1,1,1
"247","Monarda_punctata","Plantae","Tracheophyta","Magnoliopsida","Lamiales","Lamiaceae","Monarda","Monarda punctata","Monarda_punctata",0,1,0,1,0
"248","Mosla_dianthera","Plantae","Tracheophyta","Magnoliopsida","Lamiales","Lamiaceae","Mosla","Mosla dianthera","Mosla_dianthera",0,1,0,0,1
"249","Muhlenbergia_racemosa","Plantae","Tracheophyta","Liliopsida","Poales","Poaceae","Muhlenbergia","Muhlenbergia racemosa","Muhlenbergia_racemosa",0,1,0,1,0
"250","Nabalus_albus","Plantae","Tracheophyta","Magnoliopsida","Asterales","Asteraceae","Nabalus","Nabalus albus","Nabalus_albus",0,1,0,1,0
"251","Nabalus_racemosus","Plantae","Tracheophyta","Magnoliopsida","Asterales","Asteraceae","Nabalus","Nabalus racemosus","Nabalus_racemosus",0,1,0,1,0
"252","Nepeta_cataria","Plantae","Tracheophyta","Magnoliopsida","Lamiales","Lamiaceae","Nepeta","Nepeta cataria","Nepeta_cataria",1,1,1,0,0
"253","Oenothera_biennis","Plantae","Tracheophyta","Magnoliopsida","Myrtales","Onagraceae","Oenothera","Oenothera biennis","Oenothera_biennis",0,1,0,1,1
"254","Oenothera_parviflora","Plantae","Tracheophyta","Magnoliopsida","Myrtales","Onagraceae","Oenothera","Oenothera parviflora","Oenothera_parviflora",0,1,0,1,0
"255","Oenothera_rhombipetala","Plantae","Tracheophyta","Magnoliopsida","Myrtales","Onagraceae","Oenothera","Oenothera rhombipetala","Oenothera_rhombipetala",0,0,0,0,1
"256","Oxalis_stricta","Plantae","Tracheophyta","Magnoliopsida","Oxalidales","Oxalidaceae","Oxalis","Oxalis stricta","Oxalis_stricta",1,1,0,0,1
"257","Packera_aurea","Plantae","Tracheophyta","Magnoliopsida","Asterales","Asteraceae","Packera","Packera aurea","Packera_aurea",0,1,0,1,1
"258","Packera_paupercula","Plantae","Tracheophyta","Magnoliopsida","Asterales","Asteraceae","Packera","Packera paupercula","Packera_paupercula",0,1,0,1,0
"259","Panicum_capillare","Plantae","Tracheophyta","Liliopsida","Poales","Poaceae","Panicum","Panicum capillare","Panicum_capillare",0,1,1,1,1
"260","Panicum_miliaceum","Plantae","Tracheophyta","Liliopsida","Poales","Poaceae","Panicum","Panicum miliaceum","Panicum_miliaceum",0,1,1,0,1
"261","Panicum_virgatum","Plantae","Tracheophyta","Liliopsida","Poales","Poaceae","Panicum","Panicum virgatum","Panicum_virgatum",0,0,1,1,1
"262","Parietaria_pensylvanica","Plantae","Tracheophyta","Magnoliopsida","Rosales","Urticaceae","Parietaria","Parietaria pensylvanica","Parietaria_pensylvanica",0,1,1,1,0
"263","Parthenocissus_inserta","Plantae","Tracheophyta","Magnoliopsida","Vitales","Vitaceae","Parthenocissus","Parthenocissus inserta","Parthenocissus_inserta",0,1,0,1,0
"264","Parthenocissus_quinquefolia","Plantae","Tracheophyta","Magnoliopsida","Vitales","Vitaceae","Parthenocissus","Parthenocissus quinquefolia","Parthenocissus_quinquefolia",0,1,0,1,1
"265","Paspalum_setaceum","Plantae","Tracheophyta","Liliopsida","Poales","Poaceae","Paspalum","Paspalum setaceum","Paspalum_setaceum",0,1,0,1,0
"266","Pedicularis_canadensis","Plantae","Tracheophyta","Magnoliopsida","Lamiales","Orobanchaceae","Pedicularis","Pedicularis canadensis","Pedicularis_canadensis",0,1,0,1,0
"267","Penstemon_digitalis","Plantae","Tracheophyta","Magnoliopsida","Lamiales","Plantaginaceae","Penstemon","Penstemon digitalis","Penstemon_digitalis",0,1,0,1,0
"268","Penstemon_gracilis","Plantae","Tracheophyta","Magnoliopsida","Lamiales","Plantaginaceae","Penstemon","Penstemon gracilis","Penstemon_gracilis",1,0,1,1,1
"269","Penstemon_grandiflorus","Plantae","Tracheophyta","Magnoliopsida","Lamiales","Plantaginaceae","Penstemon","Penstemon grandiflorus","Penstemon_grandiflorus",0,1,0,1,0
"270","Penthorum_sedoides","Plantae","Tracheophyta","Magnoliopsida","Saxifragales","Penthoraceae","Penthorum","Penthorum sedoides","Penthorum_sedoides",1,0,1,1,0
"271","Persicaria_amphibia","Plantae","Tracheophyta","Magnoliopsida","Caryophyllales","Polygonaceae","Persicaria","Persicaria amphibia","Polygonum_amphibium",0,1,0,1,1
"272","Persicaria_amphibia","Plantae","Tracheophyta","Magnoliopsida","Caryophyllales","Polygonaceae","Persicaria","Persicaria amphibia","Persicaria_amphibia",0,1,0,1,1
"273","Persicaria_hydropiper","Plantae","Tracheophyta","Magnoliopsida","Caryophyllales","Polygonaceae","Persicaria","Persicaria hydropiper","Persicaria_hydropiper",0,1,0,1,1
"274","Persicaria_lapathifolia","Plantae","Tracheophyta","Magnoliopsida","Caryophyllales","Polygonaceae","Persicaria","Persicaria lapathifolia","Persicaria_lapathifolia",0,1,0,1,0
"275","Persicaria_maculosa","Plantae","Tracheophyta","Magnoliopsida","Caryophyllales","Polygonaceae","Persicaria","Persicaria maculosa","Persicaria_maculosa",0,1,0,1,1
"276","Persicaria_pensylvanica","Plantae","Tracheophyta","Magnoliopsida","Caryophyllales","Polygonaceae","Persicaria","Persicaria pensylvanica","Persicaria_pensylvanica",0,1,0,1,1
"277","Persicaria_sagittata","Plantae","Tracheophyta","Magnoliopsida","Caryophyllales","Polygonaceae","Persicaria","Persicaria sagittata","Persicaria_sagittata",0,1,0,1,1
"278","Persicaria_thunbergii","Plantae","Tracheophyta","Magnoliopsida","Caryophyllales","Polygonaceae","Persicaria","Persicaria thunbergii","Polygonum_thunbergii",0,1,0,0,1
"279","Persicaria_thunbergii","Plantae","Tracheophyta","Magnoliopsida","Caryophyllales","Polygonaceae","Persicaria","Persicaria thunbergii","Persicaria_thunbergii",0,1,0,0,1
"280","Phalaris_arundinacea","Plantae","Tracheophyta","Liliopsida","Poales","Poaceae","Phalaris","Phalaris arundinacea","Phalaris_arundinacea",0,0,0,1,0
"281","Phleum_pratense","Plantae","Tracheophyta","Liliopsida","Poales","Poaceae","Phleum","Phleum pratense","Phleum_pratense",1,1,1,1,0
"282","Phlox_paniculata","Plantae","Tracheophyta","Magnoliopsida","Ericales","Polemoniaceae","Phlox","Phlox paniculata","Phlox_paniculata",0,1,0,1,0
"283","Phlox_pilosa","Plantae","Tracheophyta","Magnoliopsida","Ericales","Polemoniaceae","Phlox","Phlox pilosa","Phlox_pilosa",0,1,1,0,1
"284","Phryma_leptostachya","Plantae","Tracheophyta","Magnoliopsida","Lamiales","Phrymaceae","Phryma","Phryma leptostachya","Phryma_leptostachya",1,1,1,1,1
"285","Physalis_pubescens","Plantae","Tracheophyta","Magnoliopsida","Solanales","Solanaceae","Physalis","Physalis pubescens","Physalis_pubescens",0,1,0,1,1
"286","Physalis_virginiana","Plantae","Tracheophyta","Magnoliopsida","Solanales","Solanaceae","Physalis","Physalis virginiana","Physalis_virginiana",1,1,1,1,1
"287","Pilea_pumila","Plantae","Tracheophyta","Magnoliopsida","Rosales","Urticaceae","Pilea","Pilea pumila","Pilea_pumila",0,1,0,0,0
"288","Pilosella_aurantiaca","Plantae","Tracheophyta","Magnoliopsida","Asterales","Asteraceae","Pilosella","Pilosella aurantiaca","Pilosella_aurantiaca",0,1,0,1,0
"289","Pinus_banksiana","Plantae","Tracheophyta","Pinopsida","Pinales","Pinaceae","Pinus","Pinus banksiana","Pinus_banksiana",0,0,0,1,0
"290","Pinus_resinosa","Plantae","Tracheophyta","Pinopsida","Pinales","Pinaceae","Pinus","Pinus resinosa","Pinus_resinosa",0,0,0,1,0
"291","Pinus_strobus","Plantae","Tracheophyta","Pinopsida","Pinales","Pinaceae","Pinus","Pinus strobus","Pinus_strobus",0,1,0,1,1
"292","Plantago_lanceolata","Plantae","Tracheophyta","Magnoliopsida","Lamiales","Plantaginaceae","Plantago","Plantago lanceolata","Plantago_lanceolata",0,1,1,1,1
"293","Plantago_major","Plantae","Tracheophyta","Magnoliopsida","Lamiales","Plantaginaceae","Plantago","Plantago major","Plantago_major",0,0,0,0,1
"294","Platanthera_lacera","Plantae","Tracheophyta","Liliopsida","Asparagales","Orchidaceae","Platanthera","Platanthera lacera","Platanthera_lacera",0,0,0,1,0
"295","Poa_compressa","Plantae","Tracheophyta","Liliopsida","Poales","Poaceae","Poa","Poa compressa","Poa_compressa",0,0,0,1,0
"296","Poa_nemoralis","Plantae","Tracheophyta","Liliopsida","Poales","Poaceae","Poa","Poa nemoralis","Poa_nemoralis",0,1,0,0,0
"297","Poa_palustris","Plantae","Tracheophyta","Liliopsida","Poales","Poaceae","Poa","Poa palustris","Poa_palustris",0,1,0,1,0
"298","Poa_pratensis","Plantae","Tracheophyta","Liliopsida","Poales","Poaceae","Poa","Poa pratensis","Poa_pratensis",0,1,0,0,1
"299","Polygala_polygama","Plantae","Tracheophyta","Magnoliopsida","Fabales","Polygalaceae","Polygala","Polygala polygama","Polygala_polygama",0,1,0,0,1
"300","Polygala_sanguinea","Plantae","Tracheophyta","Magnoliopsida","Fabales","Polygalaceae","Polygala","Polygala sanguinea","Polygala_sanguinea",0,0,0,1,1
"301","Polygonatum_biflorum","Plantae","Tracheophyta","Liliopsida","Asparagales","Asparagaceae","Polygonatum","Polygonatum biflorum","Polygonatum_biflorum",0,1,0,1,0
"302","Polygonella_articulata","Plantae","Tracheophyta","Magnoliopsida","Caryophyllales","Polygonaceae","Polygonella","Polygonella articulata","Polygonella_articulata",0,0,0,0,1
"303","Polygonum_tenue","Plantae","Tracheophyta","Magnoliopsida","Caryophyllales","Polygonaceae","Polygonum","Polygonum tenue","Polygonum_tenue",0,1,0,1,0
"304","Populus_balsamifera","Plantae","Tracheophyta","Magnoliopsida","Malpighiales","Salicaceae","Populus","Populus balsamifera","Populus_balsamifera",0,1,0,1,1
"305","Populus_deltoides","Plantae","Tracheophyta","Magnoliopsida","Malpighiales","Salicaceae","Populus","Populus deltoides","Populus_deltoides",0,1,0,1,0
"306","Populus_grandidentata","Plantae","Tracheophyta","Magnoliopsida","Malpighiales","Salicaceae","Populus","Populus grandidentata","Populus_grandidentata",0,0,0,1,0
"307","Populus_tremuloides","Plantae","Tracheophyta","Magnoliopsida","Malpighiales","Salicaceae","Populus","Populus tremuloides","Populus_tremuloides",1,0,0,1,0
"308","Portulaca_oleracea","Plantae","Tracheophyta","Magnoliopsida","Caryophyllales","Portulacaceae","Portulaca","Portulaca oleracea","Portulaca_oleracea",1,1,0,1,1
"309","Potentilla_argentea","Plantae","Tracheophyta","Magnoliopsida","Rosales","Rosaceae","Potentilla","Potentilla argentea","Potentilla_argentea",0,1,0,1,1
"310","Potentilla_norvegica","Plantae","Tracheophyta","Magnoliopsida","Rosales","Rosaceae","Potentilla","Potentilla norvegica","Potentilla_norvegica",0,1,0,1,0
"311","Potentilla_recta","Plantae","Tracheophyta","Magnoliopsida","Rosales","Rosaceae","Potentilla","Potentilla recta","Potentilla_recta",0,1,0,1,0
"312","Potentilla_simplex","Plantae","Tracheophyta","Magnoliopsida","Rosales","Rosaceae","Potentilla","Potentilla simplex","Potentilla_simplex",0,1,0,1,0
"313","Prunella_vulgaris","Plantae","Tracheophyta","Magnoliopsida","Lamiales","Lamiaceae","Prunella","Prunella vulgaris","Prunella_vulgaris",0,1,0,0,0
"314","Prunus_americana","Plantae","Tracheophyta","Magnoliopsida","Rosales","Rosaceae","Prunus","Prunus americana","Prunus_americana",0,1,1,1,1
"315","Prunus_pensylvanica","Plantae","Tracheophyta","Magnoliopsida","Rosales","Rosaceae","Prunus","Prunus pensylvanica","Prunus_pensylvanica",0,1,0,1,0
"316","Prunus_pumila","Plantae","Tracheophyta","Magnoliopsida","Rosales","Rosaceae","Prunus","Prunus pumila","Prunus_pumila",0,1,0,1,0
"317","Prunus_serotina","Plantae","Tracheophyta","Magnoliopsida","Rosales","Rosaceae","Prunus","Prunus serotina","Prunus_serotina",0,1,1,1,1
"318","Prunus_virginiana","Plantae","Tracheophyta","Magnoliopsida","Rosales","Rosaceae","Prunus","Prunus virginiana","Prunus_virginiana",0,0,1,1,0
"319","Pycnanthemum_virginianum","Plantae","Tracheophyta","Magnoliopsida","Lamiales","Lamiaceae","Pycnanthemum","Pycnanthemum virginianum","Pycnanthemum_virginianum",0,1,0,1,0
"320","Pyrola_rotundifolia","Plantae","Tracheophyta","Magnoliopsida","Ericales","Ericaceae","Pyrola","Pyrola rotundifolia","Pyrola_rotundifolia",0,1,0,1,1
"321","Quercus_alba","Plantae","Tracheophyta","Magnoliopsida","Fagales","Fagaceae","Quercus","Quercus alba","Quercus_alba",0,1,0,1,1
"322","Quercus_ellipsoidalis","Plantae","Tracheophyta","Magnoliopsida","Fagales","Fagaceae","Quercus","Quercus ellipsoidalis","Quercus_ellipsoidalis",0,1,0,1,0
"323","Quercus_macrocarpa","Plantae","Tracheophyta","Magnoliopsida","Fagales","Fagaceae","Quercus","Quercus macrocarpa","Quercus_macrocarpa",0,1,0,1,0
"324","Quercus_petraea","Plantae","Tracheophyta","Magnoliopsida","Fagales","Fagaceae","Quercus","Quercus petraea","Quercus_petraea",0,0,0,1,0
"325","Ratibida_pinnata","Plantae","Tracheophyta","Magnoliopsida","Asterales","Asteraceae","Ratibida","Ratibida pinnata","Ratibida_pinnata",0,1,0,0,0
"326","Rhamnus_cathartica","Plantae","Tracheophyta","Magnoliopsida","Rosales","Rhamnaceae","Rhamnus","Rhamnus cathartica","Rhamnus_cathartica",1,1,0,1,1
"327","Rhamnus_cathartica","Plantae","Tracheophyta","Magnoliopsida","Rosales","Rhamnaceae","Rhamnus","Rhamnus cathartica","Rhamnus_catharticus",1,1,0,1,1
"328","Rhus_glabra","Plantae","Tracheophyta","Magnoliopsida","Sapindales","Anacardiaceae","Rhus","Rhus glabra","Rhus_glabra",0,1,1,1,0
"329","Rhus_typhina","Plantae","Tracheophyta","Magnoliopsida","Sapindales","Anacardiaceae","Rhus","Rhus typhina","Rhus_typhina",1,1,1,1,0
"330","Ribes_hirtellum","Plantae","Tracheophyta","Magnoliopsida","Saxifragales","Grossulariaceae","Ribes","Ribes hirtellum","Ribes_hirtellum",0,1,0,1,0
"331","Robinia_pseudoacacia","Plantae","Tracheophyta","Magnoliopsida","Fabales","Fabaceae","Robinia","Robinia pseudoacacia","Robinia_pseudoacacia",0,1,0,1,1
"332","Rosa_arkansana","Plantae","Tracheophyta","Magnoliopsida","Rosales","Rosaceae","Rosa","Rosa arkansana","Rosa_arkansana",0,1,0,1,1
"333","Rosa_blanda","Plantae","Tracheophyta","Magnoliopsida","Rosales","Rosaceae","Rosa","Rosa blanda","Rosa_blanda",0,1,0,1,0
"334","Rosa_carolina","Plantae","Tracheophyta","Magnoliopsida","Rosales","Rosaceae","Rosa","Rosa carolina","Rosa_carolina",0,1,0,1,0
"335","Rubus_allegheniensis","Plantae","Tracheophyta","Magnoliopsida","Rosales","Rosaceae","Rubus","Rubus allegheniensis","Rubus_allegheniensis",0,1,0,1,0
"336","Rubus_canadensis","Plantae","Tracheophyta","Magnoliopsida","Rosales","Rosaceae","Rubus","Rubus canadensis","Rubus_canadensis",0,1,0,0,0
"337","Rubus_flagellaris","Plantae","Tracheophyta","Magnoliopsida","Rosales","Rosaceae","Rubus","Rubus flagellaris","Rubus_flagellaris",0,1,0,1,0
"338","Rubus_idaeus","Plantae","Tracheophyta","Magnoliopsida","Rosales","Rosaceae","Rubus","Rubus idaeus","Rubus_idaeus",0,1,0,1,0
"339","Rubus_occidentalis","Plantae","Tracheophyta","Magnoliopsida","Rosales","Rosaceae","Rubus","Rubus occidentalis","Rubus_occidentalis",0,1,0,1,1
"340","Rubus_pubescens","Plantae","Tracheophyta","Magnoliopsida","Rosales","Rosaceae","Rubus","Rubus pubescens","Rubus_pubescens",0,1,0,1,0
"341","Rudbeckia_hirta","Plantae","Tracheophyta","Magnoliopsida","Asterales","Asteraceae","Rudbeckia","Rudbeckia hirta","Rudbeckia_hirta",1,1,1,0,1
"342","Rumex_acetosella","Plantae","Tracheophyta","Magnoliopsida","Caryophyllales","Polygonaceae","Rumex","Rumex acetosella","Rumex_acetosella",0,0,0,1,1
"343","Rumex_britannica","Plantae","Tracheophyta","Magnoliopsida","Caryophyllales","Polygonaceae","Rumex","Rumex britannica","Rumex_britannica",0,0,0,1,0
"344","Sagittaria_latifolia","Plantae","Tracheophyta","Liliopsida","Alismatales","Alismataceae","Sagittaria","Sagittaria latifolia","Sagittaria_latifolia",1,1,1,0,0
"345","Salix_bebbiana","Plantae","Tracheophyta","Magnoliopsida","Malpighiales","Salicaceae","Salix","Salix bebbiana","Salix_bebbiana",0,1,0,1,1
"346","Salix_discolor","Plantae","Tracheophyta","Magnoliopsida","Malpighiales","Salicaceae","Salix","Salix discolor","Salix_discolor",0,1,0,1,0
"347","Salix_humilis","Plantae","Tracheophyta","Magnoliopsida","Malpighiales","Salicaceae","Salix","Salix humilis","Salix_humilis",0,1,0,0,0
"348","Salix_interior","Plantae","Tracheophyta","Magnoliopsida","Malpighiales","Salicaceae","Salix","Salix interior","Salix_interior",0,1,0,1,0
"349","Salix_pedicellaris","Plantae","Tracheophyta","Magnoliopsida","Malpighiales","Salicaceae","Salix","Salix pedicellaris","Salix_pedicellaris",0,1,0,1,0
"350","Salix_petiolaris","Plantae","Tracheophyta","Magnoliopsida","Malpighiales","Salicaceae","Salix","Salix petiolaris","Salix_petiolaris",0,1,0,1,0
"351","Salix_pyrifolia","Plantae","Tracheophyta","Magnoliopsida","Malpighiales","Salicaceae","Salix","Salix pyrifolia","Salix_pyrifolia",0,1,0,1,0
"352","Salix_serissima","Plantae","Tracheophyta","Magnoliopsida","Malpighiales","Salicaceae","Salix","Salix serissima","Salix_serissima",0,1,0,1,0
"353","Schizachne_purpurascens","Plantae","Tracheophyta","Liliopsida","Poales","Poaceae","Schizachne","Schizachne purpurascens","Schizachne_purpurascens",0,1,0,1,0
"354","Schizachyrium_scoparium","Plantae","Tracheophyta","Liliopsida","Poales","Poaceae","Schizachyrium","Schizachyrium scoparium","Schizachyrium_scoparium",0,1,1,1,1
"355","Scirpus_cyperinus","Plantae","Tracheophyta","Liliopsida","Poales","Cyperaceae","Scirpus","Scirpus cyperinus","Scirpus_cyperinus",0,1,1,1,0
"356","Scleria_triglomerata","Plantae","Tracheophyta","Liliopsida","Poales","Cyperaceae","Scleria","Scleria triglomerata","Scleria_triglomerata",0,1,1,1,0
"357","Scutellaria_galericulata","Plantae","Tracheophyta","Magnoliopsida","Lamiales","Lamiaceae","Scutellaria","Scutellaria galericulata","Scutellaria_galericulata",0,0,0,1,1
"358","Scutellaria_lateriflora","Plantae","Tracheophyta","Magnoliopsida","Lamiales","Lamiaceae","Scutellaria","Scutellaria lateriflora","Scutellaria_lateriflora",0,1,0,1,0
"359","Scutellaria_parvula","Plantae","Tracheophyta","Magnoliopsida","Lamiales","Lamiaceae","Scutellaria","Scutellaria parvula","Scutellaria_parvula",0,0,0,1,0
"360","Secale_cereale","Plantae","Tracheophyta","Liliopsida","Poales","Poaceae","Secale","Secale cereale","Secale_cereale",0,1,0,1,1
"361","Seemannia_sylvatica","Plantae","Tracheophyta","Magnoliopsida","Lamiales","Gesneriaceae","Seemannia","Seemannia sylvatica","Gloxinia_sylvatica",0,0,1,0,1
"362","Seemannia_sylvatica","Plantae","Tracheophyta","Magnoliopsida","Lamiales","Gesneriaceae","Seemannia","Seemannia sylvatica","Seemannia_sylvatica",0,0,1,0,1
"363","Setaria_italica","Plantae","Tracheophyta","Liliopsida","Poales","Poaceae","Setaria","Setaria italica","Setaria_italica",0,1,0,1,1
"364","Setaria_viridis","Plantae","Tracheophyta","Liliopsida","Poales","Poaceae","Setaria","Setaria viridis","Setaria_viridis",0,1,0,1,1
"365","Silene_antirrhina","Plantae","Tracheophyta","Magnoliopsida","Caryophyllales","Caryophyllaceae","Silene","Silene antirrhina","Silene_antirrhina",1,1,1,1,0
"366","Sisymbrium_altissimum","Plantae","Tracheophyta","Magnoliopsida","Brassicales","Brassicaceae","Sisymbrium","Sisymbrium altissimum","Sisymbrium_altissimum",0,1,0,1,1
"367","Sisyrinchium_campestre","Plantae","Tracheophyta","Liliopsida","Asparagales","Iridaceae","Sisyrinchium","Sisyrinchium campestre","Sisyrinchium_campestre",0,0,0,1,0
"368","Smilax_herbacea","Plantae","Tracheophyta","Liliopsida","Liliales","Smilacaceae","Smilax","Smilax herbacea","Smilax_herbacea",0,1,1,1,1
"369","Solanum_americanum","Plantae","Tracheophyta","Magnoliopsida","Solanales","Solanaceae","Solanum","Solanum americanum","Solanum_americanum",0,1,0,1,1
"370","Solanum_carolinense","Plantae","Tracheophyta","Magnoliopsida","Solanales","Solanaceae","Solanum","Solanum carolinense","Solanum_carolinense",1,1,1,0,0
"371","Solanum_dulcamara","Plantae","Tracheophyta","Magnoliopsida","Solanales","Solanaceae","Solanum","Solanum dulcamara","Solanum_dulcamara",0,1,1,1,1
"372","Solanum_nigrum","Plantae","Tracheophyta","Magnoliopsida","Solanales","Solanaceae","Solanum","Solanum nigrum","Solanum_nigrum",0,1,0,1,1
"373","Solidago_altissima","Plantae","Tracheophyta","Magnoliopsida","Asterales","Asteraceae","Solidago","Solidago altissima","Solidago_altissima",0,0,0,1,0
"374","Solidago_canadensis","Plantae","Tracheophyta","Magnoliopsida","Asterales","Asteraceae","Solidago","Solidago canadensis","Solidago_canadensis",0,1,0,1,0
"375","Solidago_gigantea","Plantae","Tracheophyta","Magnoliopsida","Asterales","Asteraceae","Solidago","Solidago gigantea","Solidago_gigantea",0,0,0,1,1
"376","Solidago_juncea","Plantae","Tracheophyta","Magnoliopsida","Asterales","Asteraceae","Solidago","Solidago juncea","Solidago_juncea",0,1,0,1,0
"377","Solidago_missouriensis","Plantae","Tracheophyta","Magnoliopsida","Asterales","Asteraceae","Solidago","Solidago missouriensis","Solidago_missouriensis",1,0,1,1,1
"378","Solidago_nemoralis","Plantae","Tracheophyta","Magnoliopsida","Asterales","Asteraceae","Solidago","Solidago nemoralis","Solidago_nemoralis",0,1,0,1,0
"379","Solidago_ptarmicoides","Plantae","Tracheophyta","Magnoliopsida","Asterales","Asteraceae","Solidago","Solidago ptarmicoides","Solidago_ptarmicoides",0,1,0,1,0
"380","Solidago_rigida","Plantae","Tracheophyta","Magnoliopsida","Asterales","Asteraceae","Solidago","Solidago rigida","Solidago_rigida",0,1,0,1,0
"381","Solidago_speciosa","Plantae","Tracheophyta","Magnoliopsida","Asterales","Asteraceae","Solidago","Solidago speciosa","Solidago_speciosa",0,1,0,1,0
"382","Sonchus_arvensis","Plantae","Tracheophyta","Magnoliopsida","Asterales","Asteraceae","Sonchus","Sonchus arvensis","Sonchus_arvensis",0,1,0,1,0
"383","Sorghastrum_nutans","Plantae","Tracheophyta","Liliopsida","Poales","Poaceae","Sorghastrum","Sorghastrum nutans","Sorghastrum_nutans",0,1,1,1,0
"384","Spiraea_alba","Plantae","Tracheophyta","Magnoliopsida","Rosales","Rosaceae","Spiraea","Spiraea alba","Spiraea_alba",0,1,0,1,1
"385","Spiraea_alba","Plantae","Tracheophyta","Magnoliopsida","Rosales","Rosaceae","Spiraea","Spiraea alba","Spiraea_latifolia",0,1,0,1,1
"386","Spiraea_tomentosa","Plantae","Tracheophyta","Magnoliopsida","Rosales","Rosaceae","Spiraea","Spiraea tomentosa","Spiraea_tomentosa",0,1,1,1,0
"387","Sporobolus_cryptandrus","Plantae","Tracheophyta","Liliopsida","Poales","Poaceae","Sporobolus","Sporobolus cryptandrus","Sporobolus_cryptandrus",0,0,0,1,1
"388","Sporobolus_heterolepis","Plantae","Tracheophyta","Liliopsida","Poales","Poaceae","Sporobolus","Sporobolus heterolepis","Sporobolus_heterolepis",0,1,0,1,0
"389","Sporobolus_michauxianus","Plantae","Tracheophyta","Liliopsida","Poales","Poaceae","Sporobolus","Sporobolus michauxianus","Spartina_pectinata",0,0,1,1,1
"390","Sporobolus_michauxianus","Plantae","Tracheophyta","Liliopsida","Poales","Poaceae","Sporobolus","Sporobolus michauxianus","Sporobolus_michauxianus",0,0,1,1,1
"391","Sporobolus_rigidus","Plantae","Tracheophyta","Liliopsida","Poales","Poaceae","Sporobolus","Sporobolus rigidus","Sporobolus_rigidus",0,0,0,1,0
"392","Stachys_palustris","Plantae","Tracheophyta","Magnoliopsida","Lamiales","Lamiaceae","Stachys","Stachys palustris","Stachys_palustris",0,1,0,1,1
"393","Stachys_tenuifolia","Plantae","Tracheophyta","Magnoliopsida","Lamiales","Lamiaceae","Stachys","Stachys tenuifolia","Stachys_tenuifolia",0,1,0,1,1
"394","Stellaria_longifolia","Plantae","Tracheophyta","Magnoliopsida","Caryophyllales","Caryophyllaceae","Stellaria","Stellaria longifolia","Stellaria_longifolia",0,1,0,1,1
"395","Stellaria_media","Plantae","Tracheophyta","Magnoliopsida","Caryophyllales","Caryophyllaceae","Stellaria","Stellaria media","Stellaria_media",1,1,0,1,1
"396","Stipa_comata","Plantae","Tracheophyta","Liliopsida","Poales","Poaceae","Stipa","Stipa comata","Hesperostipa_comata",0,1,0,1,1
"397","Stipa_spartea","Plantae","Tracheophyta","Liliopsida","Poales","Poaceae","Stipa","Stipa spartea","Hesperostipa_spartea",0,1,0,1,0
"398","Streptopus_lanceolatus","Plantae","Tracheophyta","Liliopsida","Liliales","Liliaceae","Streptopus","Streptopus lanceolatus","Streptopus_lanceolatus",0,1,1,1,0
"399","Strophostyles_leiosperma","Plantae","Tracheophyta","Magnoliopsida","Fabales","Fabaceae","Strophostyles","Strophostyles leiosperma","Strophostyles_leiosperma",0,0,0,1,0
"400","Symphoricarpos_occidentalis","Plantae","Tracheophyta","Magnoliopsida","Dipsacales","Caprifoliaceae","Symphoricarpos","Symphoricarpos occidentalis","Symphoricarpos_occidentalis",1,1,1,1,1
"401","Symphyotrichum_boreale","Plantae","Tracheophyta","Magnoliopsida","Asterales","Asteraceae","Symphyotrichum","Symphyotrichum boreale","Symphyotrichum_boreale",0,1,0,1,0
"402","Symphyotrichum_ericoides","Plantae","Tracheophyta","Magnoliopsida","Asterales","Asteraceae","Symphyotrichum","Symphyotrichum ericoides","Symphyotrichum_ericoides",0,1,0,1,0
"403","Symphyotrichum_lanceolatum","Plantae","Tracheophyta","Magnoliopsida","Asterales","Asteraceae","Symphyotrichum","Symphyotrichum lanceolatum","Symphyotrichum_lanceolatum",0,1,0,1,1
"404","Symphyotrichum_novae-angliae","Plantae","Tracheophyta","Magnoliopsida","Asterales","Asteraceae","Symphyotrichum","Symphyotrichum novae-angliae","Symphyotrichum_novae-angliae",0,1,0,1,0
"405","Symphyotrichum_oolentangiense","Plantae","Tracheophyta","Magnoliopsida","Asterales","Asteraceae","Symphyotrichum","Symphyotrichum oolentangiense","Symphyotrichum_oolentangiense",0,1,0,1,0
"406","Symphyotrichum_puniceum","Plantae","Tracheophyta","Magnoliopsida","Asterales","Asteraceae","Symphyotrichum","Symphyotrichum puniceum","Symphyotrichum_puniceum",0,1,0,1,0
"407","Thalictrum_dasycarpum","Plantae","Tracheophyta","Magnoliopsida","Ranunculales","Ranunculaceae","Thalictrum","Thalictrum dasycarpum","Thalictrum_dasycarpum",0,1,1,1,1
"408","Thalictrum_dioicum","Plantae","Tracheophyta","Magnoliopsida","Ranunculales","Ranunculaceae","Thalictrum","Thalictrum dioicum","Thalictrum_dioicum",0,1,1,1,1
"409","Toxicodendron_radicans","Plantae","Tracheophyta","Magnoliopsida","Sapindales","Anacardiaceae","Toxicodendron","Toxicodendron radicans","Toxicodendron_radicans",0,1,0,1,0
"410","Trachypogon_spicatus","Plantae","Tracheophyta","Liliopsida","Poales","Poaceae","Trachypogon","Trachypogon spicatus","Trachypogon_spicatus",0,0,1,0,0
"411","Tradescantia_bracteata","Plantae","Tracheophyta","Liliopsida","Commelinales","Commelinaceae","Tradescantia","Tradescantia bracteata","Tradescantia_bracteata",0,1,0,1,0
"412","Tradescantia_occidentalis","Plantae","Tracheophyta","Liliopsida","Commelinales","Commelinaceae","Tradescantia","Tradescantia occidentalis","Tradescantia_occidentalis",0,1,0,1,0
"413","Triadenum_fraseri","Plantae","Tracheophyta","Magnoliopsida","Malpighiales","Hypericaceae","Triadenum","Triadenum fraseri","Triadenum_fraseri",0,0,0,1,0
"414","Trifolium_arvense","Plantae","Tracheophyta","Magnoliopsida","Fabales","Fabaceae","Trifolium","Trifolium arvense","Trifolium_arvense",0,1,0,1,1
"415","Trifolium_hybridum","Plantae","Tracheophyta","Magnoliopsida","Fabales","Fabaceae","Trifolium","Trifolium hybridum","Trifolium_hybridum",0,1,0,1,1
"416","Trifolium_pratense","Plantae","Tracheophyta","Magnoliopsida","Fabales","Fabaceae","Trifolium","Trifolium pratense","Trifolium_pratense",0,1,0,1,1
"417","Trifolium_repens","Plantae","Tracheophyta","Magnoliopsida","Fabales","Fabaceae","Trifolium","Trifolium repens","Trifolium_repens",0,1,0,1,1
"418","Turritis_glabra","Plantae","Tracheophyta","Magnoliopsida","Brassicales","Brassicaceae","Turritis","Turritis glabra","Turritis_glabra",0,1,1,1,1
"419","Typha_angustifolia","Plantae","Tracheophyta","Liliopsida","Poales","Typhaceae","Typha","Typha angustifolia","Typha_angustifolia",1,1,1,0,1
"420","Typha_latifolia","Plantae","Tracheophyta","Liliopsida","Poales","Typhaceae","Typha","Typha latifolia","Typha_latifolia",1,1,0,1,1
"421","Ulmus_americana","Plantae","Tracheophyta","Magnoliopsida","Rosales","Ulmaceae","Ulmus","Ulmus americana","Ulmus_americana",0,1,1,1,1
"422","Ulmus_pumila","Plantae","Tracheophyta","Magnoliopsida","Rosales","Ulmaceae","Ulmus","Ulmus pumila","Ulmus_pumila",0,1,1,0,1
"423","Urtica_dioica","Plantae","Tracheophyta","Magnoliopsida","Rosales","Urticaceae","Urtica","Urtica dioica","Urtica_dioica",1,1,0,1,0
"424","Uvularia_sessilifolia","Plantae","Tracheophyta","Liliopsida","Liliales","Colchicaceae","Uvularia","Uvularia sessilifolia","Uvularia_sessilifolia",1,1,0,1,0
"425","Vaccinium_angustifolium","Plantae","Tracheophyta","Magnoliopsida","Ericales","Ericaceae","Vaccinium","Vaccinium angustifolium","Vaccinium_angustifolium",0,1,0,1,0
"426","Vaccinium_myrtilloides","Plantae","Tracheophyta","Magnoliopsida","Ericales","Ericaceae","Vaccinium","Vaccinium myrtilloides","Vaccinium_myrtilloides",0,1,0,1,0
"427","Verbascum_thapsus","Plantae","Tracheophyta","Magnoliopsida","Lamiales","Scrophulariaceae","Verbascum","Verbascum thapsus","Verbascum_thapsus",1,1,1,1,1
"428","Verbena_bracteata","Plantae","Tracheophyta","Magnoliopsida","Lamiales","Verbenaceae","Verbena","Verbena bracteata","Verbena_bracteata",1,0,0,1,1
"429","Verbena_hastata","Plantae","Tracheophyta","Magnoliopsida","Lamiales","Verbenaceae","Verbena","Verbena hastata","Verbena_hastata",1,1,1,1,0
"430","Verbena_stricta","Plantae","Tracheophyta","Magnoliopsida","Lamiales","Verbenaceae","Verbena","Verbena stricta","Verbena_stricta",0,1,0,1,0
"431","Vernonia_fasciculata","Plantae","Tracheophyta","Magnoliopsida","Asterales","Asteraceae","Vernonia","Vernonia fasciculata","Vernonia_fasciculata",0,0,0,1,1
"432","Veronicastrum_virginicum","Plantae","Tracheophyta","Magnoliopsida","Lamiales","Plantaginaceae","Veronicastrum","Veronicastrum virginicum","Veronicastrum_virginicum",0,0,0,1,1
"433","Viburnum_lentago","Plantae","Tracheophyta","Magnoliopsida","Dipsacales","Viburnaceae","Viburnum","Viburnum lentago","Viburnum_lentago",0,1,1,1,0
"434","Vicia_sativa","Plantae","Tracheophyta","Magnoliopsida","Fabales","Fabaceae","Vicia","Vicia sativa","Vicia_sativa",0,1,0,1,0
"435","Vicia_villosa","Plantae","Tracheophyta","Magnoliopsida","Fabales","Fabaceae","Vicia","Vicia villosa","Vicia_villosa",0,1,0,1,1
"436","Viola_macloskeyi","Plantae","Tracheophyta","Magnoliopsida","Malpighiales","Violaceae","Viola","Viola macloskeyi","Viola_pallens",0,1,0,1,1
"437","Viola_macloskeyi","Plantae","Tracheophyta","Magnoliopsida","Malpighiales","Violaceae","Viola","Viola macloskeyi","Viola_macloskeyi",0,1,0,1,1
"438","Viola_palustris","Plantae","Tracheophyta","Magnoliopsida","Malpighiales","Violaceae","Viola","Viola palustris","Viola_palustris",0,1,0,1,1
"439","Viola_pedata","Plantae","Tracheophyta","Magnoliopsida","Malpighiales","Violaceae","Viola","Viola pedata","Viola_pedata",0,1,0,1,1
"440","Viola_pedatifida","Plantae","Tracheophyta","Magnoliopsida","Malpighiales","Violaceae","Viola","Viola pedatifida","Viola_pedatifida",0,1,0,1,0
"441","Viola_sagittata","Plantae","Tracheophyta","Magnoliopsida","Malpighiales","Violaceae","Viola","Viola sagittata","Viola_sagittata",0,0,0,0,1
"442","Viola_selkirkii","Plantae","Tracheophyta","Magnoliopsida","Malpighiales","Violaceae","Viola","Viola selkirkii","Viola_selkirkii",0,0,0,1,1
"443","Vitis_vulpina","Plantae","Tracheophyta","Magnoliopsida","Vitales","Vitaceae","Vitis","Vitis vulpina","Vitis_vulpina",0,1,0,0,1
"444","Zanthoxylum_americanum","Plantae","Tracheophyta","Magnoliopsida","Sapindales","Rutaceae","Zanthoxylum","Zanthoxylum americanum","Zanthoxylum_americanum",0,1,0,1,1
"445","Zizia_aptera","Plantae","Tracheophyta","Magnoliopsida","Apiales","Apiaceae","Zizia","Zizia aptera","Zizia_aptera",0,1,0,1,0
"446","Zizia_aurea","Plantae","Tracheophyta","Magnoliopsida","Apiales","Apiaceae","Zizia","Zizia aurea","Zizia_aurea",1,0,1,1,0
